{"type":"FeatureCollection","metadata":{"version":"0.5","source":{"name":"OpenStreetMap contributors","url":"https://www.openstreetmap.org/copyright","license":"Open Database License (ODbL) 1.0","acquired":"2026-08-23","referenceEra":"modern_reference"},"bounds":[118.285,24.44,118.37,24.5],"scale":"local Guningtou visitor context","simplificationToleranceDegrees":0.000025,"note":"Scale-filtered modern cartographic context; not a reconstruction of 1949 land use or buildings."},"features":[{"type":"Feature","properties":{"id":"osm-way-1098763049","layer":"land-cover","category":"agriculture","name":null,"referenceEra":"modern_reference","source":"OpenStreetMap contributors","license":"ODbL-1.0","sourceAreaDegrees":0.000108792},"geometry":{"type":"Polygon","coordinates":[[[118.292756,24.477697],[118.292236,24.476442],[118.29222,24.476149],[118.292783,24.476257],[118.293282,24.475744],[118.292659,24.474489],[118.292381,24.473596],[118.292488,24.473376],[118.291678,24.472453],[118.292541,24.471809],[118.292209,24.471574],[118.292365,24.471262],[118.2923,24.470998],[118.292944,24.470779],[118.293094,24.471311],[118.293641,24.471052],[118.294183,24.471096],[118.296425,24.472097],[118.298174,24.472468],[118.300331,24.472736],[118.302766,24.472785],[118.30393,24.472946],[118.304681,24.473327],[118.306119,24.47423],[118.307675,24.474841],[118.307862,24.475788],[118.306682,24.477487],[118.305561,24.478678],[118.305164,24.478327],[118.304767,24.478839],[118.305239,24.479245],[118.304896,24.47966],[118.301092,24.482643],[118.30039,24.481896],[118.299832,24.48089],[118.299247,24.480568],[118.29811,24.480294],[118.297235,24.480216],[118.295926,24.479899],[118.294746,24.478527],[118.294408,24.478703],[118.2934,24.478122],[118.292756,24.477697]]]}},{"type":"Feature","properties":{"id":"osm-way-1098794384","layer":"land-cover","category":"agriculture","name":null,"referenceEra":"modern_reference","source":"OpenStreetMap contributors","license":"ODbL-1.0","sourceAreaDegrees":0.000063674},"geometry":{"type":"Polygon","coordinates":[[[118.36218,24.454059],[118.37,24.455649],[118.37,24.453762],[118.36781,24.45196],[118.366662,24.45089],[118.365165,24.44964],[118.3631,24.448058],[118.362665,24.44796],[118.362193,24.447648],[118.361447,24.44776],[118.36112,24.448161],[118.35891,24.449005],[118.35744,24.449435],[118.357065,24.448947],[118.356582,24.449367],[118.355573,24.449357],[118.355531,24.449787],[118.356035,24.451369],[118.355863,24.451779],[118.356357,24.452941],[118.356679,24.453044],[118.36218,24.454059]]]}},{"type":"Feature","properties":{"id":"osm-way-1098763048","layer":"land-cover","category":"agriculture","name":null,"referenceEra":"modern_reference","source":"OpenStreetMap contributors","license":"ODbL-1.0","sourceAreaDegrees":0.00003629},"geometry":{"type":"Polygon","coordinates":[[[118.301092,24.482643],[118.302273,24.484078],[118.30378,24.485064],[118.304086,24.485142],[118.304622,24.484981],[118.305073,24.485411],[118.304858,24.485718],[118.304912,24.485943],[118.305481,24.486441],[118.306312,24.486802],[118.30695,24.486831],[118.307363,24.486782],[118.308206,24.486192],[118.30879,24.486358],[118.309413,24.486787],[118.310298,24.486822],[118.311054,24.487368],[118.311312,24.48604],[118.311526,24.485743],[118.311365,24.485528],[118.310019,24.484376],[118.308377,24.482887],[118.306811,24.482267],[118.306371,24.481969],[118.30584,24.4813],[118.305067,24.479801],[118.304896,24.47966],[118.301092,24.482643]]]}},{"type":"Feature","properties":{"id":"osm-way-1098763047","layer":"land-cover","category":"agriculture","name":null,"referenceEra":"modern_reference","source":"OpenStreetMap contributors","license":"ODbL-1.0","sourceAreaDegrees":0.000033773},"geometry":{"type":"Polygon","coordinates":[[[118.31136,24.487661],[118.312948,24.488745],[118.313345,24.488935],[118.314187,24.488413],[118.315303,24.487637],[118.316145,24.487261],[118.316799,24.486812],[118.317422,24.48667],[118.317642,24.486416],[118.316333,24.485591],[118.316,24.485108],[118.315383,24.484639],[118.315571,24.484156],[118.316255,24.484014],[118.316885,24.482511],[118.315904,24.481603],[118.314621,24.480524],[118.314047,24.480336],[118.31394,24.480563],[118.31328,24.481466],[118.313972,24.482091],[118.313463,24.482545],[118.312814,24.481993],[118.312095,24.482433],[118.310748,24.483751],[118.310265,24.484356],[118.311789,24.48564],[118.311773,24.485865],[118.31151,24.486084],[118.31136,24.487661]]]}},{"type":"Feature","properties":{"id":"osm-way-1098794386","layer":"land-cover","category":"agriculture","name":null,"referenceEra":"modern_reference","source":"OpenStreetMap contributors","license":"ODbL-1.0","sourceAreaDegrees":0.00002648},"geometry":{"type":"Polygon","coordinates":[[[118.358497,24.458645],[118.36222,24.45844],[118.363963,24.458181],[118.362472,24.455817],[118.361287,24.454103],[118.356711,24.453244],[118.356212,24.453454],[118.356877,24.454743],[118.356957,24.454992],[118.356319,24.455422],[118.357279,24.456726],[118.358497,24.458645]]]}},{"type":"Feature","properties":{"id":"osm-way-1098818647","layer":"land-cover","category":"agriculture","name":null,"referenceEra":"modern_reference","source":"OpenStreetMap contributors","license":"ODbL-1.0","sourceAreaDegrees":0.00002338},"geometry":{"type":"Polygon","coordinates":[[[118.330001,24.461926],[118.330779,24.462326],[118.331654,24.462346],[118.335033,24.461804],[118.33602,24.46032],[118.335768,24.460124],[118.335956,24.459665],[118.335886,24.459504],[118.336106,24.459143],[118.333252,24.457375],[118.332447,24.458503],[118.332034,24.458308],[118.331707,24.458723],[118.33153,24.458611],[118.330506,24.458537],[118.330243,24.458943],[118.329685,24.459094],[118.329164,24.460324],[118.328907,24.460642],[118.329712,24.461658],[118.330001,24.461926]]]}},{"type":"Feature","properties":{"id":"osm-way-1098763043","layer":"land-cover","category":"agriculture","name":null,"referenceEra":"modern_reference","source":"OpenStreetMap contributors","license":"ODbL-1.0","sourceAreaDegrees":0.000022918},"geometry":{"type":"Polygon","coordinates":[[[118.321525,24.478414],[118.322636,24.477624],[118.322893,24.477878],[118.324647,24.475597],[118.323371,24.47426],[118.319857,24.470842],[118.318114,24.473205],[118.320866,24.475905],[118.319836,24.477199],[118.32049,24.477882],[118.320678,24.477819],[118.321525,24.478414]]]}},{"type":"Feature","properties":{"id":"osm-way-1098763035","layer":"land-cover","category":"agriculture","name":null,"referenceEra":"modern_reference","source":"OpenStreetMap contributors","license":"ODbL-1.0","sourceAreaDegrees":0.00002223},"geometry":{"type":"Polygon","coordinates":[[[118.331391,24.464485],[118.332152,24.463611],[118.3327,24.463601],[118.33322,24.463171],[118.332887,24.462741],[118.333746,24.462541],[118.333617,24.462209],[118.334148,24.462097],[118.336975,24.465657],[118.338364,24.467346],[118.338198,24.467473],[118.338767,24.468093],[118.338337,24.468459],[118.338252,24.468791],[118.338026,24.468918],[118.337621,24.468418],[118.337342,24.468596],[118.337219,24.468449],[118.336897,24.468684],[118.33683,24.469196],[118.336557,24.469358],[118.336473,24.469311],[118.335864,24.468469],[118.335392,24.468103],[118.334958,24.467566],[118.334459,24.467126],[118.3341,24.466975],[118.332978,24.465954],[118.331391,24.464485]]]}},{"type":"Feature","properties":{"id":"osm-way-1098794389","layer":"land-cover","category":"agriculture","name":null,"referenceEra":"modern_reference","source":"OpenStreetMap contributors","license":"ODbL-1.0","sourceAreaDegrees":0.000021149},"geometry":{"type":"Polygon","coordinates":[[[118.349927,24.45998],[118.350526,24.459455],[118.350826,24.459404],[118.357108,24.459104],[118.357708,24.461702],[118.355855,24.462092],[118.355552,24.462434],[118.355595,24.462612],[118.355155,24.462756],[118.354549,24.463034],[118.353583,24.462995],[118.353138,24.462475],[118.352328,24.462634],[118.349927,24.45998]]]}},{"type":"Feature","properties":{"id":"osm-way-1098817156","layer":"land-cover","category":"agriculture","name":null,"referenceEra":"modern_reference","source":"OpenStreetMap contributors","license":"ODbL-1.0","sourceAreaDegrees":0.000021051},"geometry":{"type":"Polygon","coordinates":[[[118.315732,24.4736],[118.316199,24.473688],[118.316901,24.473937],[118.317282,24.473898],[118.322427,24.467175],[118.321949,24.46675],[118.32123,24.46719],[118.321064,24.467448],[118.319144,24.468816],[118.318768,24.468654],[118.317207,24.468586],[118.316971,24.46864],[118.316917,24.468879],[118.31644,24.468625],[118.316204,24.468811],[118.316006,24.469255],[118.316161,24.469709],[118.315995,24.469865],[118.315732,24.469753],[118.315469,24.47195],[118.315485,24.473215],[118.315732,24.4736]]]}},{"type":"Feature","properties":{"id":"osm-way-1098798654","layer":"land-cover","category":"agriculture","name":null,"referenceEra":"modern_reference","source":"OpenStreetMap contributors","license":"ODbL-1.0","sourceAreaDegrees":0.000020427},"geometry":{"type":"Polygon","coordinates":[[[118.34802,24.447067],[118.347656,24.446764],[118.347897,24.446046],[118.347924,24.445563],[118.347575,24.445089],[118.347446,24.444718],[118.348825,24.444068],[118.349292,24.4442],[118.349018,24.444512],[118.349581,24.445308],[118.349592,24.445709],[118.350016,24.4467],[118.350847,24.447037],[118.351201,24.447433],[118.351459,24.447931],[118.351974,24.448297],[118.353299,24.448463],[118.353379,24.448034],[118.353599,24.448034],[118.35332,24.44921],[118.352875,24.449958],[118.351936,24.449997],[118.351974,24.45068],[118.351459,24.450827],[118.350729,24.450685],[118.350483,24.45049],[118.350177,24.450558],[118.350161,24.450885],[118.348557,24.450607],[118.3486,24.450187],[118.348063,24.449782],[118.347843,24.448976],[118.348288,24.448507],[118.348256,24.448029],[118.347956,24.44798],[118.348058,24.447682],[118.348433,24.447555],[118.348428,24.447272],[118.34802,24.447067]]]}},{"type":"Feature","properties":{"id":"osm-way-1098763039","layer":"land-cover","category":"agriculture","name":null,"referenceEra":"modern_reference","source":"OpenStreetMap contributors","license":"ODbL-1.0","sourceAreaDegrees":0.000019678},"geometry":{"type":"Polygon","coordinates":[[[118.325171,24.469465],[118.325007,24.469333],[118.325045,24.469255],[118.326369,24.46841],[118.32534,24.467571],[118.325635,24.467234],[118.326514,24.46718],[118.327287,24.466897],[118.32778,24.466423],[118.328124,24.466628],[118.330854,24.469113],[118.330672,24.469284],[118.330388,24.470256],[118.329508,24.471643],[118.329052,24.472272],[118.328531,24.472585],[118.327357,24.471418],[118.325171,24.469465]]]}},{"type":"Feature","properties":{"id":"osm-way-1098763033","layer":"land-cover","category":"agriculture","name":null,"referenceEra":"modern_reference","source":"OpenStreetMap contributors","license":"ODbL-1.0","sourceAreaDegrees":0.000019352},"geometry":{"type":"Polygon","coordinates":[[[118.340918,24.461003],[118.342527,24.460827],[118.343906,24.461765],[118.344689,24.462366],[118.345268,24.462034],[118.345392,24.460896],[118.345982,24.461433],[118.346255,24.461374],[118.346513,24.46116],[118.345714,24.460183],[118.346529,24.459997],[118.346904,24.460324],[118.347983,24.461052],[118.350493,24.463137],[118.350193,24.463308],[118.349903,24.463025],[118.348825,24.463772],[118.347967,24.46324],[118.346502,24.464182],[118.346003,24.464065],[118.344995,24.46406],[118.344598,24.464162],[118.343825,24.463288],[118.343493,24.463493],[118.343064,24.463132],[118.342828,24.463271],[118.342211,24.463017],[118.340993,24.461413],[118.340918,24.461003]]]}},{"type":"Feature","properties":{"id":"osm-way-1098794387","layer":"land-cover","category":"agriculture","name":null,"referenceEra":"modern_reference","source":"OpenStreetMap contributors","license":"ODbL-1.0","sourceAreaDegrees":0.000017285},"geometry":{"type":"Polygon","coordinates":[[[118.355117,24.458948],[118.358272,24.458835],[118.357521,24.457546],[118.356459,24.456066],[118.355547,24.456403],[118.355273,24.456213],[118.354914,24.45674],[118.354431,24.457063],[118.353379,24.455559],[118.352827,24.454484],[118.352607,24.454445],[118.352349,24.454074],[118.351891,24.454377],[118.351765,24.45405],[118.351314,24.454328],[118.350086,24.4553],[118.350214,24.456115],[118.350928,24.456501],[118.352022,24.45696],[118.353047,24.45802],[118.35331,24.458215],[118.353835,24.458254],[118.354484,24.458108],[118.355117,24.458948]]]}},{"type":"Feature","properties":{"id":"osm-way-1098794385","layer":"land-cover","category":"agriculture","name":null,"referenceEra":"modern_reference","source":"OpenStreetMap contributors","license":"ODbL-1.0","sourceAreaDegrees":0.000014687},"geometry":{"type":"Polygon","coordinates":[[[118.364494,24.457795],[118.364875,24.457966],[118.365669,24.457907],[118.366592,24.457507],[118.367896,24.456867],[118.369752,24.455813],[118.362279,24.454304],[118.361871,24.454753],[118.363057,24.456433],[118.363416,24.456477],[118.364162,24.457644],[118.364494,24.457795]]]}},{"type":"Feature","properties":{"id":"osm-way-1098794388","layer":"land-cover","category":"agriculture","name":null,"referenceEra":"modern_reference","source":"OpenStreetMap contributors","license":"ODbL-1.0","sourceAreaDegrees":0.000014333},"geometry":{"type":"Polygon","coordinates":[[[118.357955,24.4623],[118.358121,24.462261],[118.358513,24.462947],[118.359269,24.462795],[118.359543,24.46258],[118.359168,24.4624],[118.359141,24.46219],[118.361104,24.461418],[118.36267,24.461018],[118.36215,24.458904],[118.357199,24.459074],[118.357955,24.4623]]]}},{"type":"Feature","properties":{"id":"osm-way-1098763040","layer":"land-cover","category":"agriculture","name":null,"referenceEra":"modern_reference","source":"OpenStreetMap contributors","license":"ODbL-1.0","sourceAreaDegrees":0.000014308},"geometry":{"type":"Polygon","coordinates":[[[118.322268,24.470932],[118.32498,24.473561],[118.325077,24.4736],[118.326037,24.472834],[118.327255,24.471491],[118.325474,24.46988],[118.324776,24.469382],[118.324819,24.469201],[118.32616,24.468425],[118.325061,24.467488],[118.323977,24.468625],[118.322268,24.470932]]]}},{"type":"Feature","properties":{"id":"osm-way-1098794383","layer":"land-cover","category":"agriculture","name":null,"referenceEra":"modern_reference","source":"OpenStreetMap contributors","license":"ODbL-1.0","sourceAreaDegrees":0.000014307},"geometry":{"type":"Polygon","coordinates":[[[118.36657,24.45047],[118.36693,24.450749],[118.367311,24.450251],[118.367579,24.450329],[118.367584,24.450558],[118.368014,24.450627],[118.368024,24.450441],[118.368829,24.450441],[118.368824,24.450695],[118.369344,24.450778],[118.369537,24.450729],[118.369526,24.450446],[118.367965,24.449499],[118.368137,24.449162],[118.367965,24.449132],[118.368169,24.448283],[118.368716,24.44839],[118.36929,24.44837],[118.369344,24.448009],[118.369199,24.447692],[118.36862,24.447071],[118.367616,24.446593],[118.36759,24.446378],[118.367273,24.446354],[118.367107,24.446774],[118.366538,24.446754],[118.366726,24.446344],[118.365825,24.446266],[118.365653,24.44671],[118.364613,24.446617],[118.364661,24.446285],[118.364242,24.446549],[118.364033,24.447023],[118.36414,24.447467],[118.364478,24.447999],[118.365621,24.448917],[118.365315,24.449464],[118.36657,24.45047]]]}},{"type":"Feature","properties":{"id":"osm-way-1098763034","layer":"land-cover","category":"agriculture","name":null,"referenceEra":"modern_reference","source":"OpenStreetMap contributors","license":"ODbL-1.0","sourceAreaDegrees":0.00001419},"geometry":{"type":"Polygon","coordinates":[[[118.338767,24.467634],[118.339123,24.467409],[118.339418,24.467754],[118.340741,24.467429],[118.341041,24.46718],[118.34102,24.467097],[118.340355,24.46677],[118.340076,24.466936],[118.339936,24.466687],[118.340505,24.465832],[118.341106,24.465203],[118.341867,24.465823],[118.342334,24.465593],[118.342318,24.464734],[118.342227,24.464504],[118.340446,24.462268],[118.340387,24.462854],[118.339657,24.462991],[118.339899,24.463723],[118.339073,24.464856],[118.338305,24.465412],[118.337705,24.464582],[118.337383,24.464748],[118.336836,24.464289],[118.336412,24.463694],[118.336084,24.463879],[118.335596,24.463303],[118.335172,24.463186],[118.338767,24.467634]]]}},{"type":"Feature","properties":{"id":"osm-way-1098818644","layer":"land-cover","category":"agriculture","name":null,"referenceEra":"modern_reference","source":"OpenStreetMap contributors","license":"ODbL-1.0","sourceAreaDegrees":0.000013216},"geometry":{"type":"Polygon","coordinates":[[[118.320823,24.456252],[118.32247,24.454956],[118.323333,24.45549],[118.325066,24.45633],[118.325704,24.457146],[118.326466,24.457815],[118.325602,24.458523],[118.324444,24.459182],[118.32343,24.459333],[118.321407,24.457092],[118.320823,24.456252]]]}},{"type":"Feature","properties":{"id":"osm-way-1098763044","layer":"land-cover","category":"agriculture","name":null,"referenceEra":"modern_reference","source":"OpenStreetMap contributors","license":"ODbL-1.0","sourceAreaDegrees":0.000013087},"geometry":{"type":"Polygon","coordinates":[[[118.317663,24.480812],[118.318462,24.481305],[118.31872,24.48107],[118.318301,24.480641],[118.319133,24.480055],[118.319117,24.47984],[118.320528,24.4784],[118.320297,24.478078],[118.32042,24.477978],[118.319128,24.47673],[118.31814,24.477638],[118.318049,24.477536],[118.316762,24.478668],[118.316478,24.478082],[118.316172,24.477946],[118.315791,24.478331],[118.314745,24.477404],[118.314026,24.477912],[118.314992,24.478898],[118.316934,24.48067],[118.317518,24.480685],[118.317663,24.480812]]]}},{"type":"Feature","properties":{"id":"osm-way-1098817155","layer":"land-cover","category":"agriculture","name":null,"referenceEra":"modern_reference","source":"OpenStreetMap contributors","license":"ODbL-1.0","sourceAreaDegrees":0.000011183},"geometry":{"type":"Polygon","coordinates":[[[118.312954,24.47477],[118.313762,24.474859],[118.313946,24.473049],[118.315228,24.473176],[118.31519,24.472614],[118.315608,24.468528],[118.313645,24.468318],[118.312994,24.473011],[118.313439,24.473052],[118.313372,24.473429],[118.312941,24.473392],[118.312816,24.474315],[118.312949,24.474328],[118.312954,24.47477]]]}},{"type":"Feature","properties":{"id":"osm-way-1098818642","layer":"land-cover","category":"agriculture","name":null,"referenceEra":"modern_reference","source":"OpenStreetMap contributors","license":"ODbL-1.0","sourceAreaDegrees":0.000010725},"geometry":{"type":"Polygon","coordinates":[[[118.321681,24.454221],[118.322711,24.453425],[118.322663,24.452634],[118.322271,24.451808],[118.321794,24.451608],[118.321413,24.451608],[118.320785,24.45068],[118.318521,24.448253],[118.31828,24.448424],[118.318017,24.449376],[118.318114,24.449826],[118.318688,24.450519],[118.318393,24.450754],[118.321681,24.454221]]]}},{"type":"Feature","properties":{"id":"osm-way-1098798652","layer":"land-cover","category":"agriculture","name":null,"referenceEra":"modern_reference","source":"OpenStreetMap contributors","license":"ODbL-1.0","sourceAreaDegrees":0.000010421},"geometry":{"type":"Polygon","coordinates":[[[118.34493,24.451164],[118.347784,24.451652],[118.347994,24.452126],[118.349276,24.452389],[118.349324,24.45194],[118.349737,24.452038],[118.349774,24.452355],[118.350048,24.452453],[118.350043,24.452546],[118.349748,24.452624],[118.349946,24.452941],[118.34993,24.453268],[118.350568,24.453972],[118.350831,24.454392],[118.350531,24.454724],[118.350595,24.454897],[118.350086,24.4553],[118.349528,24.455564],[118.349265,24.455261],[118.348884,24.455549],[118.34912,24.455886],[118.348766,24.456096],[118.348305,24.45572],[118.348557,24.455188],[118.348358,24.454709],[118.348085,24.45426],[118.347999,24.453972],[118.347393,24.45319],[118.34721,24.452394],[118.345054,24.451979],[118.344829,24.45154],[118.344829,24.451256],[118.34493,24.451164]]]}},{"type":"Feature","properties":{"id":"osm-way-1098817152","layer":"land-cover","category":"agriculture","name":null,"referenceEra":"modern_reference","source":"OpenStreetMap contributors","license":"ODbL-1.0","sourceAreaDegrees":0.00001002},"geometry":{"type":"Polygon","coordinates":[[[118.319232,24.4631],[118.320745,24.464206],[118.320903,24.463916],[118.321303,24.464138],[118.321295,24.464638],[118.321528,24.464829],[118.322317,24.464607],[118.322513,24.464504],[118.323094,24.463149],[118.323025,24.463037],[118.323127,24.462895],[118.320935,24.459973],[118.320179,24.461355],[118.319232,24.4631]]]}},{"type":"Feature","properties":{"id":"osm-way-1098817149","layer":"land-cover","category":"agriculture","name":null,"referenceEra":"modern_reference","source":"OpenStreetMap contributors","license":"ODbL-1.0","sourceAreaDegrees":0.000010005},"geometry":{"type":"Polygon","coordinates":[[[118.309364,24.460427],[118.309751,24.460178],[118.310577,24.459748],[118.311145,24.459553],[118.31173,24.460998],[118.311993,24.461409],[118.312406,24.462224],[118.31239,24.462976],[118.311784,24.463659],[118.31165,24.463904],[118.311837,24.464123],[118.311601,24.464421],[118.311113,24.464148],[118.310292,24.463259],[118.309858,24.463113],[118.309477,24.462302],[118.309461,24.462009],[118.308613,24.460925],[118.309364,24.460427]]]}},{"type":"Feature","properties":{"id":"osm-way-1098817153","layer":"land-cover","category":"agriculture","name":null,"referenceEra":"modern_reference","source":"OpenStreetMap contributors","license":"ODbL-1.0","sourceAreaDegrees":0.000009683},"geometry":{"type":"Polygon","coordinates":[[[118.319138,24.46301],[118.320849,24.459919],[118.320812,24.459846],[118.320517,24.459734],[118.320007,24.459387],[118.319519,24.458811],[118.319348,24.458464],[118.31917,24.457917],[118.317245,24.460749],[118.31695,24.461487],[118.319138,24.46301]]]}},{"type":"Feature","properties":{"id":"osm-way-1098818643","layer":"land-cover","category":"agriculture","name":null,"referenceEra":"modern_reference","source":"OpenStreetMap contributors","license":"ODbL-1.0","sourceAreaDegrees":0.000008894},"geometry":{"type":"Polygon","coordinates":[[[118.320791,24.456164],[118.32225,24.455036],[118.31813,24.45068],[118.317304,24.450719],[118.31696,24.451442],[118.317915,24.452585],[118.317583,24.453161],[118.317121,24.453762],[118.318076,24.453913],[118.3185,24.454172],[118.319771,24.453171],[118.320909,24.454631],[118.320453,24.454953],[118.320839,24.455471],[118.320597,24.455866],[118.320791,24.456164]]]}},{"type":"Feature","properties":{"id":"osm-way-1098763046","layer":"land-cover","category":"agriculture","name":null,"referenceEra":"modern_reference","source":"OpenStreetMap contributors","license":"ODbL-1.0","sourceAreaDegrees":0.000007962},"geometry":{"type":"Polygon","coordinates":[[[118.316386,24.484112],[118.31754,24.485264],[118.318344,24.484551],[118.318666,24.484962],[118.319868,24.484581],[118.32012,24.484258],[118.31997,24.483624],[118.319712,24.483282],[118.320217,24.482779],[118.318892,24.482145],[118.318022,24.482638],[118.317272,24.481939],[118.317132,24.482267],[118.316992,24.482843],[118.316386,24.484112]]]}},{"type":"Feature","properties":{"id":"osm-way-1098763041","layer":"land-cover","category":"agriculture","name":null,"referenceEra":"modern_reference","source":"OpenStreetMap contributors","license":"ODbL-1.0","sourceAreaDegrees":0.000007259},"geometry":{"type":"Polygon","coordinates":[[[118.320874,24.469568],[118.322193,24.470859],[118.323958,24.468518],[118.32487,24.467571],[118.324589,24.467417],[118.324479,24.467236],[118.324087,24.466933],[118.323835,24.467251],[118.323427,24.466987],[118.323513,24.46686],[118.322974,24.466687],[118.322765,24.467139],[118.321692,24.468488],[118.320874,24.469568]]]}},{"type":"Feature","properties":{"id":"osm-way-1098763042","layer":"land-cover","category":"agriculture","name":null,"referenceEra":"modern_reference","source":"OpenStreetMap contributors","license":"ODbL-1.0","sourceAreaDegrees":0.000007204},"geometry":{"type":"Polygon","coordinates":[[[118.323975,24.474893],[118.324084,24.474719],[118.323714,24.473933],[118.324251,24.473068],[118.320817,24.469685],[118.319964,24.470744],[118.320308,24.471091],[118.320265,24.471149],[118.323317,24.474128],[118.323371,24.47426],[118.323975,24.474893]]]}},{"type":"Feature","properties":{"id":"osm-way-1098817151","layer":"land-cover","category":"agriculture","name":null,"referenceEra":"modern_reference","source":"OpenStreetMap contributors","license":"ODbL-1.0","sourceAreaDegrees":0.000007194},"geometry":{"type":"Polygon","coordinates":[[[118.314321,24.458923],[118.317196,24.460515],[118.31901,24.457893],[118.318452,24.457404],[118.317878,24.457209],[118.317465,24.456955],[118.316601,24.456989],[118.315984,24.456945],[118.315673,24.457653],[118.316612,24.458147],[118.316392,24.458523],[118.316649,24.458684],[118.316166,24.459592],[118.314466,24.458723],[118.314321,24.458923]]]}},{"type":"Feature","properties":{"id":"osm-way-1098763038","layer":"land-cover","category":"agriculture","name":null,"referenceEra":"modern_reference","source":"OpenStreetMap contributors","license":"ODbL-1.0","sourceAreaDegrees":0.000007176},"geometry":{"type":"Polygon","coordinates":[[[118.325136,24.473669],[118.325383,24.473806],[118.326005,24.473967],[118.324744,24.475632],[118.325399,24.476154],[118.326348,24.474938],[118.326783,24.475392],[118.327566,24.474802],[118.328059,24.474225],[118.32763,24.473771],[118.327748,24.473498],[118.3277,24.4732],[118.328188,24.472775],[118.328392,24.472683],[118.327818,24.472077],[118.327593,24.472233],[118.327314,24.472019],[118.32704,24.472224],[118.326757,24.47204],[118.326037,24.472834],[118.325077,24.4736],[118.325136,24.473669]]]}},{"type":"Feature","properties":{"id":"osm-way-1098798653","layer":"land-cover","category":"agriculture","name":null,"referenceEra":"modern_reference","source":"OpenStreetMap contributors","license":"ODbL-1.0","sourceAreaDegrees":0.000006831},"geometry":{"type":"Polygon","coordinates":[[[118.33926,24.452863],[118.339534,24.452902],[118.339663,24.452507],[118.340215,24.452604],[118.340344,24.452131],[118.342591,24.452536],[118.34352,24.450846],[118.33984,24.450212],[118.33926,24.452863]]]}},{"type":"Feature","properties":{"id":"osm-way-1098817148","layer":"land-cover","category":"agriculture","name":null,"referenceEra":"modern_reference","source":"OpenStreetMap contributors","license":"ODbL-1.0","sourceAreaDegrees":0.000006438},"geometry":{"type":"Polygon","coordinates":[[[118.311988,24.46428],[118.312063,24.46406],[118.312604,24.463718],[118.312551,24.463532],[118.31284,24.463044],[118.313339,24.463196],[118.313661,24.462536],[118.313913,24.46258],[118.314203,24.46217],[118.314536,24.46218],[118.314627,24.462483],[118.315254,24.462756],[118.315083,24.463342],[118.314589,24.463186],[118.314182,24.464675],[118.314804,24.465188],[118.314648,24.465481],[118.314219,24.465339],[118.314385,24.465832],[118.314176,24.466374],[118.312728,24.465574],[118.313103,24.464988],[118.311988,24.46428]]]}},{"type":"Feature","properties":{"id":"osm-way-1098763037","layer":"land-cover","category":"agriculture","name":null,"referenceEra":"modern_reference","source":"OpenStreetMap contributors","license":"ODbL-1.0","sourceAreaDegrees":0.000005874},"geometry":{"type":"Polygon","coordinates":[[[118.328354,24.466672],[118.330618,24.464592],[118.330978,24.465622],[118.331128,24.466418],[118.331042,24.466506],[118.330618,24.466282],[118.330226,24.466428],[118.330388,24.467107],[118.330886,24.467878],[118.331294,24.468034],[118.331777,24.468518],[118.331455,24.468835],[118.330978,24.469045],[118.328354,24.466672]]]}},{"type":"Feature","properties":{"id":"osm-way-1098818646","layer":"land-cover","category":"agriculture","name":null,"referenceEra":"modern_reference","source":"OpenStreetMap contributors","license":"ODbL-1.0","sourceAreaDegrees":0.000005705},"geometry":{"type":"Polygon","coordinates":[[[118.333316,24.457285],[118.334422,24.457988],[118.335041,24.457053],[118.335382,24.457268],[118.335787,24.45684],[118.336208,24.456508],[118.336776,24.456264],[118.33572,24.454082],[118.334647,24.455515],[118.333316,24.457285]]]}},{"type":"Feature","properties":{"id":"osm-way-1098763036","layer":"land-cover","category":"agriculture","name":null,"referenceEra":"modern_reference","source":"OpenStreetMap contributors","license":"ODbL-1.0","sourceAreaDegrees":0.000005261},"geometry":{"type":"Polygon","coordinates":[[[118.330707,24.464524],[118.330959,24.464282],[118.331216,24.464658],[118.333992,24.467024],[118.333096,24.467942],[118.333322,24.468196],[118.332957,24.468645],[118.332426,24.468103],[118.331906,24.467292],[118.33145,24.466706],[118.330908,24.464973],[118.330707,24.464524]]]}},{"type":"Feature","properties":{"id":"osm-way-1098817150","layer":"land-cover","category":"agriculture","name":null,"referenceEra":"modern_reference","source":"OpenStreetMap contributors","license":"ODbL-1.0","sourceAreaDegrees":0.000004521},"geometry":{"type":"Polygon","coordinates":[[[118.304284,24.462746],[118.305207,24.461985],[118.305722,24.462326],[118.306033,24.462658],[118.306709,24.462239],[118.307379,24.462912],[118.30776,24.462361],[118.30753,24.462019],[118.307878,24.461838],[118.308409,24.462483],[118.308023,24.463059],[118.307825,24.463459],[118.307079,24.463493],[118.305749,24.464153],[118.305599,24.46363],[118.305035,24.463396],[118.304504,24.463005],[118.304284,24.462746]]]}},{"type":"Feature","properties":{"id":"osm-way-1098794390","layer":"land-cover","category":"agriculture","name":null,"referenceEra":"modern_reference","source":"OpenStreetMap contributors","license":"ODbL-1.0","sourceAreaDegrees":0.00000428},"geometry":{"type":"Polygon","coordinates":[[[118.351223,24.463738],[118.351883,24.464001],[118.351373,24.463327],[118.350928,24.462419],[118.351614,24.462102],[118.349721,24.459963],[118.349571,24.460154],[118.349345,24.460022],[118.349174,24.460422],[118.349388,24.460891],[118.349243,24.461672],[118.349946,24.462439],[118.351223,24.463738]]]}},{"type":"Feature","properties":{"id":"osm-way-1098817154","layer":"land-cover","category":"agriculture","name":null,"referenceEra":"modern_reference","source":"OpenStreetMap contributors","license":"ODbL-1.0","sourceAreaDegrees":0.00000409},"geometry":{"type":"Polygon","coordinates":[[[118.316343,24.462112],[118.319675,24.46447],[118.3202,24.464934],[118.320544,24.465134],[118.320855,24.46511],[118.321434,24.464905],[118.320131,24.463865],[118.316885,24.461589],[118.316343,24.462112]]]}},{"type":"Feature","properties":{"id":"osm-way-1098763045","layer":"land-cover","category":"agriculture","name":null,"referenceEra":"modern_reference","source":"OpenStreetMap contributors","license":"ODbL-1.0","sourceAreaDegrees":0.000003672},"geometry":{"type":"Polygon","coordinates":[[[118.316917,24.482271],[118.317116,24.481827],[118.316317,24.481124],[118.316633,24.4809],[118.313726,24.478219],[118.313296,24.478527],[118.314015,24.479435],[118.314444,24.480099],[118.315319,24.480904],[118.316917,24.482271]]]}},{"type":"Feature","properties":{"id":"osm-way-1098817146","layer":"land-cover","category":"agriculture","name":null,"referenceEra":"modern_reference","source":"OpenStreetMap contributors","license":"ODbL-1.0","sourceAreaDegrees":0.000003492},"geometry":{"type":"Polygon","coordinates":[[[118.311301,24.459514],[118.312224,24.459763],[118.313291,24.459992],[118.313232,24.460129],[118.314396,24.460266],[118.314584,24.459856],[118.313886,24.45946],[118.314004,24.458962],[118.313559,24.458777],[118.313608,24.458474],[118.313152,24.458352],[118.313194,24.458049],[118.312701,24.457942],[118.31261,24.458152],[118.312127,24.458068],[118.312025,24.457898],[118.31151,24.457937],[118.311735,24.45823],[118.312277,24.458313],[118.31232,24.458537],[118.312562,24.458762],[118.312889,24.458982],[118.312792,24.459333],[118.311902,24.459157],[118.311338,24.459123],[118.311301,24.459514]]]}},{"type":"Feature","properties":{"id":"osm-way-1098818645","layer":"land-cover","category":"agriculture","name":null,"referenceEra":"modern_reference","source":"OpenStreetMap contributors","license":"ODbL-1.0","sourceAreaDegrees":0.00000276},"geometry":{"type":"Polygon","coordinates":[[[118.334894,24.458269],[118.335339,24.457766],[118.335704,24.457214],[118.336079,24.456792],[118.337372,24.457566],[118.337334,24.457759],[118.336908,24.458152],[118.336497,24.457961],[118.336216,24.458347],[118.336658,24.458699],[118.336374,24.459177],[118.334894,24.458269]]]}},{"type":"Feature","properties":{"id":"osm-way-1098798651","layer":"land-cover","category":"agriculture","name":null,"referenceEra":"modern_reference","source":"OpenStreetMap contributors","license":"ODbL-1.0","sourceAreaDegrees":0.000002656},"geometry":{"type":"Polygon","coordinates":[[[118.368877,24.459841],[118.369532,24.459831],[118.37,24.459749],[118.37,24.457266],[118.368952,24.45778],[118.369,24.458342],[118.368764,24.458772],[118.36833,24.459006],[118.368437,24.459187],[118.368646,24.459104],[118.368995,24.459641],[118.368877,24.459841]]]}},{"type":"Feature","properties":{"id":"osm-way-1098817147","layer":"land-cover","category":"agriculture","name":null,"referenceEra":"modern_reference","source":"OpenStreetMap contributors","license":"ODbL-1.0","sourceAreaDegrees":0.000001773},"geometry":{"type":"Polygon","coordinates":[[[118.309681,24.459934],[118.311124,24.459382],[118.31107,24.459109],[118.310888,24.45885],[118.310427,24.458933],[118.309874,24.458835],[118.309241,24.458323],[118.308699,24.458718],[118.309075,24.459182],[118.309295,24.459114],[118.309638,24.459587],[118.309504,24.459695],[118.309681,24.459934]]]}},{"type":"Feature","properties":{"id":"osm-way-1178586653","layer":"land-cover","category":"agriculture","name":null,"referenceEra":"modern_reference","source":"OpenStreetMap contributors","license":"ODbL-1.0","sourceAreaDegrees":2.71e-7},"geometry":{"type":"Polygon","coordinates":[[[118.314712,24.467254],[118.314802,24.467001],[118.315066,24.467054],[118.315069,24.466949],[118.314332,24.466718],[118.314254,24.466923],[118.314166,24.46693],[118.314057,24.467097],[118.314233,24.467126],[118.314712,24.467254]]]}},{"type":"Feature","properties":{"id":"osm-way-1178586650","layer":"land-cover","category":"agriculture","name":null,"referenceEra":"modern_reference","source":"OpenStreetMap contributors","license":"ODbL-1.0","sourceAreaDegrees":1.98e-7},"geometry":{"type":"Polygon","coordinates":[[[118.315691,24.468034],[118.31566,24.468334],[118.315187,24.468309],[118.315093,24.468094],[118.315148,24.467889],[118.315691,24.468034]]]}},{"type":"Feature","properties":{"id":"osm-way-1178586649","layer":"land-cover","category":"agriculture","name":null,"referenceEra":"modern_reference","source":"OpenStreetMap contributors","license":"ODbL-1.0","sourceAreaDegrees":1.55e-7},"geometry":{"type":"Polygon","coordinates":[[[118.315148,24.467889],[118.315691,24.468034],[118.31575,24.467603],[118.315541,24.467663],[118.315371,24.467649],[118.315148,24.467889]]]}},{"type":"Feature","properties":{"id":"osm-way-1178586647","layer":"land-cover","category":"agriculture","name":null,"referenceEra":"modern_reference","source":"OpenStreetMap contributors","license":"ODbL-1.0","sourceAreaDegrees":1.53e-7},"geometry":{"type":"Polygon","coordinates":[[[118.315891,24.467847],[118.316246,24.467903],[118.316374,24.467539],[118.316236,24.4675],[118.315931,24.467495],[118.315891,24.467847]]]}},{"type":"Feature","properties":{"id":"osm-way-1178586652","layer":"land-cover","category":"agriculture","name":null,"referenceEra":"modern_reference","source":"OpenStreetMap contributors","license":"ODbL-1.0","sourceAreaDegrees":1.27e-7},"geometry":{"type":"Polygon","coordinates":[[[118.315769,24.46743],[118.315791,24.467111],[118.315666,24.467063],[118.315615,24.466971],[118.315451,24.466956],[118.315394,24.467183],[118.315515,24.467206],[118.315492,24.467394],[118.315769,24.46743]]]}},{"type":"Feature","properties":{"id":"osm-way-1178586651","layer":"land-cover","category":"agriculture","name":null,"referenceEra":"modern_reference","source":"OpenStreetMap contributors","license":"ODbL-1.0","sourceAreaDegrees":7e-8},"geometry":{"type":"Polygon","coordinates":[[[118.315093,24.468094],[118.314716,24.468007],[118.314735,24.467934],[118.31498,24.467844],[118.315148,24.467889],[118.315093,24.468094]]]}},{"type":"Feature","properties":{"id":"osm-way-915115785","layer":"vegetation","category":"forest","name":"中山紀念林","referenceEra":"modern_reference","source":"OpenStreetMap contributors","license":"ODbL-1.0","sourceAreaDegrees":0.000070048},"geometry":{"type":"Polygon","coordinates":[[[118.362516,24.44],[118.361257,24.441515],[118.362759,24.442648],[118.364733,24.441867],[118.364905,24.443137],[118.36484,24.444348],[118.364604,24.445715],[118.360871,24.445363],[118.357202,24.44509],[118.355914,24.444817],[118.354562,24.444465],[118.354219,24.443586],[118.352953,24.443254],[118.353382,24.442668],[118.351665,24.442375],[118.34997,24.443254],[118.349305,24.443],[118.348833,24.442394],[118.348189,24.442062],[118.347546,24.441847],[118.347073,24.441085],[118.345808,24.440538],[118.344456,24.440206],[118.342267,24.440636],[118.341559,24.440538],[118.341452,24.440304],[118.341786,24.44],[118.362516,24.44]]]}},{"type":"Feature","properties":{"id":"osm-way-1006294067","layer":"vegetation","category":"forest","name":null,"referenceEra":"modern_reference","source":"OpenStreetMap contributors","license":"ODbL-1.0","sourceAreaDegrees":0.000007562},"geometry":{"type":"Polygon","coordinates":[[[118.318417,24.481324],[118.318709,24.481527],[118.319028,24.481368],[118.319334,24.481505],[118.320461,24.482191],[118.320662,24.482252],[118.32082,24.482352],[118.320866,24.482318],[118.32097,24.482001],[118.321295,24.481612],[118.321694,24.481312],[118.321603,24.481061],[118.321657,24.480741],[118.321643,24.480433],[118.321493,24.479674],[118.321305,24.479218],[118.32163,24.478761],[118.32148,24.478607],[118.32093,24.479005],[118.3203,24.478517],[118.319672,24.479254],[118.319482,24.479267],[118.319023,24.479869],[118.319152,24.47996],[118.318934,24.480223],[118.318741,24.481012],[118.318417,24.481324]]]}},{"type":"Feature","properties":{"id":"osm-way-1006294065","layer":"vegetation","category":"forest","name":null,"referenceEra":"modern_reference","source":"OpenStreetMap contributors","license":"ODbL-1.0","sourceAreaDegrees":0.000003441},"geometry":{"type":"Polygon","coordinates":[[[118.327126,24.47634],[118.327091,24.475932],[118.326839,24.475558],[118.327872,24.474697],[118.327917,24.475002],[118.328378,24.47518],[118.328743,24.474792],[118.32902,24.47415],[118.329025,24.473842],[118.329181,24.473742],[118.329996,24.474565],[118.329973,24.47474],[118.329811,24.474941],[118.329859,24.475244],[118.329395,24.475732],[118.329339,24.476132],[118.3288,24.475934],[118.328209,24.475807],[118.327947,24.475812],[118.327265,24.47613],[118.327126,24.47634]]]}},{"type":"Feature","properties":{"id":"osm-way-1006294063","layer":"vegetation","category":"forest","name":null,"referenceEra":"modern_reference","source":"OpenStreetMap contributors","license":"ODbL-1.0","sourceAreaDegrees":0.000002961},"geometry":{"type":"Polygon","coordinates":[[[118.316311,24.478388],[118.316649,24.478544],[118.316955,24.478266],[118.316901,24.478063],[118.317199,24.478051],[118.318033,24.477348],[118.318283,24.477401],[118.318744,24.477013],[118.318792,24.476723],[118.318889,24.476537],[118.318366,24.476518],[118.317668,24.476264],[118.317754,24.476467],[118.317229,24.476967],[118.316569,24.477131],[118.31581,24.47746],[118.315568,24.477841],[118.31585,24.478151],[118.31622,24.47787],[118.316512,24.478107],[118.316311,24.478388]]]}},{"type":"Feature","properties":{"id":"osm-way-1006294054","layer":"vegetation","category":"forest","name":null,"referenceEra":"modern_reference","source":"OpenStreetMap contributors","license":"ODbL-1.0","sourceAreaDegrees":0.000001957},"geometry":{"type":"Polygon","coordinates":[[[118.307406,24.486716],[118.308251,24.486153],[118.308401,24.486287],[118.308621,24.486253],[118.308847,24.486275],[118.309633,24.486763],[118.31026,24.486739],[118.311046,24.487278],[118.311188,24.487417],[118.311084,24.488494],[118.310939,24.488579],[118.310912,24.487644],[118.310614,24.487271],[118.308903,24.48676],[118.308128,24.486724],[118.307412,24.486865],[118.306988,24.487039],[118.3064,24.487002],[118.305569,24.486487],[118.30569,24.486319],[118.305915,24.486575],[118.306081,24.486477],[118.306336,24.486765],[118.306467,24.486719],[118.30672,24.486795],[118.306878,24.486731],[118.307248,24.48678],[118.307406,24.486716]]]}},{"type":"Feature","properties":{"id":"osm-way-1006294064","layer":"vegetation","category":"forest","name":null,"referenceEra":"modern_reference","source":"OpenStreetMap contributors","license":"ODbL-1.0","sourceAreaDegrees":0.000001251},"geometry":{"type":"Polygon","coordinates":[[[118.321686,24.483568],[118.322016,24.48317],[118.322252,24.482764],[118.322115,24.482332],[118.322132,24.481627],[118.322102,24.481302],[118.321708,24.481459],[118.321305,24.481742],[118.321136,24.481961],[118.320941,24.48235],[118.321147,24.482469],[118.321464,24.482171],[118.321743,24.482464],[118.321828,24.482682],[118.321649,24.483126],[118.321592,24.483487],[118.321686,24.483568]]]}},{"type":"Feature","properties":{"id":"osm-way-1006294071","layer":"vegetation","category":"forest","name":null,"referenceEra":"modern_reference","source":"OpenStreetMap contributors","license":"ODbL-1.0","sourceAreaDegrees":0.000001129},"geometry":{"type":"Polygon","coordinates":[[[118.317711,24.482682],[118.317867,24.482747],[118.318087,24.482574],[118.318194,24.482567],[118.318968,24.481975],[118.31861,24.481816],[118.31854,24.481876],[118.318385,24.481778],[118.318351,24.481699],[118.31754,24.481371],[118.317269,24.4819],[118.317502,24.482069],[118.31765,24.482369],[118.317778,24.48244],[118.317765,24.482523],[118.317711,24.482682]]]}},{"type":"Feature","properties":{"id":"osm-way-1006294068","layer":"vegetation","category":"forest","name":null,"referenceEra":"modern_reference","source":"OpenStreetMap contributors","license":"ODbL-1.0","sourceAreaDegrees":9.63e-7},"geometry":{"type":"Polygon","coordinates":[[[118.320823,24.483695],[118.32073,24.48369],[118.320383,24.483926],[118.32032,24.484154],[118.320022,24.484705],[118.319739,24.484837],[118.320037,24.485314],[118.321413,24.48389],[118.320801,24.483858],[118.320823,24.483695]]]}},{"type":"Feature","properties":{"id":"osm-way-1006294052","layer":"vegetation","category":"forest","name":null,"referenceEra":"modern_reference","source":"OpenStreetMap contributors","license":"ODbL-1.0","sourceAreaDegrees":9.5e-7},"geometry":{"type":"Polygon","coordinates":[[[118.316081,24.487476],[118.316153,24.487337],[118.316518,24.487124],[118.316781,24.486878],[118.316874,24.48667],[118.317065,24.486448],[118.317786,24.48688],[118.317698,24.487114],[118.31733,24.487197],[118.317001,24.487537],[118.316992,24.487761],[118.316488,24.487554],[118.316081,24.487476]]]}},{"type":"Feature","properties":{"id":"osm-way-1006294069","layer":"vegetation","category":"forest","name":null,"referenceEra":"modern_reference","source":"OpenStreetMap contributors","license":"ODbL-1.0","sourceAreaDegrees":8.53e-7},"geometry":{"type":"Polygon","coordinates":[[[118.320444,24.482835],[118.320482,24.482965],[118.320833,24.483145],[118.320694,24.483304],[118.320866,24.483436],[118.320809,24.483651],[118.320734,24.483633],[118.320359,24.483876],[118.320272,24.484141],[118.320085,24.484106],[118.319916,24.484024],[118.319988,24.483951],[118.31986,24.483802],[118.320023,24.483631],[118.319777,24.483294],[118.320297,24.482737],[118.320444,24.482835]]]}},{"type":"Feature","properties":{"id":"osm-way-1006294070","layer":"vegetation","category":"forest","name":null,"referenceEra":"modern_reference","source":"OpenStreetMap contributors","license":"ODbL-1.0","sourceAreaDegrees":8.32e-7},"geometry":{"type":"Polygon","coordinates":[[[118.318946,24.482091],[118.319527,24.482525],[118.320117,24.482618],[118.320444,24.482835],[118.320572,24.482684],[118.320702,24.482644],[118.320813,24.482667],[118.320871,24.482556],[118.320667,24.482424],[118.320654,24.482342],[118.320296,24.482267],[118.320161,24.482103],[118.319573,24.481749],[118.319463,24.48187],[118.319483,24.481985],[118.31938,24.482039],[118.319415,24.482121],[118.319349,24.482157],[118.319031,24.482003],[118.318946,24.482091]]]}},{"type":"Feature","properties":{"id":"osm-way-1006294062","layer":"vegetation","category":"forest","name":null,"referenceEra":"modern_reference","source":"OpenStreetMap contributors","license":"ODbL-1.0","sourceAreaDegrees":3.99e-7},"geometry":{"type":"Polygon","coordinates":[[[118.316572,24.478508],[118.316073,24.478778],[118.315719,24.479059],[118.315466,24.479347],[118.315246,24.479083],[118.315523,24.478612],[118.315796,24.478773],[118.315861,24.4786],[118.31603,24.478568],[118.316311,24.478388],[118.316572,24.478508]]]}},{"type":"Feature","properties":{"id":"osm-way-1418868378","layer":"vegetation","category":"forest","name":null,"referenceEra":"modern_reference","source":"OpenStreetMap contributors","license":"ODbL-1.0","sourceAreaDegrees":1.6e-8},"geometry":{"type":"Polygon","coordinates":[[[118.37,24.44],[118.37,24.440568],[118.369692,24.440421],[118.37,24.440463],[118.37,24.44],[118.37,24.44]]]}},{"type":"Feature","properties":{"id":"osm-way-1118364590","layer":"settlements","category":"settlement","name":null,"referenceEra":"modern_reference","source":"OpenStreetMap contributors","license":"ODbL-1.0","sourceAreaDegrees":0.000021502},"geometry":{"type":"Polygon","coordinates":[[[118.339595,24.449178],[118.338359,24.448226],[118.337487,24.448785],[118.336425,24.448198],[118.337502,24.447093],[118.336182,24.446099],[118.335401,24.44411],[118.337017,24.44344],[118.337677,24.443827],[118.338291,24.443295],[118.338799,24.443792],[118.338208,24.444393],[118.338814,24.445014],[118.339323,24.444849],[118.339831,24.445083],[118.339467,24.445436],[118.340635,24.446568],[118.342615,24.445201],[118.342972,24.445836],[118.341462,24.44728],[118.341932,24.447832],[118.340016,24.449216],[118.340007,24.449151],[118.339884,24.449019],[118.339756,24.449131],[118.339595,24.449178]]]}},{"type":"Feature","properties":{"id":"osm-way-1118366446","layer":"settlements","category":"settlement","name":null,"referenceEra":"modern_reference","source":"OpenStreetMap contributors","license":"ODbL-1.0","sourceAreaDegrees":0.00001215},"geometry":{"type":"Polygon","coordinates":[[[118.304402,24.457245],[118.304327,24.456285],[118.304638,24.455588],[118.305669,24.454994],[118.307209,24.454531],[118.308597,24.455564],[118.308415,24.456477],[118.309193,24.456809],[118.308458,24.457502],[118.308603,24.457854],[118.307787,24.458503],[118.3065,24.457658],[118.305652,24.457829],[118.305089,24.457805],[118.304402,24.457245]]]}},{"type":"Feature","properties":{"id":"osm-way-1118366447","layer":"settlements","category":"settlement","name":null,"referenceEra":"modern_reference","source":"OpenStreetMap contributors","license":"ODbL-1.0","sourceAreaDegrees":0.000009121},"geometry":{"type":"Polygon","coordinates":[[[118.324096,24.464512],[118.324546,24.464534],[118.326595,24.463713],[118.327432,24.462532],[118.325297,24.46091],[118.324082,24.461438],[118.32329,24.462356],[118.323966,24.462766],[118.323569,24.463928],[118.324096,24.464512]]]}},{"type":"Feature","properties":{"id":"osm-way-1118364591","layer":"settlements","category":"settlement","name":null,"referenceEra":"modern_reference","source":"OpenStreetMap contributors","license":"ODbL-1.0","sourceAreaDegrees":0.0000079},"geometry":{"type":"Polygon","coordinates":[[[118.353213,24.454048],[118.351894,24.454393],[118.351431,24.453833],[118.35206,24.452335],[118.351924,24.450084],[118.354382,24.450042],[118.353995,24.452653],[118.353016,24.452397],[118.353213,24.454048]]]}},{"type":"Feature","properties":{"id":"osm-way-1118353465","layer":"settlements","category":"settlement","name":null,"referenceEra":"modern_reference","source":"OpenStreetMap contributors","license":"ODbL-1.0","sourceAreaDegrees":0.000007584},"geometry":{"type":"Polygon","coordinates":[[[118.306612,24.480455],[118.307835,24.479596],[118.3093,24.478058],[118.309413,24.477384],[118.308013,24.476842],[118.307535,24.47737],[118.306865,24.477643],[118.305185,24.479474],[118.305985,24.480221],[118.30621,24.480055],[118.306612,24.480455]]]}},{"type":"Feature","properties":{"id":"osm-way-1118353466","layer":"settlements","category":"settlement","name":null,"referenceEra":"modern_reference","source":"OpenStreetMap contributors","license":"ODbL-1.0","sourceAreaDegrees":0.000007157},"geometry":{"type":"Polygon","coordinates":[[[118.309482,24.480191],[118.310252,24.479138],[118.310066,24.478975],[118.310176,24.478855],[118.310407,24.478927],[118.310627,24.478185],[118.310904,24.478019],[118.311071,24.477657],[118.311765,24.477919],[118.312179,24.477532],[118.312985,24.4782],[118.312508,24.47882],[118.31305,24.479469],[118.312084,24.480553],[118.311661,24.480386],[118.310849,24.480962],[118.309482,24.480191]]]}},{"type":"Feature","properties":{"id":"osm-way-1118353464","layer":"settlements","category":"settlement","name":null,"referenceEra":"modern_reference","source":"OpenStreetMap contributors","license":"ODbL-1.0","sourceAreaDegrees":0.000006674},"geometry":{"type":"Polygon","coordinates":[[[118.315995,24.466711],[118.318237,24.466452],[118.318983,24.466013],[118.319546,24.465329],[118.318098,24.464499],[118.316494,24.464455],[118.316483,24.463547],[118.315904,24.463532],[118.315995,24.466711]]]}},{"type":"Feature","properties":{"id":"osm-way-879120994","layer":"settlements","category":"settlement","name":"金門工商休閒園區","referenceEra":"modern_reference","source":"OpenStreetMap contributors","license":"ODbL-1.0","sourceAreaDegrees":0.000004702},"geometry":{"type":"Polygon","coordinates":[[[118.364939,24.441614],[118.364346,24.441624],[118.36279,24.442126],[118.362699,24.442126],[118.361788,24.441577],[118.361752,24.441502],[118.361862,24.441274],[118.362392,24.440697],[118.362725,24.44],[118.364484,24.44],[118.364958,24.441549],[118.364939,24.441614]]]}},{"type":"Feature","properties":{"id":"osm-way-1118364592","layer":"settlements","category":"settlement","name":null,"referenceEra":"modern_reference","source":"OpenStreetMap contributors","license":"ODbL-1.0","sourceAreaDegrees":0.000002579},"geometry":{"type":"Polygon","coordinates":[[[118.364995,24.460152],[118.363706,24.45998],[118.362841,24.459386],[118.363986,24.458605],[118.36542,24.45884],[118.364995,24.460152]]]}},{"type":"Feature","properties":{"id":"osm-way-1385308449","layer":"settlements","category":"settlement","name":null,"referenceEra":"modern_reference","source":"OpenStreetMap contributors","license":"ODbL-1.0","sourceAreaDegrees":0.000002179},"geometry":{"type":"Polygon","coordinates":[[[118.34142,24.455062],[118.342082,24.455426],[118.341872,24.455637],[118.342088,24.455879],[118.342066,24.456081],[118.342407,24.456222],[118.342207,24.456416],[118.341917,24.45628],[118.341842,24.456412],[118.341283,24.456476],[118.341036,24.456452],[118.340798,24.456811],[118.340252,24.456453],[118.340275,24.456294],[118.33995,24.456185],[118.34027,24.455836],[118.340173,24.455709],[118.340286,24.455527],[118.340961,24.455545],[118.341035,24.455342],[118.341211,24.455345],[118.34142,24.455062]]]}},{"type":"Feature","properties":{"id":"osm-way-363534566","layer":"settlements","category":"settlement","name":"薩爾斯堡","referenceEra":"modern_reference","source":"OpenStreetMap contributors","license":"ODbL-1.0","sourceAreaDegrees":1.6e-7},"geometry":{"type":"Polygon","coordinates":[[[118.326998,24.450379],[118.326636,24.450128],[118.326869,24.449849],[118.327232,24.4501],[118.326998,24.450379]]]}},{"type":"Feature","properties":{"id":"osm-way-1385308448","layer":"settlements","category":"settlement","name":null,"referenceEra":"modern_reference","source":"OpenStreetMap contributors","license":"ODbL-1.0","sourceAreaDegrees":1.11e-7},"geometry":{"type":"Polygon","coordinates":[[[118.341612,24.45465],[118.341948,24.454863],[118.34174,24.455112],[118.341481,24.454912],[118.341612,24.45465]]]}},{"type":"Feature","properties":{"id":"osm-way-1448485842","layer":"settlements","category":"settlement","name":null,"referenceEra":"modern_reference","source":"OpenStreetMap contributors","license":"ODbL-1.0","sourceAreaDegrees":9.6e-8},"geometry":{"type":"Polygon","coordinates":[[[118.311444,24.441135],[118.311215,24.440938],[118.31123,24.440703],[118.311375,24.44077],[118.311318,24.440883],[118.311376,24.440933],[118.311446,24.440797],[118.311672,24.440894],[118.311612,24.44102],[118.311554,24.441001],[118.311522,24.44106],[118.311444,24.441135]]]}},{"type":"Feature","properties":{"id":"osm-way-1006294066","layer":"land-cover","category":"open-ground","name":null,"referenceEra":"modern_reference","source":"OpenStreetMap contributors","license":"ODbL-1.0","sourceAreaDegrees":0.000007328},"geometry":{"type":"Polygon","coordinates":[[[118.326954,24.478322],[118.327096,24.478402],[118.327316,24.4784],[118.328258,24.477719],[118.329805,24.476493],[118.330867,24.475549],[118.330798,24.47498],[118.331195,24.474597],[118.3319,24.474262],[118.331155,24.47341],[118.329961,24.474213],[118.330226,24.474426],[118.329811,24.474941],[118.329859,24.475244],[118.329395,24.475732],[118.329339,24.476132],[118.3288,24.475934],[118.328209,24.475807],[118.327947,24.475812],[118.327265,24.47613],[118.327126,24.47634],[118.327129,24.477035],[118.326954,24.478322]]]}},{"type":"Feature","properties":{"id":"osm-way-344755813","layer":"land-cover","category":"open-ground","name":"榕園","referenceEra":"modern_reference","source":"OpenStreetMap contributors","license":"ODbL-1.0","sourceAreaDegrees":8.23e-7},"geometry":{"type":"Polygon","coordinates":[[[118.321662,24.449782],[118.320842,24.449028],[118.320842,24.44894],[118.321329,24.448523],[118.322184,24.449289],[118.321662,24.449782]]]}},{"type":"Feature","properties":{"id":"osm-way-344755827","layer":"land-cover","category":"open-ground","name":null,"referenceEra":"modern_reference","source":"OpenStreetMap contributors","license":"ODbL-1.0","sourceAreaDegrees":7.56e-7},"geometry":{"type":"Polygon","coordinates":[[[118.323243,24.449587],[118.322683,24.449067],[118.323392,24.448393],[118.323966,24.448933],[118.323243,24.449587]]]}},{"type":"Feature","properties":{"id":"osm-way-879120982","layer":"land-cover","category":"open-ground","name":null,"referenceEra":"modern_reference","source":"OpenStreetMap contributors","license":"ODbL-1.0","sourceAreaDegrees":4.77e-7},"geometry":{"type":"Polygon","coordinates":[[[118.363601,24.440873],[118.363254,24.440964],[118.363383,24.441369],[118.362753,24.441533],[118.362624,24.441457],[118.362666,24.441298],[118.363165,24.440592],[118.363437,24.440756],[118.363622,24.440732],[118.363791,24.441207],[118.363768,24.441266],[118.363735,24.441276],[118.363649,24.44102],[118.363601,24.440873]]]}},{"type":"Feature","properties":{"id":"osm-way-344755826","layer":"land-cover","category":"open-ground","name":null,"referenceEra":"modern_reference","source":"OpenStreetMap contributors","license":"ODbL-1.0","sourceAreaDegrees":3.66e-7},"geometry":{"type":"Polygon","coordinates":[[[118.323262,24.448268],[118.322374,24.447525],[118.322255,24.447813],[118.322957,24.448516],[118.323262,24.448268]]]}},{"type":"Feature","properties":{"id":"osm-way-1110184451","layer":"land-cover","category":"open-ground","name":null,"referenceEra":"modern_reference","source":"OpenStreetMap contributors","license":"ODbL-1.0","sourceAreaDegrees":3e-8},"geometry":{"type":"Polygon","coordinates":[[[118.306689,24.452161],[118.307784,24.452168],[118.306664,24.452136],[118.306676,24.452159],[118.306689,24.452161]]]}},{"type":"Feature","properties":{"id":"osm-way-1004047859","layer":"beaches","category":"beach","name":null,"referenceEra":"modern_reference","source":"OpenStreetMap contributors","license":"ODbL-1.0","sourceAreaDegrees":0.000004855},"geometry":{"type":"Polygon","coordinates":[[[118.35139,24.464512],[118.350887,24.464176],[118.35054,24.464238],[118.346015,24.466385],[118.343427,24.467386],[118.340113,24.469209],[118.340064,24.469282],[118.340406,24.469612],[118.343839,24.467654],[118.34899,24.46544],[118.350601,24.464703],[118.350942,24.464507],[118.35139,24.464512]]]}},{"type":"Feature","properties":{"id":"osm-way-342739759","layer":"beaches","category":"beach","name":null,"referenceEra":"modern_reference","source":"OpenStreetMap contributors","license":"ODbL-1.0","sourceAreaDegrees":0.00000406},"geometry":{"type":"Polygon","coordinates":[[[118.320238,24.485739],[118.320031,24.485456],[118.320037,24.485314],[118.321201,24.484089],[118.321657,24.483864],[118.321759,24.483747],[118.321769,24.4836],[118.321887,24.483464],[118.323239,24.482184],[118.324623,24.480954],[118.32597,24.479827],[118.327092,24.478766],[118.327404,24.478842],[118.320238,24.485739]]]}},{"type":"Feature","properties":{"id":"osm-way-1004047857","layer":"beaches","category":"beach","name":null,"referenceEra":"modern_reference","source":"OpenStreetMap contributors","license":"ODbL-1.0","sourceAreaDegrees":0.000002898},"geometry":{"type":"Polygon","coordinates":[[[118.336572,24.471468],[118.336672,24.471374],[118.337075,24.471613],[118.331895,24.475373],[118.331536,24.475541],[118.331541,24.475368],[118.331392,24.475078],[118.331306,24.475061],[118.331597,24.474667],[118.332505,24.474451],[118.333466,24.47375],[118.336572,24.471468]]]}},{"type":"Feature","properties":{"id":"osm-way-534679648","layer":"beaches","category":"beach","name":null,"referenceEra":"modern_reference","source":"OpenStreetMap contributors","license":"ODbL-1.0","sourceAreaDegrees":0.000001962},"geometry":{"type":"Polygon","coordinates":[[[118.327145,24.478705],[118.327404,24.478842],[118.330789,24.476262],[118.331402,24.475709],[118.331536,24.475541],[118.331541,24.475368],[118.331392,24.475078],[118.331306,24.475061],[118.331298,24.475131],[118.329779,24.476607],[118.3284,24.477697],[118.327145,24.478705]]]}},{"type":"Feature","properties":{"id":"osm-way-535025946","layer":"beaches","category":"beach","name":null,"referenceEra":"modern_reference","source":"OpenStreetMap contributors","license":"ODbL-1.0","sourceAreaDegrees":0.00000141},"geometry":{"type":"Polygon","coordinates":[[[118.314475,24.489671],[118.313817,24.489303],[118.315605,24.487804],[118.316216,24.487835],[118.314475,24.489671]]]}},{"type":"Feature","properties":{"id":"osm-way-535025413","layer":"beaches","category":"beach","name":null,"referenceEra":"modern_reference","source":"OpenStreetMap contributors","license":"ODbL-1.0","sourceAreaDegrees":0.000001392},"geometry":{"type":"Polygon","coordinates":[[[118.318226,24.486582],[118.31784,24.486844],[118.317764,24.487068],[118.318131,24.487286],[118.319862,24.485795],[118.319685,24.485671],[118.319481,24.485648],[118.31936,24.485544],[118.318788,24.485793],[118.318465,24.485795],[118.318533,24.485949],[118.318176,24.486421],[118.318226,24.486582]]]}},{"type":"Feature","properties":{"id":"osm-way-1004047858","layer":"beaches","category":"beach","name":null,"referenceEra":"modern_reference","source":"OpenStreetMap contributors","license":"ODbL-1.0","sourceAreaDegrees":0.000001262},"geometry":{"type":"Polygon","coordinates":[[[118.34009,24.469792],[118.339849,24.469517],[118.33962,24.469559],[118.337749,24.470775],[118.337019,24.471205],[118.337379,24.471415],[118.34009,24.469792]]]}},{"type":"Feature","properties":{"id":"osm-way-1004047860","layer":"beaches","category":"beach","name":null,"referenceEra":"modern_reference","source":"OpenStreetMap contributors","license":"ODbL-1.0","sourceAreaDegrees":4.7e-7},"geometry":{"type":"Polygon","coordinates":[[[118.353623,24.464603],[118.353262,24.464452],[118.352882,24.464163],[118.352518,24.464095],[118.352026,24.464199],[118.35196,24.46458],[118.352884,24.464409],[118.353178,24.464649],[118.353608,24.464787],[118.353623,24.464603]]]}},{"type":"Feature","properties":{"id":"osm-way-535025864","layer":"beaches","category":"beach","name":null,"referenceEra":"modern_reference","source":"OpenStreetMap contributors","license":"ODbL-1.0","sourceAreaDegrees":3.19e-7},"geometry":{"type":"Polygon","coordinates":[[[118.317311,24.487962],[118.317887,24.487441],[118.317665,24.487292],[118.317368,24.487301],[118.317018,24.48764],[118.317067,24.487791],[118.317311,24.487962]]]}},{"type":"Feature","properties":{"id":"osm-way-535025997","layer":"beaches","category":"beach","name":null,"referenceEra":"modern_reference","source":"OpenStreetMap contributors","license":"ODbL-1.0","sourceAreaDegrees":1.63e-7},"geometry":{"type":"Polygon","coordinates":[[[118.312772,24.489703],[118.313108,24.489554],[118.312701,24.489116],[118.312576,24.489114],[118.31245,24.489204],[118.312619,24.489323],[118.312772,24.489703]]]}},{"type":"Feature","properties":{"id":"osm-way-1103882558","layer":"roads","category":"road-primary","name":"金門大橋","referenceEra":"modern_reference","source":"OpenStreetMap contributors","license":"ODbL-1.0"},"geometry":{"type":"LineString","coordinates":[[118.30447,24.452089],[118.294815,24.451837],[118.293339,24.451721],[118.292487,24.451597],[118.291569,24.451418]]}},{"type":"Feature","properties":{"id":"osm-way-1103913446","layer":"roads","category":"road-primary","name":"金門大橋","referenceEra":"modern_reference","source":"OpenStreetMap contributors","license":"ODbL-1.0"},"geometry":{"type":"LineString","coordinates":[[118.291569,24.451418],[118.290847,24.451308],[118.287834,24.45056],[118.285785,24.450104],[118.285,24.449951]]}},{"type":"Feature","properties":{"id":"osm-way-1103913447","layer":"roads","category":"road-primary","name":"金門大橋","referenceEra":"modern_reference","source":"OpenStreetMap contributors","license":"ODbL-1.0"},"geometry":{"type":"LineString","coordinates":[[118.285,24.449845],[118.285801,24.450001],[118.287855,24.45046],[118.290881,24.45121],[118.291569,24.451418]]}},{"type":"Feature","properties":{"id":"osm-way-1109984022","layer":"roads","category":"road-primary","name":"金烈大道","referenceEra":"modern_reference","source":"OpenStreetMap contributors","license":"ODbL-1.0"},"geometry":{"type":"LineString","coordinates":[[118.306608,24.452186],[118.305987,24.452183],[118.305787,24.452124]]}},{"type":"Feature","properties":{"id":"osm-way-1109984023","layer":"roads","category":"road-primary","name":"金烈大道","referenceEra":"modern_reference","source":"OpenStreetMap contributors","license":"ODbL-1.0"},"geometry":{"type":"LineString","coordinates":[[118.305787,24.452124],[118.306015,24.452102],[118.30661,24.452107]]}},{"type":"Feature","properties":{"id":"osm-way-1110184453","layer":"roads","category":"road-primary","name":"金烈大道","referenceEra":"modern_reference","source":"OpenStreetMap contributors","license":"ODbL-1.0"},"geometry":{"type":"LineString","coordinates":[[118.307923,24.452186],[118.307812,24.45221],[118.307573,24.452203]]}},{"type":"Feature","properties":{"id":"osm-way-1110184457","layer":"roads","category":"road-primary","name":"金烈大道","referenceEra":"modern_reference","source":"OpenStreetMap contributors","license":"ODbL-1.0"},"geometry":{"type":"LineString","coordinates":[[118.307789,24.452132],[118.307873,24.452147],[118.307923,24.452186]]}},{"type":"Feature","properties":{"id":"osm-way-607346933","layer":"roads","category":"road-primary","name":"金烈大道","referenceEra":"modern_reference","source":"OpenStreetMap contributors","license":"ODbL-1.0"},"geometry":{"type":"LineString","coordinates":[[118.307573,24.452203],[118.306608,24.452186]]}},{"type":"Feature","properties":{"id":"osm-way-1101969788","layer":"roads","category":"road-primary","name":"金烈大道","referenceEra":"modern_reference","source":"OpenStreetMap contributors","license":"ODbL-1.0"},"geometry":{"type":"LineString","coordinates":[[118.30661,24.452107],[118.307789,24.452132]]}},{"type":"Feature","properties":{"id":"osm-way-1109984021","layer":"roads","category":"road-primary","name":"金門大橋","referenceEra":"modern_reference","source":"OpenStreetMap contributors","license":"ODbL-1.0"},"geometry":{"type":"LineString","coordinates":[[118.305787,24.452124],[118.30447,24.452089]]}},{"type":"Feature","properties":{"id":"osm-way-239785720","layer":"roads","category":"road-secondary","name":"環島西路二段","referenceEra":"modern_reference","source":"OpenStreetMap contributors","license":"ODbL-1.0"},"geometry":{"type":"LineString","coordinates":[[118.32104,24.44],[118.320002,24.44314],[118.31962,24.444195],[118.319616,24.444297],[118.319372,24.444914],[118.319372,24.444979],[118.319024,24.446042],[118.31878,24.446667],[118.318226,24.448362],[118.316871,24.451393],[118.315974,24.453697],[118.314764,24.456941],[118.314709,24.457236],[118.313666,24.460177],[118.313621,24.460483],[118.315186,24.462194],[118.315898,24.462872],[118.315951,24.463448],[118.315958,24.466567],[118.315864,24.467453],[118.31567,24.468885],[118.315567,24.470032],[118.315305,24.471672],[118.315344,24.47316],[118.315373,24.473316],[118.316004,24.474179],[118.316191,24.474387]]}},{"type":"Feature","properties":{"id":"osm-way-105811299","layer":"roads","category":"road-secondary","name":"南山路","referenceEra":"modern_reference","source":"OpenStreetMap contributors","license":"ODbL-1.0"},"geometry":{"type":"LineString","coordinates":[[118.310134,24.484394],[118.31026,24.484202],[118.311257,24.483126],[118.311989,24.482386],[118.312224,24.482216],[118.312827,24.481878],[118.313043,24.481717],[118.31386,24.480411],[118.313917,24.480222],[118.313909,24.480048],[118.313877,24.47995],[118.313805,24.479852],[118.313535,24.47964],[118.313282,24.479578],[118.313142,24.479462],[118.31261,24.478884],[118.312612,24.47884],[118.3127,24.478684],[118.313021,24.478276]]}},{"type":"Feature","properties":{"id":"osm-way-105811281","layer":"roads","category":"road-secondary","name":"寧湖路","referenceEra":"modern_reference","source":"OpenStreetMap contributors","license":"ODbL-1.0"},"geometry":{"type":"LineString","coordinates":[[118.296325,24.471899],[118.296858,24.47209],[118.297101,24.472152],[118.298508,24.472394],[118.299368,24.472508],[118.300173,24.472589],[118.302791,24.472715],[118.303328,24.472756],[118.303935,24.472854],[118.304331,24.472975],[118.304559,24.473092],[118.305583,24.473717],[118.306175,24.474038],[118.306606,24.47423],[118.309044,24.475156]]}},{"type":"Feature","properties":{"id":"osm-way-280412334","layer":"roads","category":"road-secondary","name":"環島北路一段","referenceEra":"modern_reference","source":"OpenStreetMap contributors","license":"ODbL-1.0"},"geometry":{"type":"LineString","coordinates":[[118.321231,24.44],[118.32192,24.440562],[118.323534,24.44198],[118.325597,24.443706],[118.325939,24.443961],[118.32688,24.444909],[118.328597,24.446448],[118.330076,24.447821],[118.330218,24.447907],[118.330832,24.448406],[118.331352,24.448569],[118.331881,24.44868],[118.335084,24.449272],[118.337556,24.449709],[118.337828,24.449732]]}},{"type":"Feature","properties":{"id":"osm-way-376486107","layer":"roads","category":"road-secondary","name":"民生路","referenceEra":"modern_reference","source":"OpenStreetMap contributors","license":"ODbL-1.0"},"geometry":{"type":"LineString","coordinates":[[118.31739,24.44],[118.317546,24.440105],[118.317285,24.440431],[118.316981,24.440579],[118.316853,24.440709],[118.317016,24.441055],[118.316938,24.441184],[118.316489,24.441626],[118.316362,24.441834],[118.316246,24.442097],[118.31615,24.442412],[118.316294,24.442543],[118.317057,24.44295],[118.318536,24.444261],[118.319372,24.444914]]}},{"type":"Feature","properties":{"id":"osm-way-281393012","layer":"roads","category":"road-secondary","name":"頂林路","referenceEra":"modern_reference","source":"OpenStreetMap contributors","license":"ODbL-1.0"},"geometry":{"type":"LineString","coordinates":[[118.316936,24.474496],[118.319831,24.47073],[118.320715,24.469533],[118.322671,24.466977],[118.323028,24.466114],[118.323945,24.463745],[118.324076,24.463311],[118.324113,24.463064],[118.324594,24.462427],[118.325084,24.461669],[118.325365,24.46116],[118.327511,24.458933],[118.330726,24.455474],[118.337828,24.449732]]}},{"type":"Feature","properties":{"id":"osm-way-449638953","layer":"roads","category":"road-secondary","name":"大學路","referenceEra":"modern_reference","source":"OpenStreetMap contributors","license":"ODbL-1.0"},"geometry":{"type":"LineString","coordinates":[[118.32688,24.444909],[118.326085,24.445661],[118.32558,24.446077],[118.325373,24.446327],[118.325298,24.446497],[118.325271,24.446662],[118.325278,24.446997],[118.325245,24.447144],[118.325118,24.44736],[118.325034,24.447456],[118.324295,24.448014],[118.323753,24.448493]]}},{"type":"Feature","properties":{"id":"osm-way-926675947","layer":"roads","category":"road-secondary","name":null,"referenceEra":"modern_reference","source":"OpenStreetMap contributors","license":"ODbL-1.0"},"geometry":{"type":"LineString","coordinates":[[118.324067,24.448918],[118.321704,24.44679],[118.321463,24.446541],[118.321306,24.446335],[118.321123,24.446007],[118.320753,24.445169],[118.320544,24.44487],[118.320311,24.444654],[118.32016,24.444554],[118.319915,24.444413],[118.319616,24.444297]]}},{"type":"Feature","properties":{"id":"osm-way-282522060","layer":"roads","category":"road-secondary","name":"慈湖路三段","referenceEra":"modern_reference","source":"OpenStreetMap contributors","license":"ODbL-1.0"},"geometry":{"type":"LineString","coordinates":[[118.304063,24.460719],[118.304321,24.457958],[118.304353,24.457101],[118.304334,24.456733],[118.30427,24.4563],[118.30435,24.45601],[118.304618,24.455602],[118.304869,24.455343],[118.305265,24.455141],[118.305755,24.454761]]}},{"type":"Feature","properties":{"id":"osm-way-282841359","layer":"roads","category":"road-secondary","name":"司法大道","referenceEra":"modern_reference","source":"OpenStreetMap contributors","license":"ODbL-1.0"},"geometry":{"type":"LineString","coordinates":[[118.36223,24.454205],[118.362448,24.453112],[118.362408,24.452902],[118.362342,24.452754],[118.361262,24.451276],[118.35938,24.448858],[118.359229,24.448584],[118.359219,24.448378],[118.359248,24.448169],[118.359696,24.445677]]}},{"type":"Feature","properties":{"id":"osm-way-1485709607","layer":"roads","category":"road-secondary","name":"瓊安路","referenceEra":"modern_reference","source":"OpenStreetMap contributors","license":"ODbL-1.0"},"geometry":{"type":"LineString","coordinates":[[118.365377,24.45834],[118.364827,24.458385],[118.364239,24.458308],[118.364081,24.458308],[118.363293,24.458433],[118.362739,24.458663],[118.362517,24.458724],[118.362168,24.458776],[118.36189,24.458786]]}},{"type":"Feature","properties":{"id":"osm-way-106239693","layer":"roads","category":"road-secondary","name":"瓊安路","referenceEra":"modern_reference","source":"OpenStreetMap contributors","license":"ODbL-1.0"},"geometry":{"type":"LineString","coordinates":[[118.325346,24.461204],[118.324216,24.460226],[118.322486,24.458645],[118.319718,24.455884],[118.318438,24.454299],[118.318224,24.454071],[118.317998,24.453978],[118.315974,24.453697]]}},{"type":"Feature","properties":{"id":"osm-way-344755816","layer":"roads","category":"road-secondary","name":null,"referenceEra":"modern_reference","source":"OpenStreetMap contributors","license":"ODbL-1.0"},"geometry":{"type":"LineString","coordinates":[[118.31962,24.444195],[118.320433,24.444661],[118.320598,24.444817],[118.320794,24.445086],[118.321303,24.446164],[118.321595,24.446584],[118.323753,24.448493],[118.324128,24.448861]]}},{"type":"Feature","properties":{"id":"osm-way-380238615","layer":"roads","category":"road-secondary","name":"環島北路二段","referenceEra":"modern_reference","source":"OpenStreetMap contributors","license":"ODbL-1.0"},"geometry":{"type":"LineString","coordinates":[[118.346897,24.451408],[118.349587,24.451846],[118.350753,24.452092],[118.351168,24.452144],[118.352052,24.452188],[118.353704,24.45264],[118.355493,24.452958],[118.359352,24.453701]]}},{"type":"Feature","properties":{"id":"osm-way-425672876","layer":"roads","category":"road-secondary","name":"林堡路","referenceEra":"modern_reference","source":"OpenStreetMap contributors","license":"ODbL-1.0"},"geometry":{"type":"LineString","coordinates":[[118.336746,24.446552],[118.336561,24.446302],[118.335451,24.444208],[118.334161,24.443165],[118.333767,24.442793],[118.332598,24.441255],[118.331672,24.440121],[118.331538,24.44]]}},{"type":"Feature","properties":{"id":"osm-way-318361869","layer":"roads","category":"road-secondary","name":"慈湖路二段","referenceEra":"modern_reference","source":"OpenStreetMap contributors","license":"ODbL-1.0"},"geometry":{"type":"LineString","coordinates":[[118.307957,24.452052],[118.308112,24.451223],[118.308162,24.451071],[118.308276,24.450849],[118.311374,24.446728],[118.311493,24.446451],[118.311594,24.445642]]}},{"type":"Feature","properties":{"id":"osm-way-1108160533","layer":"roads","category":"road-secondary","name":"寧湖路","referenceEra":"modern_reference","source":"OpenStreetMap contributors","license":"ODbL-1.0"},"geometry":{"type":"LineString","coordinates":[[118.310556,24.475769],[118.310884,24.475915],[118.311135,24.476075],[118.311225,24.476158],[118.31167,24.476681],[118.312378,24.477625],[118.313021,24.478276]]}},{"type":"Feature","properties":{"id":"osm-way-105811339","layer":"roads","category":"road-secondary","name":"雙瓊路","referenceEra":"modern_reference","source":"OpenStreetMap contributors","license":"ODbL-1.0"},"geometry":{"type":"LineString","coordinates":[[118.360194,24.445717],[118.361174,24.446432],[118.364056,24.44861],[118.365849,24.449992],[118.36755,24.451517],[118.37,24.453595]]}},{"type":"Feature","properties":{"id":"osm-way-264038951","layer":"roads","category":"road-secondary","name":"中山路","referenceEra":"modern_reference","source":"OpenStreetMap contributors","license":"ODbL-1.0"},"geometry":{"type":"LineString","coordinates":[[118.364538,24.44],[118.364878,24.441049],[118.365219,24.442349],[118.36524,24.442649],[118.365219,24.443228],[118.365033,24.445714]]}},{"type":"Feature","properties":{"id":"osm-way-281393014","layer":"roads","category":"road-secondary","name":"頂林路","referenceEra":"modern_reference","source":"OpenStreetMap contributors","license":"ODbL-1.0"},"geometry":{"type":"LineString","coordinates":[[118.313021,24.478276],[118.314384,24.477431],[118.315103,24.476804],[118.315335,24.476574],[118.315558,24.4763],[118.316337,24.475236]]}},{"type":"Feature","properties":{"id":"osm-way-282201026","layer":"roads","category":"road-secondary","name":"伯玉路三段","referenceEra":"modern_reference","source":"OpenStreetMap contributors","license":"ODbL-1.0"},"geometry":{"type":"LineString","coordinates":[[118.35238,24.444248],[118.354959,24.444951],[118.356071,24.445207],[118.357303,24.445453],[118.358723,24.445615],[118.359696,24.445677]]}},{"type":"Feature","properties":{"id":"osm-way-1189113262","layer":"roads","category":"road-secondary","name":"林堡路","referenceEra":"modern_reference","source":"OpenStreetMap contributors","license":"ODbL-1.0"},"geometry":{"type":"LineString","coordinates":[[118.339205,24.448776],[118.338556,24.447853],[118.338236,24.447461],[118.337501,24.446939],[118.337131,24.446791],[118.336795,24.44659]]}},{"type":"Feature","properties":{"id":"osm-way-282206607","layer":"roads","category":"road-secondary","name":"東觀路","referenceEra":"modern_reference","source":"OpenStreetMap contributors","license":"ODbL-1.0"},"geometry":{"type":"LineString","coordinates":[[118.343614,24.450834],[118.342542,24.452837],[118.341348,24.454998],[118.341181,24.455323],[118.341127,24.455579]]}},{"type":"Feature","properties":{"id":"osm-way-282522059","layer":"roads","category":"road-secondary","name":"慈湖路三段","referenceEra":"modern_reference","source":"OpenStreetMap contributors","license":"ODbL-1.0"},"geometry":{"type":"LineString","coordinates":[[118.304063,24.460719],[118.304055,24.460998],[118.304015,24.461219],[118.303888,24.461423],[118.303774,24.461469]]}},{"type":"Feature","properties":{"id":"osm-way-1108160536","layer":"roads","category":"road-secondary","name":"林厝圓環","referenceEra":"modern_reference","source":"OpenStreetMap contributors","license":"ODbL-1.0"},"geometry":{"type":"LineString","coordinates":[[118.316867,24.474824],[118.316869,24.474903],[118.316837,24.474959],[118.316788,24.475003],[118.316657,24.475036]]}},{"type":"Feature","properties":{"id":"osm-way-105811262","layer":"roads","category":"road-secondary","name":"林湖路","referenceEra":"modern_reference","source":"OpenStreetMap contributors","license":"ODbL-1.0"},"geometry":{"type":"LineString","coordinates":[[118.325939,24.443961],[118.326619,24.443232],[118.327852,24.441814],[118.329183,24.44]]}},{"type":"Feature","properties":{"id":"osm-way-106239828","layer":"roads","category":"road-secondary","name":"慈湖路三段","referenceEra":"modern_reference","source":"OpenStreetMap contributors","license":"ODbL-1.0"},"geometry":{"type":"LineString","coordinates":[[118.29381,24.470658],[118.293851,24.470567],[118.294061,24.470287],[118.298335,24.464916]]}},{"type":"Feature","properties":{"id":"osm-way-259553108","layer":"roads","category":"road-secondary","name":"慈湖路三段","referenceEra":"modern_reference","source":"OpenStreetMap contributors","license":"ODbL-1.0"},"geometry":{"type":"LineString","coordinates":[[118.298335,24.464916],[118.298497,24.464755],[118.298995,24.46442],[118.303169,24.461853]]}},{"type":"Feature","properties":{"id":"osm-way-264040264","layer":"roads","category":"road-secondary","name":"環島南路三段","referenceEra":"modern_reference","source":"OpenStreetMap contributors","license":"ODbL-1.0"},"geometry":{"type":"LineString","coordinates":[[118.366735,24.44],[118.367021,24.440181],[118.367257,24.440289],[118.37,24.441243]]}},{"type":"Feature","properties":{"id":"osm-way-281580015","layer":"roads","category":"road-secondary","name":"盤果路","referenceEra":"modern_reference","source":"OpenStreetMap contributors","license":"ODbL-1.0"},"geometry":{"type":"LineString","coordinates":[[118.340345,24.441122],[118.338558,24.44275],[118.337688,24.444001],[118.336315,24.44585]]}},{"type":"Feature","properties":{"id":"osm-way-281580016","layer":"roads","category":"road-secondary","name":"伯玉路二段","referenceEra":"modern_reference","source":"OpenStreetMap contributors","license":"ODbL-1.0"},"geometry":{"type":"LineString","coordinates":[[118.340345,24.441122],[118.34518,24.442377],[118.346875,24.442845],[118.349895,24.443603]]}},{"type":"Feature","properties":{"id":"osm-way-318362341","layer":"roads","category":"road-secondary","name":"林厝圓環","referenceEra":"modern_reference","source":"OpenStreetMap contributors","license":"ODbL-1.0"},"geometry":{"type":"LineString","coordinates":[[118.316463,24.474882],[118.316482,24.474759],[118.31658,24.474673],[118.316646,24.474656]]}},{"type":"Feature","properties":{"id":"osm-way-318363011","layer":"roads","category":"road-secondary","name":"瓊安路","referenceEra":"modern_reference","source":"OpenStreetMap contributors","license":"ODbL-1.0"},"geometry":{"type":"LineString","coordinates":[[118.37,24.45614],[118.366152,24.458154],[118.365753,24.458302],[118.365422,24.458336]]}},{"type":"Feature","properties":{"id":"osm-way-319107575","layer":"roads","category":"road-secondary","name":"堡山路","referenceEra":"modern_reference","source":"OpenStreetMap contributors","license":"ODbL-1.0"},"geometry":{"type":"LineString","coordinates":[[118.341041,24.456242],[118.341116,24.455983],[118.341095,24.455759],[118.341127,24.455579]]}},{"type":"Feature","properties":{"id":"osm-way-327356112","layer":"roads","category":"road-secondary","name":null,"referenceEra":"modern_reference","source":"OpenStreetMap contributors","license":"ODbL-1.0"},"geometry":{"type":"LineString","coordinates":[[118.316191,24.474387],[118.3163,24.4745],[118.316443,24.474599],[118.316646,24.474656]]}},{"type":"Feature","properties":{"id":"osm-way-379035007","layer":"roads","category":"road-secondary","name":"環島北路二段","referenceEra":"modern_reference","source":"OpenStreetMap contributors","license":"ODbL-1.0"},"geometry":{"type":"LineString","coordinates":[[118.339383,24.450059],[118.34176,24.450478],[118.343614,24.450834],[118.346897,24.451408]]}},{"type":"Feature","properties":{"id":"osm-way-380238618","layer":"roads","category":"road-secondary","name":"瓊安路","referenceEra":"modern_reference","source":"OpenStreetMap contributors","license":"ODbL-1.0"},"geometry":{"type":"LineString","coordinates":[[118.349327,24.459454],[118.346657,24.4599],[118.340629,24.460962],[118.335074,24.461897]]}},{"type":"Feature","properties":{"id":"osm-way-380238619","layer":"roads","category":"road-secondary","name":"瓊安路","referenceEra":"modern_reference","source":"OpenStreetMap contributors","license":"ODbL-1.0"},"geometry":{"type":"LineString","coordinates":[[118.330173,24.462703],[118.328408,24.462992],[118.32818,24.462985],[118.325346,24.461204]]}},{"type":"Feature","properties":{"id":"osm-way-477623151","layer":"roads","category":"road-secondary","name":"慈湖路一段","referenceEra":"modern_reference","source":"OpenStreetMap contributors","license":"ODbL-1.0"},"geometry":{"type":"LineString","coordinates":[[118.311594,24.445642],[118.311569,24.444382],[118.311629,24.443786],[118.311825,24.44]]}},{"type":"Feature","properties":{"id":"osm-way-1450771025","layer":"roads","category":"road-secondary","name":"寧湖路","referenceEra":"modern_reference","source":"OpenStreetMap contributors","license":"ODbL-1.0"},"geometry":{"type":"LineString","coordinates":[[118.29381,24.470658],[118.294096,24.470955],[118.294561,24.471134],[118.296203,24.47185]]}},{"type":"Feature","properties":{"id":"osm-way-282522058","layer":"roads","category":"road-secondary","name":"慈湖路三段","referenceEra":"modern_reference","source":"OpenStreetMap contributors","license":"ODbL-1.0"},"geometry":{"type":"LineString","coordinates":[[118.303774,24.461469],[118.30396,24.461118],[118.304063,24.460719]]}},{"type":"Feature","properties":{"id":"osm-way-318361868","layer":"roads","category":"road-secondary","name":"頂林路","referenceEra":"modern_reference","source":"OpenStreetMap contributors","license":"ODbL-1.0"},"geometry":{"type":"LineString","coordinates":[[118.337828,24.449732],[118.33835,24.449414],[118.339205,24.448776]]}},{"type":"Feature","properties":{"id":"osm-way-319107573","layer":"roads","category":"road-secondary","name":"東觀路","referenceEra":"modern_reference","source":"OpenStreetMap contributors","license":"ODbL-1.0"},"geometry":{"type":"LineString","coordinates":[[118.340629,24.460962],[118.339829,24.460114],[118.34062,24.457588]]}},{"type":"Feature","properties":{"id":"osm-way-327356110","layer":"roads","category":"road-secondary","name":null,"referenceEra":"modern_reference","source":"OpenStreetMap contributors","license":"ODbL-1.0"},"geometry":{"type":"LineString","coordinates":[[118.316337,24.475236],[118.316424,24.475087],[118.316463,24.474882]]}},{"type":"Feature","properties":{"id":"osm-way-327356111","layer":"roads","category":"road-secondary","name":null,"referenceEra":"modern_reference","source":"OpenStreetMap contributors","license":"ODbL-1.0"},"geometry":{"type":"LineString","coordinates":[[118.316657,24.475036],[118.316512,24.475072],[118.316337,24.475236]]}},{"type":"Feature","properties":{"id":"osm-way-327356115","layer":"roads","category":"road-secondary","name":null,"referenceEra":"modern_reference","source":"OpenStreetMap contributors","license":"ODbL-1.0"},"geometry":{"type":"LineString","coordinates":[[118.316936,24.474496],[118.316881,24.474605],[118.316866,24.474779]]}},{"type":"Feature","properties":{"id":"osm-way-1108115187","layer":"roads","category":"road-secondary","name":"慈湖路二段","referenceEra":"modern_reference","source":"OpenStreetMap contributors","license":"ODbL-1.0"},"geometry":{"type":"LineString","coordinates":[[118.305755,24.454761],[118.306273,24.45418],[118.307727,24.452436]]}},{"type":"Feature","properties":{"id":"osm-way-1108160537","layer":"roads","category":"road-secondary","name":"林厝圓環","referenceEra":"modern_reference","source":"OpenStreetMap contributors","license":"ODbL-1.0"},"geometry":{"type":"LineString","coordinates":[[118.316646,24.474656],[118.316779,24.474683],[118.316866,24.474779]]}},{"type":"Feature","properties":{"id":"osm-way-1108160538","layer":"roads","category":"road-secondary","name":"林厝圓環","referenceEra":"modern_reference","source":"OpenStreetMap contributors","license":"ODbL-1.0"},"geometry":{"type":"LineString","coordinates":[[118.316657,24.475036],[118.316531,24.474989],[118.316463,24.474882]]}},{"type":"Feature","properties":{"id":"osm-way-105811187","layer":"roads","category":"road-secondary","name":"堡山路","referenceEra":"modern_reference","source":"OpenStreetMap contributors","license":"ODbL-1.0"},"geometry":{"type":"LineString","coordinates":[[118.339383,24.450059],[118.339205,24.448776]]}},{"type":"Feature","properties":{"id":"osm-way-151235216","layer":"roads","category":"road-secondary","name":null,"referenceEra":"modern_reference","source":"OpenStreetMap contributors","license":"ODbL-1.0"},"geometry":{"type":"LineString","coordinates":[[118.352529,24.462999],[118.349327,24.459454]]}},{"type":"Feature","properties":{"id":"osm-way-259553103","layer":"roads","category":"road-secondary","name":"慈湖路三段","referenceEra":"modern_reference","source":"OpenStreetMap contributors","license":"ODbL-1.0"},"geometry":{"type":"LineString","coordinates":[[118.303169,24.461853],[118.303522,24.461639]]}},{"type":"Feature","properties":{"id":"osm-way-280412335","layer":"roads","category":"road-secondary","name":"環島北路二段","referenceEra":"modern_reference","source":"OpenStreetMap contributors","license":"ODbL-1.0"},"geometry":{"type":"LineString","coordinates":[[118.337828,24.449732],[118.339383,24.450059]]}},{"type":"Feature","properties":{"id":"osm-way-281580017","layer":"roads","category":"road-secondary","name":"伯玉路三段","referenceEra":"modern_reference","source":"OpenStreetMap contributors","license":"ODbL-1.0"},"geometry":{"type":"LineString","coordinates":[[118.365004,24.446037],[118.365286,24.446063]]}},{"type":"Feature","properties":{"id":"osm-way-282200990","layer":"roads","category":"road-secondary","name":"伯玉路二段","referenceEra":"modern_reference","source":"OpenStreetMap contributors","license":"ODbL-1.0"},"geometry":{"type":"LineString","coordinates":[[118.349895,24.443603],[118.35238,24.444248]]}},{"type":"Feature","properties":{"id":"osm-way-282517364","layer":"roads","category":"road-secondary","name":"伯玉路二段","referenceEra":"modern_reference","source":"OpenStreetMap contributors","license":"ODbL-1.0"},"geometry":{"type":"LineString","coordinates":[[118.335986,24.44],[118.340345,24.441122]]}},{"type":"Feature","properties":{"id":"osm-way-327356113","layer":"roads","category":"road-secondary","name":null,"referenceEra":"modern_reference","source":"OpenStreetMap contributors","license":"ODbL-1.0"},"geometry":{"type":"LineString","coordinates":[[118.316462,24.474819],[118.316191,24.474387]]}},{"type":"Feature","properties":{"id":"osm-way-327356114","layer":"roads","category":"road-secondary","name":null,"referenceEra":"modern_reference","source":"OpenStreetMap contributors","license":"ODbL-1.0"},"geometry":{"type":"LineString","coordinates":[[118.316646,24.474656],[118.316936,24.474496]]}},{"type":"Feature","properties":{"id":"osm-way-344755811","layer":"roads","category":"road-secondary","name":null,"referenceEra":"modern_reference","source":"OpenStreetMap contributors","license":"ODbL-1.0"},"geometry":{"type":"LineString","coordinates":[[118.324128,24.448861],[118.322372,24.450483]]}},{"type":"Feature","properties":{"id":"osm-way-379035008","layer":"roads","category":"road-secondary","name":"環島北路二段","referenceEra":"modern_reference","source":"OpenStreetMap contributors","license":"ODbL-1.0"},"geometry":{"type":"LineString","coordinates":[[118.36223,24.454205],[118.37,24.455746]]}},{"type":"Feature","properties":{"id":"osm-way-379035009","layer":"roads","category":"road-secondary","name":"瓊安路","referenceEra":"modern_reference","source":"OpenStreetMap contributors","license":"ODbL-1.0"},"geometry":{"type":"LineString","coordinates":[[118.36189,24.458786],[118.351414,24.45929]]}},{"type":"Feature","properties":{"id":"osm-way-380238616","layer":"roads","category":"road-secondary","name":"瓊安路","referenceEra":"modern_reference","source":"OpenStreetMap contributors","license":"ODbL-1.0"},"geometry":{"type":"LineString","coordinates":[[118.349772,24.459391],[118.349327,24.459454]]}},{"type":"Feature","properties":{"id":"osm-way-380238617","layer":"roads","category":"road-secondary","name":"瓊安路","referenceEra":"modern_reference","source":"OpenStreetMap contributors","license":"ODbL-1.0"},"geometry":{"type":"LineString","coordinates":[[118.351414,24.45929],[118.349772,24.459391]]}},{"type":"Feature","properties":{"id":"osm-way-380238621","layer":"roads","category":"road-secondary","name":"東觀路","referenceEra":"modern_reference","source":"OpenStreetMap contributors","license":"ODbL-1.0"},"geometry":{"type":"LineString","coordinates":[[118.34062,24.457588],[118.341041,24.456242]]}},{"type":"Feature","properties":{"id":"osm-way-879120999","layer":"roads","category":"road-secondary","name":"伯玉路三段","referenceEra":"modern_reference","source":"OpenStreetMap contributors","license":"ODbL-1.0"},"geometry":{"type":"LineString","coordinates":[[118.364734,24.446016],[118.365004,24.446037]]}},{"type":"Feature","properties":{"id":"osm-way-879121000","layer":"roads","category":"road-secondary","name":"伯玉路三段","referenceEra":"modern_reference","source":"OpenStreetMap contributors","license":"ODbL-1.0"},"geometry":{"type":"LineString","coordinates":[[118.365286,24.446063],[118.37,24.446373]]}},{"type":"Feature","properties":{"id":"osm-way-879136506","layer":"roads","category":"road-secondary","name":"盤果路","referenceEra":"modern_reference","source":"OpenStreetMap contributors","license":"ODbL-1.0"},"geometry":{"type":"LineString","coordinates":[[118.341446,24.44],[118.340345,24.441122]]}},{"type":"Feature","properties":{"id":"osm-way-926675944","layer":"roads","category":"road-secondary","name":null,"referenceEra":"modern_reference","source":"OpenStreetMap contributors","license":"ODbL-1.0"},"geometry":{"type":"LineString","coordinates":[[118.323438,24.448217],[118.321697,24.449873]]}},{"type":"Feature","properties":{"id":"osm-way-926675945","layer":"roads","category":"road-secondary","name":null,"referenceEra":"modern_reference","source":"OpenStreetMap contributors","license":"ODbL-1.0"},"geometry":{"type":"LineString","coordinates":[[118.320726,24.448996],[118.322471,24.447348]]}},{"type":"Feature","properties":{"id":"osm-way-926675946","layer":"roads","category":"road-secondary","name":null,"referenceEra":"modern_reference","source":"OpenStreetMap contributors","license":"ODbL-1.0"},"geometry":{"type":"LineString","coordinates":[[118.322372,24.450483],[118.320726,24.448996]]}},{"type":"Feature","properties":{"id":"osm-way-1108154012","layer":"roads","category":"road-secondary","name":"中山路","referenceEra":"modern_reference","source":"OpenStreetMap contributors","license":"ODbL-1.0"},"geometry":{"type":"LineString","coordinates":[[118.365033,24.445714],[118.365004,24.446037]]}},{"type":"Feature","properties":{"id":"osm-way-1108160534","layer":"roads","category":"road-secondary","name":"寧湖路","referenceEra":"modern_reference","source":"OpenStreetMap contributors","license":"ODbL-1.0"},"geometry":{"type":"LineString","coordinates":[[118.309044,24.475156],[118.310556,24.475769]]}},{"type":"Feature","properties":{"id":"osm-way-1108160539","layer":"roads","category":"road-secondary","name":"林厝圓環","referenceEra":"modern_reference","source":"OpenStreetMap contributors","license":"ODbL-1.0"},"geometry":{"type":"LineString","coordinates":[[118.316866,24.474779],[118.316867,24.474824]]}},{"type":"Feature","properties":{"id":"osm-way-1108160540","layer":"roads","category":"road-secondary","name":"環島北路二段","referenceEra":"modern_reference","source":"OpenStreetMap contributors","license":"ODbL-1.0"},"geometry":{"type":"LineString","coordinates":[[118.359352,24.453701],[118.36223,24.454205]]}},{"type":"Feature","properties":{"id":"osm-way-1108160541","layer":"roads","category":"road-secondary","name":"伯玉路三段","referenceEra":"modern_reference","source":"OpenStreetMap contributors","license":"ODbL-1.0"},"geometry":{"type":"LineString","coordinates":[[118.359696,24.445677],[118.364734,24.446016]]}},{"type":"Feature","properties":{"id":"osm-way-1110184454","layer":"roads","category":"road-secondary","name":"慈湖路二段","referenceEra":"modern_reference","source":"OpenStreetMap contributors","license":"ODbL-1.0"},"geometry":{"type":"LineString","coordinates":[[118.307727,24.452436],[118.307923,24.452186]]}},{"type":"Feature","properties":{"id":"osm-way-1110184456","layer":"roads","category":"road-secondary","name":"慈湖路二段","referenceEra":"modern_reference","source":"OpenStreetMap contributors","license":"ODbL-1.0"},"geometry":{"type":"LineString","coordinates":[[118.307923,24.452186],[118.307957,24.452052]]}},{"type":"Feature","properties":{"id":"osm-way-1178585438","layer":"roads","category":"road-secondary","name":"瓊安路","referenceEra":"modern_reference","source":"OpenStreetMap contributors","license":"ODbL-1.0"},"geometry":{"type":"LineString","coordinates":[[118.333487,24.462161],[118.33066,24.462624]]}},{"type":"Feature","properties":{"id":"osm-way-1178585439","layer":"roads","category":"road-secondary","name":"瓊安路","referenceEra":"modern_reference","source":"OpenStreetMap contributors","license":"ODbL-1.0"},"geometry":{"type":"LineString","coordinates":[[118.33066,24.462624],[118.330173,24.462703]]}},{"type":"Feature","properties":{"id":"osm-way-1178585440","layer":"roads","category":"road-secondary","name":"瓊安路","referenceEra":"modern_reference","source":"OpenStreetMap contributors","license":"ODbL-1.0"},"geometry":{"type":"LineString","coordinates":[[118.335074,24.461897],[118.333575,24.462147]]}},{"type":"Feature","properties":{"id":"osm-way-1178585441","layer":"roads","category":"road-secondary","name":"瓊安路","referenceEra":"modern_reference","source":"OpenStreetMap contributors","license":"ODbL-1.0"},"geometry":{"type":"LineString","coordinates":[[118.333575,24.462147],[118.333487,24.462161]]}},{"type":"Feature","properties":{"id":"osm-way-1189113263","layer":"roads","category":"road-secondary","name":"林堡路","referenceEra":"modern_reference","source":"OpenStreetMap contributors","license":"ODbL-1.0"},"geometry":{"type":"LineString","coordinates":[[118.336795,24.44659],[118.336746,24.446552]]}},{"type":"Feature","properties":{"id":"osm-way-1450145467","layer":"roads","category":"road-secondary","name":"慈湖路三段","referenceEra":"modern_reference","source":"OpenStreetMap contributors","license":"ODbL-1.0"},"geometry":{"type":"LineString","coordinates":[[118.303655,24.46156],[118.303774,24.461469]]}},{"type":"Feature","properties":{"id":"osm-way-1450145468","layer":"roads","category":"road-secondary","name":"慈湖路三段","referenceEra":"modern_reference","source":"OpenStreetMap contributors","license":"ODbL-1.0"},"geometry":{"type":"LineString","coordinates":[[118.303522,24.461639],[118.303655,24.46156]]}},{"type":"Feature","properties":{"id":"osm-way-1450771026","layer":"roads","category":"road-secondary","name":"寧湖路","referenceEra":"modern_reference","source":"OpenStreetMap contributors","license":"ODbL-1.0"},"geometry":{"type":"LineString","coordinates":[[118.296203,24.47185],[118.296325,24.471899]]}},{"type":"Feature","properties":{"id":"osm-way-1485709608","layer":"roads","category":"road-secondary","name":"瓊安路","referenceEra":"modern_reference","source":"OpenStreetMap contributors","license":"ODbL-1.0"},"geometry":{"type":"LineString","coordinates":[[118.365422,24.458336],[118.365377,24.45834]]}},{"type":"Feature","properties":{"id":"osm-way-105811200","layer":"roads","category":"road-local","name":null,"referenceEra":"modern_reference","source":"OpenStreetMap contributors","license":"ODbL-1.0"},"geometry":{"type":"LineString","coordinates":[[118.315007,24.456332],[118.315393,24.45666],[118.316034,24.456898],[118.316421,24.456956],[118.317441,24.456914],[118.317838,24.457166],[118.318431,24.457311],[118.319138,24.457864],[118.31963,24.458829],[118.320242,24.459444],[118.320975,24.459804],[118.323775,24.460814],[118.324213,24.461011],[118.324188,24.461248],[118.32383,24.461848],[118.32389,24.462484],[118.323809,24.46253],[118.323507,24.462453],[118.323187,24.462406],[118.322915,24.462464],[118.321186,24.463294],[118.320441,24.463683],[118.319685,24.46464],[118.319194,24.465099],[118.319069,24.46513],[118.318616,24.465094],[118.318228,24.465192],[118.31811,24.465264],[118.318077,24.46538],[118.317841,24.46546],[118.317768,24.465688],[118.3175,24.46575],[118.316711,24.465786],[118.315944,24.465783]]}},{"type":"Feature","properties":{"id":"osm-way-105811229","layer":"roads","category":"road-local","name":"湖東路","referenceEra":"modern_reference","source":"OpenStreetMap contributors","license":"ODbL-1.0"},"geometry":{"type":"LineString","coordinates":[[118.305755,24.454761],[118.305866,24.454999],[118.306068,24.455248],[118.306436,24.455633],[118.306531,24.455703],[118.306597,24.455734],[118.307278,24.455836],[118.308126,24.456037],[118.308254,24.455994],[118.30841,24.455795],[118.308489,24.455753],[118.30858,24.455748],[118.30883,24.455893],[118.308888,24.455898],[118.308999,24.455854],[118.309154,24.45567],[118.309248,24.455438],[118.309319,24.455343],[118.309571,24.455129],[118.309673,24.455063],[118.309754,24.455045],[118.30987,24.455071],[118.310217,24.455315],[118.311285,24.455613],[118.311734,24.455889],[118.311845,24.455901],[118.312397,24.455699],[118.31259,24.455662],[118.313115,24.455737],[118.313559,24.455958],[118.314764,24.456941]]}},{"type":"Feature","properties":{"id":"osm-way-376486651","layer":"roads","category":"road-local","name":"南山林道","referenceEra":"modern_reference","source":"OpenStreetMap contributors","license":"ODbL-1.0"},"geometry":{"type":"LineString","coordinates":[[118.305078,24.479663],[118.305065,24.479571],[118.304991,24.479428],[118.304927,24.478926],[118.304852,24.478711],[118.304512,24.478314],[118.302565,24.476713],[118.302372,24.476626],[118.302123,24.476552],[118.301442,24.476035],[118.300616,24.475536],[118.299904,24.475071],[118.299225,24.474759],[118.298462,24.47457],[118.298041,24.47451],[118.297478,24.474604],[118.297405,24.474599],[118.296475,24.474263],[118.29585,24.474065],[118.295679,24.473934],[118.29538,24.473553],[118.294913,24.473269],[118.294277,24.472807],[118.293927,24.472464],[118.293687,24.472318],[118.293212,24.472095],[118.292938,24.471784],[118.292957,24.471672],[118.293052,24.471512],[118.29381,24.470658]]}},{"type":"Feature","properties":{"id":"osm-way-151082807","layer":"roads","category":"road-local","name":null,"referenceEra":"modern_reference","source":"OpenStreetMap contributors","license":"ODbL-1.0"},"geometry":{"type":"LineString","coordinates":[[118.336637,24.470705],[118.33578,24.470388],[118.335618,24.470364],[118.334727,24.470696],[118.334497,24.470755],[118.333982,24.470822],[118.333853,24.470783],[118.333445,24.470315],[118.333113,24.470003],[118.333028,24.469886],[118.332952,24.469636],[118.33293,24.468894],[118.332823,24.468694],[118.332309,24.468142],[118.332072,24.467844],[118.331911,24.467468],[118.331412,24.466814],[118.331294,24.466545],[118.330833,24.465017],[118.330689,24.464602],[118.330607,24.464451],[118.330559,24.464387],[118.33042,24.464295],[118.329981,24.464119],[118.328102,24.46296]]}},{"type":"Feature","properties":{"id":"osm-way-151082814","layer":"roads","category":"road-local","name":null,"referenceEra":"modern_reference","source":"OpenStreetMap contributors","license":"ODbL-1.0"},"geometry":{"type":"LineString","coordinates":[[118.326677,24.478478],[118.326866,24.478401],[118.327052,24.477044],[118.327081,24.476436],[118.327051,24.476025],[118.326732,24.475542],[118.326772,24.475439],[118.327239,24.475058],[118.327278,24.474993],[118.32726,24.474903],[118.326839,24.474488],[118.326557,24.474269],[118.325808,24.473976],[118.32565,24.473874],[118.3252,24.473789],[118.324696,24.473371],[118.322196,24.470892],[118.320715,24.469533]]}},{"type":"Feature","properties":{"id":"osm-way-151021980","layer":"roads","category":"road-local","name":null,"referenceEra":"modern_reference","source":"OpenStreetMap contributors","license":"ODbL-1.0"},"geometry":{"type":"LineString","coordinates":[[118.314771,24.477269],[118.316408,24.478798],[118.317823,24.480183],[118.318188,24.480581],[118.318398,24.480538],[118.318478,24.480601],[118.31865,24.480543],[118.319074,24.480191],[118.319235,24.480148],[118.319481,24.480011],[118.319658,24.479957],[118.320087,24.479547],[118.320501,24.479303],[118.321182,24.478727],[118.321455,24.478541],[118.321547,24.478502],[118.322575,24.477694]]}},{"type":"Feature","properties":{"id":"osm-way-105811278","layer":"roads","category":"road-local","name":"南山路","referenceEra":"modern_reference","source":"OpenStreetMap contributors","license":"ODbL-1.0"},"geometry":{"type":"LineString","coordinates":[[118.311198,24.488207],[118.311486,24.486136],[118.311687,24.485862],[118.311734,24.485655],[118.311332,24.485357],[118.31086,24.484927],[118.310134,24.484394],[118.309964,24.484207],[118.309503,24.483817],[118.30855,24.482901],[118.308187,24.482716],[118.30664,24.482078],[118.305992,24.481362],[118.305078,24.479663]]}},{"type":"Feature","properties":{"id":"osm-way-288790225","layer":"roads","category":"road-local","name":null,"referenceEra":"modern_reference","source":"OpenStreetMap contributors","license":"ODbL-1.0"},"geometry":{"type":"LineString","coordinates":[[118.315944,24.465783],[118.315442,24.465781],[118.315088,24.465707],[118.313924,24.465326],[118.313688,24.465336],[118.313446,24.465282],[118.313114,24.465073],[118.312979,24.465068],[118.312588,24.46558],[118.31225,24.465575],[118.31166,24.465229],[118.311316,24.464936],[118.311198,24.464682],[118.310945,24.464453]]}},{"type":"Feature","properties":{"id":"osm-way-106239888","layer":"roads","category":"road-local","name":null,"referenceEra":"modern_reference","source":"OpenStreetMap contributors","license":"ODbL-1.0"},"geometry":{"type":"LineString","coordinates":[[118.312913,24.44528],[118.313226,24.445517],[118.313536,24.445593],[118.313854,24.445718],[118.314246,24.44607],[118.314386,24.446105],[118.314943,24.446349],[118.315553,24.447203],[118.316123,24.44764],[118.31668,24.447151],[118.316907,24.446985],[118.319211,24.44497],[118.319372,24.444914]]}},{"type":"Feature","properties":{"id":"osm-way-151021974","layer":"roads","category":"road-local","name":null,"referenceEra":"modern_reference","source":"OpenStreetMap contributors","license":"ODbL-1.0"},"geometry":{"type":"LineString","coordinates":[[118.319385,24.484493],[118.319159,24.484658],[118.319036,24.484634],[118.317303,24.48295],[118.317014,24.482559],[118.316939,24.482423],[118.316617,24.482159],[118.315178,24.480809],[118.314946,24.480618],[118.314314,24.480289],[118.31419,24.480265],[118.314107,24.480219],[118.313909,24.480048]]}},{"type":"Feature","properties":{"id":"osm-way-1014239502","layer":"roads","category":"road-local","name":null,"referenceEra":"modern_reference","source":"OpenStreetMap contributors","license":"ODbL-1.0"},"geometry":{"type":"LineString","coordinates":[[118.315958,24.466567],[118.316435,24.466535],[118.316896,24.466457],[118.317438,24.466442],[118.317459,24.466428],[118.317513,24.466228],[118.318017,24.466179],[118.318521,24.466052],[118.318548,24.465964],[118.318489,24.465778],[118.31842,24.46573],[118.318124,24.465725],[118.317797,24.465764]]}},{"type":"Feature","properties":{"id":"osm-way-955347120","layer":"roads","category":"road-local","name":null,"referenceEra":"modern_reference","source":"OpenStreetMap contributors","license":"ODbL-1.0"},"geometry":{"type":"LineString","coordinates":[[118.315539,24.454857],[118.31533,24.454758],[118.315175,24.454587],[118.314671,24.454245],[118.314515,24.454377],[118.314161,24.454777],[118.314059,24.454855],[118.31399,24.454885],[118.313823,24.454782],[118.313759,24.454772],[118.313212,24.455261],[118.312922,24.45571]]}},{"type":"Feature","properties":{"id":"osm-way-105811209","layer":"roads","category":"road-local","name":null,"referenceEra":"modern_reference","source":"OpenStreetMap contributors","license":"ODbL-1.0"},"geometry":{"type":"LineString","coordinates":[[118.305065,24.479571],[118.305114,24.479485],[118.305836,24.478763],[118.30652,24.478033],[118.30696,24.477627],[118.307212,24.477482],[118.307445,24.477397],[118.30774,24.477177],[118.307899,24.476939],[118.307988,24.476886],[118.308122,24.476864]]}},{"type":"Feature","properties":{"id":"osm-way-319107578","layer":"roads","category":"road-local","name":null,"referenceEra":"modern_reference","source":"OpenStreetMap contributors","license":"ODbL-1.0"},"geometry":{"type":"LineString","coordinates":[[118.337587,24.457746],[118.33793,24.457492],[118.338015,24.457443],[118.338128,24.457434],[118.338396,24.457707],[118.338675,24.458039],[118.339105,24.458122],[118.339534,24.457531],[118.339614,24.457473],[118.339861,24.457468],[118.34062,24.457588]]}},{"type":"Feature","properties":{"id":"osm-way-319107579","layer":"roads","category":"road-local","name":null,"referenceEra":"modern_reference","source":"OpenStreetMap contributors","license":"ODbL-1.0"},"geometry":{"type":"LineString","coordinates":[[118.337973,24.461409],[118.337822,24.460959],[118.33786,24.460729],[118.337833,24.460627],[118.337753,24.46048],[118.337147,24.459992],[118.337377,24.459748],[118.337329,24.459694],[118.337511,24.459543],[118.337785,24.459162],[118.337779,24.458908]]}},{"type":"Feature","properties":{"id":"osm-way-105811313","layer":"roads","category":"road-local","name":null,"referenceEra":"modern_reference","source":"OpenStreetMap contributors","license":"ODbL-1.0"},"geometry":{"type":"LineString","coordinates":[[118.338592,24.447904],[118.339427,24.447219],[118.340094,24.446751],[118.340177,24.446762],[118.340769,24.447252],[118.340793,24.447319],[118.340773,24.447356],[118.340199,24.447885],[118.339708,24.448396],[118.339205,24.448776]]}},{"type":"Feature","properties":{"id":"osm-way-151080367","layer":"roads","category":"road-local","name":null,"referenceEra":"modern_reference","source":"OpenStreetMap contributors","license":"ODbL-1.0"},"geometry":{"type":"LineString","coordinates":[[118.311824,24.476879],[118.310979,24.477684],[118.310632,24.477749],[118.310307,24.478197],[118.309517,24.479595],[118.30906,24.480108],[118.309035,24.48022],[118.30877,24.480376],[118.308181,24.480261],[118.308301,24.480023]]}},{"type":"Feature","properties":{"id":"osm-way-288786806","layer":"roads","category":"road-local","name":null,"referenceEra":"modern_reference","source":"OpenStreetMap contributors","license":"ODbL-1.0"},"geometry":{"type":"LineString","coordinates":[[118.311569,24.444382],[118.311414,24.444338],[118.311143,24.444206],[118.310883,24.444221],[118.310767,24.444187],[118.310531,24.444024],[118.310124,24.443642],[118.3101,24.443532],[118.310129,24.443454],[118.310269,24.443366]]}},{"type":"Feature","properties":{"id":"osm-way-288790224","layer":"roads","category":"road-local","name":null,"referenceEra":"modern_reference","source":"OpenStreetMap contributors","license":"ODbL-1.0"},"geometry":{"type":"LineString","coordinates":[[118.320715,24.469533],[118.319958,24.46893],[118.319084,24.468691],[118.318853,24.468608],[118.317523,24.468529],[118.317292,24.468471],[118.317051,24.46851],[118.316638,24.468481],[118.316649,24.468378],[118.315754,24.468315]]}},{"type":"Feature","properties":{"id":"osm-way-288792877","layer":"roads","category":"road-local","name":null,"referenceEra":"modern_reference","source":"OpenStreetMap contributors","license":"ODbL-1.0"},"geometry":{"type":"LineString","coordinates":[[118.360316,24.445716],[118.360543,24.44473],[118.360631,24.444594],[118.360731,24.444499],[118.360742,24.444394],[118.36061,24.444323],[118.359714,24.44444],[118.359325,24.444384],[118.359105,24.444657],[118.358722,24.444728]]}},{"type":"Feature","properties":{"id":"osm-way-780736725","layer":"roads","category":"road-local","name":"仁堡路","referenceEra":"modern_reference","source":"OpenStreetMap contributors","license":"ODbL-1.0"},"geometry":{"type":"LineString","coordinates":[[118.336947,24.456383],[118.337587,24.457746],[118.337471,24.457872],[118.337461,24.457997],[118.337492,24.458281],[118.337418,24.458507],[118.33717,24.458796],[118.336741,24.459442],[118.335609,24.461041],[118.335074,24.461897]]}},{"type":"Feature","properties":{"id":"osm-way-151021968","layer":"roads","category":"road-local","name":null,"referenceEra":"modern_reference","source":"OpenStreetMap contributors","license":"ODbL-1.0"},"geometry":{"type":"LineString","coordinates":[[118.316839,24.480791],[118.316839,24.481124],[118.316707,24.481236],[118.316359,24.481231],[118.316149,24.481314],[118.315903,24.48148],[118.313752,24.483526],[118.312763,24.484431],[118.310287,24.486827]]}},{"type":"Feature","properties":{"id":"osm-way-222018201","layer":"roads","category":"road-local","name":null,"referenceEra":"modern_reference","source":"OpenStreetMap contributors","license":"ODbL-1.0"},"geometry":{"type":"LineString","coordinates":[[118.337688,24.444001],[118.33786,24.444215],[118.338541,24.444888],[118.338933,24.445481],[118.339169,24.445739],[118.340499,24.446726],[118.340521,24.446769],[118.340499,24.446812],[118.340371,24.44694]]}},{"type":"Feature","properties":{"id":"osm-way-275483067","layer":"roads","category":"road-local","name":null,"referenceEra":"modern_reference","source":"OpenStreetMap contributors","license":"ODbL-1.0"},"geometry":{"type":"LineString","coordinates":[[118.317544,24.449914],[118.317617,24.450067],[118.318318,24.450738],[118.319651,24.452157],[118.320939,24.453576],[118.322306,24.454997],[118.323084,24.455895],[118.323637,24.456491],[118.321772,24.457929]]}},{"type":"Feature","properties":{"id":"osm-way-288787569","layer":"roads","category":"road-local","name":null,"referenceEra":"modern_reference","source":"OpenStreetMap contributors","license":"ODbL-1.0"},"geometry":{"type":"LineString","coordinates":[[118.304353,24.457101],[118.30425,24.457155],[118.30411,24.457302],[118.30403,24.457468],[118.30389,24.457908],[118.303746,24.458069],[118.30352,24.458186],[118.303338,24.458244],[118.303123,24.458738]]}},{"type":"Feature","properties":{"id":"osm-way-955287841","layer":"roads","category":"road-local","name":null,"referenceEra":"modern_reference","source":"OpenStreetMap contributors","license":"ODbL-1.0"},"geometry":{"type":"LineString","coordinates":[[118.310953,24.479056],[118.310904,24.479209],[118.310802,24.479342],[118.310453,24.479688],[118.310523,24.479758],[118.310498,24.479846],[118.310343,24.4801],[118.310263,24.480155],[118.310099,24.480375]]}},{"type":"Feature","properties":{"id":"osm-way-955400115","layer":"roads","category":"road-local","name":null,"referenceEra":"modern_reference","source":"OpenStreetMap contributors","license":"ODbL-1.0"},"geometry":{"type":"LineString","coordinates":[[118.330849,24.44694],[118.331417,24.447731],[118.331535,24.447809],[118.331648,24.447833],[118.331884,24.447823],[118.332624,24.44754],[118.332812,24.447438],[118.332914,24.447316],[118.332812,24.447154]]}},{"type":"Feature","properties":{"id":"osm-way-106239846","layer":"roads","category":"road-local","name":null,"referenceEra":"modern_reference","source":"OpenStreetMap contributors","license":"ODbL-1.0"},"geometry":{"type":"LineString","coordinates":[[118.31615,24.442412],[118.315453,24.443052],[118.313766,24.444497],[118.312913,24.44528],[118.312464,24.445048],[118.312037,24.444707],[118.31214,24.444526],[118.311584,24.444126]]}},{"type":"Feature","properties":{"id":"osm-way-151021967","layer":"roads","category":"road-local","name":null,"referenceEra":"modern_reference","source":"OpenStreetMap contributors","license":"ODbL-1.0"},"geometry":{"type":"LineString","coordinates":[[118.315305,24.471672],[118.317966,24.473142],[118.318392,24.473535],[118.319364,24.474517],[118.321495,24.476571],[118.322842,24.477952],[118.324691,24.475529],[118.325808,24.473976]]}},{"type":"Feature","properties":{"id":"osm-way-151021977","layer":"roads","category":"road-local","name":null,"referenceEra":"modern_reference","source":"OpenStreetMap contributors","license":"ODbL-1.0"},"geometry":{"type":"LineString","coordinates":[[118.308637,24.450347],[118.309214,24.450773],[118.309386,24.450978],[118.30915,24.45131],[118.308932,24.451349],[118.308812,24.451403],[118.308635,24.45153],[118.308059,24.451516]]}},{"type":"Feature","properties":{"id":"osm-way-151074069","layer":"roads","category":"road-local","name":null,"referenceEra":"modern_reference","source":"OpenStreetMap contributors","license":"ODbL-1.0"},"geometry":{"type":"LineString","coordinates":[[118.313193,24.481488],[118.316048,24.484034],[118.316259,24.484085],[118.316316,24.484161],[118.316485,24.484299],[118.316542,24.484415],[118.31681,24.484708],[118.317541,24.485364]]}},{"type":"Feature","properties":{"id":"osm-way-319107574","layer":"roads","category":"road-local","name":null,"referenceEra":"modern_reference","source":"OpenStreetMap contributors","license":"ODbL-1.0"},"geometry":{"type":"LineString","coordinates":[[118.339829,24.460114],[118.339534,24.459938],[118.339319,24.459753],[118.338745,24.459387],[118.338541,24.459191],[118.337779,24.458908],[118.33742,24.458591],[118.337418,24.458507]]}},{"type":"Feature","properties":{"id":"osm-way-607346924","layer":"roads","category":"road-local","name":"湖峰一街","referenceEra":"modern_reference","source":"OpenStreetMap contributors","license":"ODbL-1.0"},"geometry":{"type":"LineString","coordinates":[[118.305401,24.451947],[118.305408,24.451648],[118.305432,24.451554],[118.305879,24.45096],[118.30598,24.4509],[118.307089,24.450921],[118.307272,24.450944],[118.308082,24.451358]]}},{"type":"Feature","properties":{"id":"osm-way-955287853","layer":"roads","category":"road-local","name":null,"referenceEra":"modern_reference","source":"OpenStreetMap contributors","license":"ODbL-1.0"},"geometry":{"type":"LineString","coordinates":[[118.306059,24.476104],[118.306645,24.476591],[118.306744,24.476564],[118.306798,24.476595],[118.30774,24.477177],[118.307866,24.477305],[118.30804,24.477358],[118.308446,24.476975]]}},{"type":"Feature","properties":{"id":"osm-way-955347129","layer":"roads","category":"road-local","name":null,"referenceEra":"modern_reference","source":"OpenStreetMap contributors","license":"ODbL-1.0"},"geometry":{"type":"LineString","coordinates":[[118.325726,24.46302],[118.325436,24.462747],[118.325339,24.462625],[118.325318,24.462551],[118.325329,24.462454],[118.325414,24.46219],[118.325243,24.462024],[118.325084,24.461669]]}},{"type":"Feature","properties":{"id":"osm-way-1079705787","layer":"roads","category":"road-local","name":"湖峰六街","referenceEra":"modern_reference","source":"OpenStreetMap contributors","license":"ODbL-1.0"},"geometry":{"type":"LineString","coordinates":[[118.305988,24.452656],[118.305983,24.452712],[118.305936,24.452787],[118.30498,24.453948],[118.304975,24.45402],[118.305007,24.454078],[118.30533,24.454298],[118.305421,24.454298]]}},{"type":"Feature","properties":{"id":"osm-way-1108160535","layer":"roads","category":"road-local","name":null,"referenceEra":"modern_reference","source":"OpenStreetMap contributors","license":"ODbL-1.0"},"geometry":{"type":"LineString","coordinates":[[118.308122,24.476864],[118.308242,24.476936],[118.308446,24.476975],[118.3087,24.47708],[118.308951,24.47729],[118.309417,24.477311],[118.310281,24.476169],[118.310556,24.475769]]}},{"type":"Feature","properties":{"id":"osm-way-1108285621","layer":"roads","category":"road-local","name":null,"referenceEra":"modern_reference","source":"OpenStreetMap contributors","license":"ODbL-1.0"},"geometry":{"type":"LineString","coordinates":[[118.364634,24.460593],[118.364923,24.460393],[118.365047,24.460217],[118.365224,24.459724],[118.365347,24.459177],[118.365422,24.459026],[118.365428,24.458908],[118.365234,24.458351]]}},{"type":"Feature","properties":{"id":"osm-way-105811362","layer":"roads","category":"road-local","name":null,"referenceEra":"modern_reference","source":"OpenStreetMap contributors","license":"ODbL-1.0"},"geometry":{"type":"LineString","coordinates":[[118.313691,24.477865],[118.31456,24.478714],[118.315438,24.479514],[118.316268,24.480224],[118.316839,24.480791],[118.317223,24.481127],[118.317475,24.481315]]}},{"type":"Feature","properties":{"id":"osm-way-106239991","layer":"roads","category":"road-local","name":null,"referenceEra":"modern_reference","source":"OpenStreetMap contributors","license":"ODbL-1.0"},"geometry":{"type":"LineString","coordinates":[[118.333598,24.450004],[118.334201,24.450119],[118.334657,24.450595],[118.335081,24.450751],[118.335173,24.450995],[118.335244,24.451111],[118.335648,24.451494]]}},{"type":"Feature","properties":{"id":"osm-way-151021970","layer":"roads","category":"road-local","name":null,"referenceEra":"modern_reference","source":"OpenStreetMap contributors","license":"ODbL-1.0"},"geometry":{"type":"LineString","coordinates":[[118.31894,24.476413],[118.318787,24.476793],[118.31877,24.477013],[118.318245,24.477477],[118.318014,24.477408],[118.316408,24.478798],[118.315533,24.479588]]}},{"type":"Feature","properties":{"id":"osm-way-151021978","layer":"roads","category":"road-local","name":null,"referenceEra":"modern_reference","source":"OpenStreetMap contributors","license":"ODbL-1.0"},"geometry":{"type":"LineString","coordinates":[[118.323253,24.474148],[118.322746,24.474787],[118.321495,24.476571],[118.320452,24.477918],[118.317338,24.480609],[118.316912,24.480702],[118.316839,24.480791]]}},{"type":"Feature","properties":{"id":"osm-way-288787151","layer":"roads","category":"road-local","name":null,"referenceEra":"modern_reference","source":"OpenStreetMap contributors","license":"ODbL-1.0"},"geometry":{"type":"LineString","coordinates":[[118.306019,24.454475],[118.305854,24.454527],[118.305587,24.454551],[118.305408,24.454528],[118.305172,24.454432],[118.305022,24.454436],[118.30486,24.454485]]}},{"type":"Feature","properties":{"id":"osm-way-319107576","layer":"roads","category":"road-local","name":null,"referenceEra":"modern_reference","source":"OpenStreetMap contributors","license":"ODbL-1.0"},"geometry":{"type":"LineString","coordinates":[[118.341116,24.455983],[118.341288,24.456003],[118.34161,24.455959],[118.341712,24.455973],[118.34183,24.456086],[118.341915,24.45612],[118.34205,24.456047]]}},{"type":"Feature","properties":{"id":"osm-way-473747743","layer":"roads","category":"road-local","name":null,"referenceEra":"modern_reference","source":"OpenStreetMap contributors","license":"ODbL-1.0"},"geometry":{"type":"LineString","coordinates":[[118.313226,24.481413],[118.313143,24.481437],[118.31295,24.481377],[118.312701,24.481204],[118.312046,24.480663],[118.311869,24.480574],[118.311382,24.480157]]}},{"type":"Feature","properties":{"id":"osm-way-473750229","layer":"roads","category":"road-local","name":null,"referenceEra":"modern_reference","source":"OpenStreetMap contributors","license":"ODbL-1.0"},"geometry":{"type":"LineString","coordinates":[[118.30906,24.480108],[118.30927,24.480151],[118.309537,24.480151],[118.309706,24.479741],[118.310148,24.479218],[118.310434,24.479071],[118.310475,24.478977]]}},{"type":"Feature","properties":{"id":"osm-way-955347136","layer":"roads","category":"road-local","name":null,"referenceEra":"modern_reference","source":"OpenStreetMap contributors","license":"ODbL-1.0"},"geometry":{"type":"LineString","coordinates":[[118.307093,24.479302],[118.307187,24.479294],[118.30762,24.47882],[118.30772,24.478625],[118.30789,24.478454],[118.307978,24.478302],[118.308951,24.47729]]}},{"type":"Feature","properties":{"id":"osm-way-1108285622","layer":"roads","category":"road-local","name":null,"referenceEra":"modern_reference","source":"OpenStreetMap contributors","license":"ODbL-1.0"},"geometry":{"type":"LineString","coordinates":[[118.364634,24.460593],[118.364376,24.46071],[118.364135,24.460852],[118.36392,24.46091],[118.363448,24.46094],[118.362772,24.461067],[118.361067,24.461491]]}},{"type":"Feature","properties":{"id":"osm-way-151021322","layer":"roads","category":"road-local","name":null,"referenceEra":"modern_reference","source":"OpenStreetMap contributors","license":"ODbL-1.0"},"geometry":{"type":"LineString","coordinates":[[118.319925,24.443061],[118.319512,24.443392],[118.316534,24.446031],[118.315901,24.446641],[118.315858,24.446771],[118.315512,24.447135]]}},{"type":"Feature","properties":{"id":"osm-way-151021328","layer":"roads","category":"road-local","name":null,"referenceEra":"modern_reference","source":"OpenStreetMap contributors","license":"ODbL-1.0"},"geometry":{"type":"LineString","coordinates":[[118.320482,24.441269],[118.319747,24.441875],[118.316871,24.444412],[118.314986,24.446036],[118.315061,24.446163],[118.314943,24.446349]]}},{"type":"Feature","properties":{"id":"osm-way-151021966","layer":"roads","category":"road-local","name":null,"referenceEra":"modern_reference","source":"OpenStreetMap contributors","license":"ODbL-1.0"},"geometry":{"type":"LineString","coordinates":[[118.316047,24.480028],[118.315787,24.48023],[118.314246,24.481729],[118.313849,24.482071],[118.312024,24.483793],[118.310169,24.485577]]}},{"type":"Feature","properties":{"id":"osm-way-151021976","layer":"roads","category":"road-local","name":null,"referenceEra":"modern_reference","source":"OpenStreetMap contributors","license":"ODbL-1.0"},"geometry":{"type":"LineString","coordinates":[[118.316867,24.474824],[118.317607,24.475166],[118.318244,24.475599],[118.318443,24.475867],[118.31894,24.476413],[118.319726,24.477172]]}},{"type":"Feature","properties":{"id":"osm-way-151070946","layer":"roads","category":"road-local","name":null,"referenceEra":"modern_reference","source":"OpenStreetMap contributors","license":"ODbL-1.0"},"geometry":{"type":"LineString","coordinates":[[118.316048,24.484034],[118.315952,24.484093],[118.31563,24.4842],[118.315565,24.484278],[118.31549,24.4846],[118.311787,24.488101]]}},{"type":"Feature","properties":{"id":"osm-way-282201602","layer":"roads","category":"road-local","name":null,"referenceEra":"modern_reference","source":"OpenStreetMap contributors","license":"ODbL-1.0"},"geometry":{"type":"LineString","coordinates":[[118.34073,24.448255],[118.339758,24.449117],[118.339656,24.449147],[118.339586,24.449122],[118.339305,24.448824],[118.339205,24.448776]]}},{"type":"Feature","properties":{"id":"osm-way-282206599","layer":"roads","category":"road-local","name":"仁堡路","referenceEra":"modern_reference","source":"OpenStreetMap contributors","license":"ODbL-1.0"},"geometry":{"type":"LineString","coordinates":[[118.333209,24.45177],[118.333448,24.452014],[118.334193,24.45267],[118.335085,24.453291],[118.335789,24.45399],[118.336884,24.456244]]}},{"type":"Feature","properties":{"id":"osm-way-288786813","layer":"roads","category":"road-local","name":null,"referenceEra":"modern_reference","source":"OpenStreetMap contributors","license":"ODbL-1.0"},"geometry":{"type":"LineString","coordinates":[[118.312583,24.442922],[118.312937,24.443251],[118.312956,24.443354],[118.312911,24.443442],[118.313171,24.443701],[118.31331,24.443608]]}},{"type":"Feature","properties":{"id":"osm-way-288786816","layer":"roads","category":"road-local","name":null,"referenceEra":"modern_reference","source":"OpenStreetMap contributors","license":"ODbL-1.0"},"geometry":{"type":"LineString","coordinates":[[118.31214,24.444526],[118.312325,24.444306],[118.312499,24.44429],[118.312607,24.444209],[118.312624,24.444055],[118.312358,24.443759]]}},{"type":"Feature","properties":{"id":"osm-way-288786818","layer":"roads","category":"road-local","name":null,"referenceEra":"modern_reference","source":"OpenStreetMap contributors","license":"ODbL-1.0"},"geometry":{"type":"LineString","coordinates":[[118.312627,24.445139],[118.312624,24.444912],[118.313012,24.444602],[118.313155,24.444572],[118.313246,24.444509],[118.313522,24.44424]]}},{"type":"Feature","properties":{"id":"osm-way-288787144","layer":"roads","category":"road-local","name":null,"referenceEra":"modern_reference","source":"OpenStreetMap contributors","license":"ODbL-1.0"},"geometry":{"type":"LineString","coordinates":[[118.311598,24.445329],[118.311191,24.445857],[118.311091,24.445868],[118.310885,24.445812],[118.30983,24.447074],[118.308416,24.448888]]}},{"type":"Feature","properties":{"id":"osm-way-288787145","layer":"roads","category":"road-local","name":null,"referenceEra":"modern_reference","source":"OpenStreetMap contributors","license":"ODbL-1.0"},"geometry":{"type":"LineString","coordinates":[[118.310693,24.447633],[118.308989,24.446525],[118.307633,24.448285],[118.307639,24.448334],[118.308416,24.448888],[118.309235,24.449551]]}},{"type":"Feature","properties":{"id":"osm-way-288787152","layer":"roads","category":"road-local","name":null,"referenceEra":"modern_reference","source":"OpenStreetMap contributors","license":"ODbL-1.0"},"geometry":{"type":"LineString","coordinates":[[118.30486,24.454485],[118.304519,24.454565],[118.303512,24.454708],[118.303399,24.454696],[118.30304,24.454581],[118.30286,24.454497]]}},{"type":"Feature","properties":{"id":"osm-way-319107588","layer":"roads","category":"road-local","name":null,"referenceEra":"modern_reference","source":"OpenStreetMap contributors","license":"ODbL-1.0"},"geometry":{"type":"LineString","coordinates":[[118.339614,24.457473],[118.339888,24.456935],[118.339646,24.456686],[118.339668,24.456457],[118.33985,24.456227],[118.340956,24.456512]]}},{"type":"Feature","properties":{"id":"osm-way-342956675","layer":"roads","category":"road-local","name":null,"referenceEra":"modern_reference","source":"OpenStreetMap contributors","license":"ODbL-1.0"},"geometry":{"type":"LineString","coordinates":[[118.308122,24.476864],[118.308025,24.476697],[118.308234,24.476284],[118.308578,24.475957],[118.308673,24.475838],[118.308922,24.475388]]}},{"type":"Feature","properties":{"id":"osm-way-552781231","layer":"roads","category":"road-local","name":null,"referenceEra":"modern_reference","source":"OpenStreetMap contributors","license":"ODbL-1.0"},"geometry":{"type":"LineString","coordinates":[[118.311119,24.455562],[118.31107,24.455368],[118.310876,24.455119],[118.310973,24.454807],[118.311151,24.454653],[118.312125,24.454058]]}},{"type":"Feature","properties":{"id":"osm-way-875258689","layer":"roads","category":"road-local","name":null,"referenceEra":"modern_reference","source":"OpenStreetMap contributors","license":"ODbL-1.0"},"geometry":{"type":"LineString","coordinates":[[118.320002,24.44314],[118.321076,24.444303],[118.321096,24.444311],[118.321308,24.444112],[118.321361,24.444118],[118.322964,24.445535]]}},{"type":"Feature","properties":{"id":"osm-way-955347134","layer":"roads","category":"road-local","name":null,"referenceEra":"modern_reference","source":"OpenStreetMap contributors","license":"ODbL-1.0"},"geometry":{"type":"LineString","coordinates":[[118.327619,24.465102],[118.327351,24.465388],[118.327174,24.465461],[118.326847,24.465183],[118.326651,24.464951],[118.325913,24.465998]]}},{"type":"Feature","properties":{"id":"osm-way-1014239507","layer":"roads","category":"road-local","name":null,"referenceEra":"modern_reference","source":"OpenStreetMap contributors","license":"ODbL-1.0"},"geometry":{"type":"LineString","coordinates":[[118.319783,24.465627],[118.320029,24.465959],[118.320394,24.465754],[118.320866,24.465754],[118.321263,24.465666],[118.321456,24.465578]]}},{"type":"Feature","properties":{"id":"osm-way-1014239509","layer":"roads","category":"road-local","name":null,"referenceEra":"modern_reference","source":"OpenStreetMap contributors","license":"ODbL-1.0"},"geometry":{"type":"LineString","coordinates":[[118.318548,24.465964],[118.318898,24.465896],[118.318946,24.465832],[118.318962,24.46573],[118.319225,24.465417],[118.319069,24.46513]]}},{"type":"Feature","properties":{"id":"osm-way-281393013","layer":"roads","category":"road-local","name":null,"referenceEra":"modern_reference","source":"OpenStreetMap contributors","license":"ODbL-1.0"},"geometry":{"type":"LineString","coordinates":[[118.32061,24.441343],[118.320482,24.441269],[118.31984,24.440626],[118.318807,24.440136],[118.318635,24.44]]}},{"type":"Feature","properties":{"id":"osm-way-288786807","layer":"roads","category":"road-local","name":null,"referenceEra":"modern_reference","source":"OpenStreetMap contributors","license":"ODbL-1.0"},"geometry":{"type":"LineString","coordinates":[[118.308828,24.443271],[118.309536,24.443554],[118.309711,24.443588],[118.309856,24.443574],[118.310124,24.443642]]}},{"type":"Feature","properties":{"id":"osm-way-288786812","layer":"roads","category":"road-local","name":null,"referenceEra":"modern_reference","source":"OpenStreetMap contributors","license":"ODbL-1.0"},"geometry":{"type":"LineString","coordinates":[[118.311584,24.444126],[118.311744,24.443996],[118.312527,24.443229],[118.31254,24.443188],[118.312707,24.443019]]}},{"type":"Feature","properties":{"id":"osm-way-288786817","layer":"roads","category":"road-local","name":null,"referenceEra":"modern_reference","source":"OpenStreetMap contributors","license":"ODbL-1.0"},"geometry":{"type":"LineString","coordinates":[[118.313766,24.444497],[118.313522,24.44424],[118.313458,24.444087],[118.313332,24.443947],[118.313171,24.443701]]}},{"type":"Feature","properties":{"id":"osm-way-288786823","layer":"roads","category":"road-local","name":null,"referenceEra":"modern_reference","source":"OpenStreetMap contributors","license":"ODbL-1.0"},"geometry":{"type":"LineString","coordinates":[[118.312862,24.444233],[118.312825,24.444177],[118.312956,24.444069],[118.313109,24.444084],[118.313332,24.443947]]}},{"type":"Feature","properties":{"id":"osm-way-288787150","layer":"roads","category":"road-local","name":null,"referenceEra":"modern_reference","source":"OpenStreetMap contributors","license":"ODbL-1.0"},"geometry":{"type":"LineString","coordinates":[[118.305058,24.45523],[118.305037,24.455126],[118.304917,24.454946],[118.304862,24.454808],[118.30486,24.454485]]}},{"type":"Feature","properties":{"id":"osm-way-288787568","layer":"roads","category":"road-local","name":null,"referenceEra":"modern_reference","source":"OpenStreetMap contributors","license":"ODbL-1.0"},"geometry":{"type":"LineString","coordinates":[[118.30427,24.4563],[118.304153,24.456143],[118.303923,24.455977],[118.303391,24.455858],[118.302606,24.455753]]}},{"type":"Feature","properties":{"id":"osm-way-607346929","layer":"roads","category":"road-local","name":"湖峰路","referenceEra":"modern_reference","source":"OpenStreetMap contributors","license":"ODbL-1.0"},"geometry":{"type":"LineString","coordinates":[[118.305421,24.454298],[118.305477,24.454264],[118.306487,24.453043],[118.306569,24.452893],[118.306598,24.452672]]}},{"type":"Feature","properties":{"id":"osm-way-955287838","layer":"roads","category":"road-local","name":null,"referenceEra":"modern_reference","source":"OpenStreetMap contributors","license":"ODbL-1.0"},"geometry":{"type":"LineString","coordinates":[[118.309645,24.481251],[118.309457,24.481505],[118.30895,24.481838],[118.308059,24.48254],[118.307986,24.482645]]}},{"type":"Feature","properties":{"id":"osm-way-955287839","layer":"roads","category":"road-local","name":null,"referenceEra":"modern_reference","source":"OpenStreetMap contributors","license":"ODbL-1.0"},"geometry":{"type":"LineString","coordinates":[[118.311407,24.47914],[118.311494,24.478778],[118.311742,24.478336],[118.312122,24.477837],[118.312378,24.477625]]}},{"type":"Feature","properties":{"id":"osm-way-955347127","layer":"roads","category":"road-local","name":null,"referenceEra":"modern_reference","source":"OpenStreetMap contributors","license":"ODbL-1.0"},"geometry":{"type":"LineString","coordinates":[[118.326166,24.462522],[118.325892,24.4628],[118.325543,24.463269],[118.325479,24.463401],[118.325179,24.463694]]}},{"type":"Feature","properties":{"id":"osm-way-955347130","layer":"roads","category":"road-local","name":null,"referenceEra":"modern_reference","source":"OpenStreetMap contributors","license":"ODbL-1.0"},"geometry":{"type":"LineString","coordinates":[[118.324336,24.460331],[118.324133,24.460602],[118.324213,24.461011],[118.324513,24.461163],[118.325084,24.461669]]}},{"type":"Feature","properties":{"id":"osm-way-955399652","layer":"roads","category":"road-local","name":null,"referenceEra":"modern_reference","source":"OpenStreetMap contributors","license":"ODbL-1.0"},"geometry":{"type":"LineString","coordinates":[[118.315659,24.469009],[118.317068,24.469703],[118.317652,24.47003],[118.317668,24.470064],[118.316214,24.472177]]}},{"type":"Feature","properties":{"id":"osm-way-1014239510","layer":"roads","category":"road-local","name":null,"referenceEra":"modern_reference","source":"OpenStreetMap contributors","license":"ODbL-1.0"},"geometry":{"type":"LineString","coordinates":[[118.31595,24.46488],[118.317229,24.464988],[118.317652,24.465212],[118.317856,24.465219],[118.31811,24.465264]]}},{"type":"Feature","properties":{"id":"osm-way-1014239514","layer":"roads","category":"road-local","name":null,"referenceEra":"modern_reference","source":"OpenStreetMap contributors","license":"ODbL-1.0"},"geometry":{"type":"LineString","coordinates":[[118.318228,24.465192],[118.317894,24.465031],[118.317916,24.464895],[118.31775,24.464807],[118.31753,24.464758]]}},{"type":"Feature","properties":{"id":"osm-way-1014239517","layer":"roads","category":"road-local","name":null,"referenceEra":"modern_reference","source":"OpenStreetMap contributors","license":"ODbL-1.0"},"geometry":{"type":"LineString","coordinates":[[118.317589,24.46573],[118.317637,24.465959],[118.317664,24.465998],[118.317755,24.466008],[118.318002,24.465949]]}},{"type":"Feature","properties":{"id":"osm-way-1178586648","layer":"roads","category":"road-local","name":null,"referenceEra":"modern_reference","source":"OpenStreetMap contributors","license":"ODbL-1.0"},"geometry":{"type":"LineString","coordinates":[[118.3165,24.467533],[118.316585,24.467482],[118.316722,24.467453],[118.316843,24.46745],[118.317152,24.46751]]}},{"type":"Feature","properties":{"id":"osm-way-1455442944","layer":"roads","category":"road-local","name":null,"referenceEra":"modern_reference","source":"OpenStreetMap contributors","license":"ODbL-1.0"},"geometry":{"type":"LineString","coordinates":[[118.309456,24.480151],[118.309781,24.480361],[118.309959,24.480412],[118.310099,24.480375],[118.310437,24.48062]]}},{"type":"Feature","properties":{"id":"osm-way-151021324","layer":"roads","category":"road-local","name":null,"referenceEra":"modern_reference","source":"OpenStreetMap contributors","license":"ODbL-1.0"},"geometry":{"type":"LineString","coordinates":[[118.314743,24.44],[118.315307,24.440538],[118.315823,24.440937],[118.316489,24.441626]]}},{"type":"Feature","properties":{"id":"osm-way-151021332","layer":"roads","category":"road-local","name":null,"referenceEra":"modern_reference","source":"OpenStreetMap contributors","license":"ODbL-1.0"},"geometry":{"type":"LineString","coordinates":[[118.309386,24.450978],[118.310373,24.449718],[118.311332,24.44855],[118.313536,24.445593]]}},{"type":"Feature","properties":{"id":"osm-way-151070947","layer":"roads","category":"road-local","name":null,"referenceEra":"modern_reference","source":"OpenStreetMap contributors","license":"ODbL-1.0"},"geometry":{"type":"LineString","coordinates":[[118.316542,24.484415],[118.316413,24.485264],[118.316413,24.485479],[118.316692,24.486524]]}},{"type":"Feature","properties":{"id":"osm-way-151074065","layer":"roads","category":"road-local","name":null,"referenceEra":"modern_reference","source":"OpenStreetMap contributors","license":"ODbL-1.0"},"geometry":{"type":"LineString","coordinates":[[118.317014,24.482559],[118.316635,24.48345],[118.316372,24.483992],[118.316259,24.484085]]}},{"type":"Feature","properties":{"id":"osm-way-151074066","layer":"roads","category":"road-local","name":null,"referenceEra":"modern_reference","source":"OpenStreetMap contributors","license":"ODbL-1.0"},"geometry":{"type":"LineString","coordinates":[[118.315945,24.487405],[118.315966,24.487298],[118.315934,24.48723],[118.311257,24.483126]]}},{"type":"Feature","properties":{"id":"osm-way-151074690","layer":"roads","category":"road-local","name":null,"referenceEra":"modern_reference","source":"OpenStreetMap contributors","license":"ODbL-1.0"},"geometry":{"type":"LineString","coordinates":[[118.31456,24.478714],[118.313992,24.479207],[118.313835,24.479311],[118.313535,24.47964]]}},{"type":"Feature","properties":{"id":"osm-way-151074698","layer":"roads","category":"road-local","name":null,"referenceEra":"modern_reference","source":"OpenStreetMap contributors","license":"ODbL-1.0"},"geometry":{"type":"LineString","coordinates":[[118.304451,24.485245],[118.305778,24.484185],[118.307261,24.48322],[118.307986,24.482645]]}},{"type":"Feature","properties":{"id":"osm-way-275483232","layer":"roads","category":"road-local","name":null,"referenceEra":"modern_reference","source":"OpenStreetMap contributors","license":"ODbL-1.0"},"geometry":{"type":"LineString","coordinates":[[118.319024,24.446042],[118.319915,24.446978],[118.318499,24.448096],[118.318226,24.448362]]}},{"type":"Feature","properties":{"id":"osm-way-280414852","layer":"roads","category":"road-local","name":null,"referenceEra":"modern_reference","source":"OpenStreetMap contributors","license":"ODbL-1.0"},"geometry":{"type":"LineString","coordinates":[[118.318971,24.451447],[118.317762,24.452427],[118.317762,24.452769],[118.31699,24.453841]]}},{"type":"Feature","properties":{"id":"osm-way-288786814","layer":"roads","category":"road-local","name":null,"referenceEra":"modern_reference","source":"OpenStreetMap contributors","license":"ODbL-1.0"},"geometry":{"type":"LineString","coordinates":[[118.313591,24.443363],[118.313519,24.443295],[118.313447,24.443347],[118.313329,24.443247]]}},{"type":"Feature","properties":{"id":"osm-way-288786815","layer":"roads","category":"road-local","name":null,"referenceEra":"modern_reference","source":"OpenStreetMap contributors","license":"ODbL-1.0"},"geometry":{"type":"LineString","coordinates":[[118.313053,24.443584],[118.312857,24.443732],[118.31287,24.443754],[118.312567,24.443977]]}},{"type":"Feature","properties":{"id":"osm-way-288786819","layer":"roads","category":"road-local","name":null,"referenceEra":"modern_reference","source":"OpenStreetMap contributors","license":"ODbL-1.0"},"geometry":{"type":"LineString","coordinates":[[118.311594,24.445642],[118.311926,24.445715],[118.312256,24.445415],[118.312627,24.445139]]}},{"type":"Feature","properties":{"id":"osm-way-288786822","layer":"roads","category":"road-local","name":null,"referenceEra":"modern_reference","source":"OpenStreetMap contributors","license":"ODbL-1.0"},"geometry":{"type":"LineString","coordinates":[[118.312766,24.444612],[118.312911,24.444487],[118.312913,24.444309],[118.312862,24.444233]]}},{"type":"Feature","properties":{"id":"osm-way-288787146","layer":"roads","category":"road-local","name":null,"referenceEra":"modern_reference","source":"OpenStreetMap contributors","license":"ODbL-1.0"},"geometry":{"type":"LineString","coordinates":[[118.308416,24.448888],[118.307341,24.450254],[118.307297,24.450365],[118.307206,24.450931]]}},{"type":"Feature","properties":{"id":"osm-way-301501074","layer":"roads","category":"road-local","name":null,"referenceEra":"modern_reference","source":"OpenStreetMap contributors","license":"ODbL-1.0"},"geometry":{"type":"LineString","coordinates":[[118.327852,24.441814],[118.328045,24.442055],[118.328316,24.442527],[118.328464,24.443127]]}},{"type":"Feature","properties":{"id":"osm-way-473747969","layer":"roads","category":"road-local","name":null,"referenceEra":"modern_reference","source":"OpenStreetMap contributors","license":"ODbL-1.0"},"geometry":{"type":"LineString","coordinates":[[118.31129,24.48006],[118.311482,24.479803],[118.31137,24.47975],[118.310434,24.479071]]}},{"type":"Feature","properties":{"id":"osm-way-474844724","layer":"roads","category":"road-local","name":null,"referenceEra":"modern_reference","source":"OpenStreetMap contributors","license":"ODbL-1.0"},"geometry":{"type":"LineString","coordinates":[[118.31298,24.488869],[118.312914,24.488847],[118.311787,24.488101],[118.311246,24.487861]]}},{"type":"Feature","properties":{"id":"osm-way-955287837","layer":"roads","category":"road-local","name":null,"referenceEra":"modern_reference","source":"OpenStreetMap contributors","license":"ODbL-1.0"},"geometry":{"type":"LineString","coordinates":[[118.309645,24.481251],[118.309488,24.480951],[118.309473,24.480709],[118.309781,24.480361]]}},{"type":"Feature","properties":{"id":"osm-way-955287842","layer":"roads","category":"road-local","name":null,"referenceEra":"modern_reference","source":"OpenStreetMap contributors","license":"ODbL-1.0"},"geometry":{"type":"LineString","coordinates":[[118.311407,24.47914],[118.310363,24.478951],[118.310231,24.478913],[118.309992,24.478774]]}},{"type":"Feature","properties":{"id":"osm-way-955347121","layer":"roads","category":"road-local","name":null,"referenceEra":"modern_reference","source":"OpenStreetMap contributors","license":"ODbL-1.0"},"geometry":{"type":"LineString","coordinates":[[118.32277,24.461208],[118.322475,24.461076],[118.322298,24.460945],[118.322614,24.460397]]}},{"type":"Feature","properties":{"id":"osm-way-955347122","layer":"roads","category":"road-local","name":null,"referenceEra":"modern_reference","source":"OpenStreetMap contributors","license":"ODbL-1.0"},"geometry":{"type":"LineString","coordinates":[[118.323775,24.460814],[118.323666,24.461383],[118.323677,24.461427],[118.323937,24.461652]]}},{"type":"Feature","properties":{"id":"osm-way-955399647","layer":"roads","category":"road-local","name":null,"referenceEra":"modern_reference","source":"OpenStreetMap contributors","license":"ODbL-1.0"},"geometry":{"type":"LineString","coordinates":[[118.326734,24.474407],[118.323601,24.478638],[118.323569,24.478653],[118.322842,24.477952]]}},{"type":"Feature","properties":{"id":"osm-way-1014239506","layer":"roads","category":"road-local","name":null,"referenceEra":"modern_reference","source":"OpenStreetMap contributors","license":"ODbL-1.0"},"geometry":{"type":"LineString","coordinates":[[118.321456,24.465578],[118.321896,24.465837],[118.322304,24.465857],[118.323028,24.466114]]}},{"type":"Feature","properties":{"id":"osm-way-1014239511","layer":"roads","category":"road-local","name":null,"referenceEra":"modern_reference","source":"OpenStreetMap contributors","license":"ODbL-1.0"},"geometry":{"type":"LineString","coordinates":[[118.317411,24.465071],[118.317487,24.464914],[118.31753,24.464758],[118.317556,24.464529]]}},{"type":"Feature","properties":{"id":"osm-way-1079705786","layer":"roads","category":"road-local","name":"湖峰七街","referenceEra":"modern_reference","source":"OpenStreetMap contributors","license":"ODbL-1.0"},"geometry":{"type":"LineString","coordinates":[[118.306273,24.45418],[118.305315,24.453526],[118.305166,24.453401],[118.305189,24.452267]]}},{"type":"Feature","properties":{"id":"osm-way-1079705789","layer":"roads","category":"road-local","name":null,"referenceEra":"modern_reference","source":"OpenStreetMap contributors","license":"ODbL-1.0"},"geometry":{"type":"LineString","coordinates":[[118.306598,24.452672],[118.307222,24.452673],[118.307249,24.452641],[118.30726,24.452276]]}},{"type":"Feature","properties":{"id":"osm-way-1103158006","layer":"roads","category":"road-local","name":null,"referenceEra":"modern_reference","source":"OpenStreetMap contributors","license":"ODbL-1.0"},"geometry":{"type":"LineString","coordinates":[[118.306608,24.452186],[118.306381,24.45226],[118.305255,24.452248],[118.305189,24.452267]]}},{"type":"Feature","properties":{"id":"osm-way-1103158007","layer":"roads","category":"road-local","name":null,"referenceEra":"modern_reference","source":"OpenStreetMap contributors","license":"ODbL-1.0"},"geometry":{"type":"LineString","coordinates":[[118.305401,24.451947],[118.305413,24.451996],[118.306358,24.452015],[118.30661,24.452107]]}},{"type":"Feature","properties":{"id":"osm-way-1118319733","layer":"roads","category":"road-local","name":null,"referenceEra":"modern_reference","source":"OpenStreetMap contributors","license":"ODbL-1.0"},"geometry":{"type":"LineString","coordinates":[[118.310343,24.480556],[118.310567,24.480317],[118.310671,24.480149],[118.311149,24.479587]]}},{"type":"Feature","properties":{"id":"osm-way-1178585447","layer":"roads","category":"road-local","name":null,"referenceEra":"modern_reference","source":"OpenStreetMap contributors","license":"ODbL-1.0"},"geometry":{"type":"LineString","coordinates":[[118.331078,24.463945],[118.331513,24.463603],[118.331552,24.463359],[118.330927,24.46258]]}},{"type":"Feature","properties":{"id":"osm-way-1455442945","layer":"roads","category":"road-local","name":null,"referenceEra":"modern_reference","source":"OpenStreetMap contributors","license":"ODbL-1.0"},"geometry":{"type":"LineString","coordinates":[[118.310437,24.48062],[118.310492,24.480658],[118.310908,24.480371],[118.31129,24.48006]]}},{"type":"Feature","properties":{"id":"osm-way-105811178","layer":"roads","category":"road-local","name":null,"referenceEra":"modern_reference","source":"OpenStreetMap contributors","license":"ODbL-1.0"},"geometry":{"type":"LineString","coordinates":[[118.364056,24.44861],[118.364665,24.44706],[118.365004,24.446037]]}},{"type":"Feature","properties":{"id":"osm-way-105811305","layer":"roads","category":"road-local","name":null,"referenceEra":"modern_reference","source":"OpenStreetMap contributors","license":"ODbL-1.0"},"geometry":{"type":"LineString","coordinates":[[118.31184,24.442191],[118.313979,24.440457],[118.314512,24.44]]}},{"type":"Feature","properties":{"id":"osm-way-105811345","layer":"roads","category":"road-local","name":null,"referenceEra":"modern_reference","source":"OpenStreetMap contributors","license":"ODbL-1.0"},"geometry":{"type":"LineString","coordinates":[[118.312254,24.44],[118.314734,24.442346],[118.318894,24.446338]]}},{"type":"Feature","properties":{"id":"osm-way-151021326","layer":"roads","category":"road-local","name":null,"referenceEra":"modern_reference","source":"OpenStreetMap contributors","license":"ODbL-1.0"},"geometry":{"type":"LineString","coordinates":[[118.315307,24.440538],[118.312583,24.442922],[118.311629,24.443786]]}},{"type":"Feature","properties":{"id":"osm-way-151021329","layer":"roads","category":"road-local","name":null,"referenceEra":"modern_reference","source":"OpenStreetMap contributors","license":"ODbL-1.0"},"geometry":{"type":"LineString","coordinates":[[118.317272,24.442742],[118.317057,24.44295],[118.313854,24.445718]]}},{"type":"Feature","properties":{"id":"osm-way-151021331","layer":"roads","category":"road-local","name":null,"referenceEra":"modern_reference","source":"OpenStreetMap contributors","license":"ODbL-1.0"},"geometry":{"type":"LineString","coordinates":[[118.316981,24.440579],[118.316762,24.440576],[118.31331,24.443608]]}},{"type":"Feature","properties":{"id":"osm-way-151021969","layer":"roads","category":"road-local","name":null,"referenceEra":"modern_reference","source":"OpenStreetMap contributors","license":"ODbL-1.0"},"geometry":{"type":"LineString","coordinates":[[118.317911,24.475028],[118.317803,24.47499],[118.317607,24.475166]]}},{"type":"Feature","properties":{"id":"osm-way-151021971","layer":"roads","category":"road-local","name":null,"referenceEra":"modern_reference","source":"OpenStreetMap contributors","license":"ODbL-1.0"},"geometry":{"type":"LineString","coordinates":[[118.31313,24.472048],[118.314159,24.472147],[118.31533,24.472214]]}},{"type":"Feature","properties":{"id":"osm-way-151021972","layer":"roads","category":"road-local","name":null,"referenceEra":"modern_reference","source":"OpenStreetMap contributors","license":"ODbL-1.0"},"geometry":{"type":"LineString","coordinates":[[118.31638,24.476614],[118.316005,24.476699],[118.315236,24.477686]]}},{"type":"Feature","properties":{"id":"osm-way-151021973","layer":"roads","category":"road-local","name":null,"referenceEra":"modern_reference","source":"OpenStreetMap contributors","license":"ODbL-1.0"},"geometry":{"type":"LineString","coordinates":[[118.317036,24.472626],[118.316509,24.473478],[118.316004,24.474179]]}},{"type":"Feature","properties":{"id":"osm-way-151021975","layer":"roads","category":"road-local","name":null,"referenceEra":"modern_reference","source":"OpenStreetMap contributors","license":"ODbL-1.0"},"geometry":{"type":"LineString","coordinates":[[118.316617,24.482159],[118.313504,24.485085],[118.31134,24.487183]]}},{"type":"Feature","properties":{"id":"osm-way-151074062","layer":"roads","category":"road-local","name":null,"referenceEra":"modern_reference","source":"OpenStreetMap contributors","license":"ODbL-1.0"},"geometry":{"type":"LineString","coordinates":[[118.317475,24.481315],[118.317169,24.481891],[118.316939,24.482423]]}},{"type":"Feature","properties":{"id":"osm-way-151074063","layer":"roads","category":"road-local","name":null,"referenceEra":"modern_reference","source":"OpenStreetMap contributors","license":"ODbL-1.0"},"geometry":{"type":"LineString","coordinates":[[118.31298,24.488869],[118.31528,24.486673],[118.316447,24.485605]]}},{"type":"Feature","properties":{"id":"osm-way-151074697","layer":"roads","category":"road-local","name":null,"referenceEra":"modern_reference","source":"OpenStreetMap contributors","license":"ODbL-1.0"},"geometry":{"type":"LineString","coordinates":[[118.315438,24.479514],[118.314835,24.479837],[118.314314,24.480289]]}},{"type":"Feature","properties":{"id":"osm-way-151074699","layer":"roads","category":"road-local","name":null,"referenceEra":"modern_reference","source":"OpenStreetMap contributors","license":"ODbL-1.0"},"geometry":{"type":"LineString","coordinates":[[118.312164,24.480774],[118.310609,24.482374],[118.309329,24.48365]]}},{"type":"Feature","properties":{"id":"osm-way-151074702","layer":"roads","category":"road-local","name":null,"referenceEra":"modern_reference","source":"OpenStreetMap contributors","license":"ODbL-1.0"},"geometry":{"type":"LineString","coordinates":[[118.305094,24.486046],[118.308002,24.484011],[118.309022,24.483354]]}},{"type":"Feature","properties":{"id":"osm-way-280414850","layer":"roads","category":"road-local","name":null,"referenceEra":"modern_reference","source":"OpenStreetMap contributors","license":"ODbL-1.0"},"geometry":{"type":"LineString","coordinates":[[118.320561,24.447702],[118.31916,24.448806],[118.317617,24.450067]]}},{"type":"Feature","properties":{"id":"osm-way-280414851","layer":"roads","category":"road-local","name":null,"referenceEra":"modern_reference","source":"OpenStreetMap contributors","license":"ODbL-1.0"},"geometry":{"type":"LineString","coordinates":[[118.318318,24.450738],[118.317105,24.451645],[118.316871,24.451393]]}},{"type":"Feature","properties":{"id":"osm-way-282201599","layer":"roads","category":"road-local","name":null,"referenceEra":"modern_reference","source":"OpenStreetMap contributors","license":"ODbL-1.0"},"geometry":{"type":"LineString","coordinates":[[118.340669,24.447174],[118.340823,24.447068],[118.341001,24.447043]]}},{"type":"Feature","properties":{"id":"osm-way-282201600","layer":"roads","category":"road-local","name":null,"referenceEra":"modern_reference","source":"OpenStreetMap contributors","license":"ODbL-1.0"},"geometry":{"type":"LineString","coordinates":[[118.341001,24.447043],[118.341393,24.447498],[118.341416,24.447553]]}},{"type":"Feature","properties":{"id":"osm-way-282201601","layer":"roads","category":"road-local","name":null,"referenceEra":"modern_reference","source":"OpenStreetMap contributors","license":"ODbL-1.0"},"geometry":{"type":"LineString","coordinates":[[118.341416,24.447553],[118.341365,24.447647],[118.34073,24.448255]]}},{"type":"Feature","properties":{"id":"osm-way-282229671","layer":"roads","category":"road-local","name":null,"referenceEra":"modern_reference","source":"OpenStreetMap contributors","license":"ODbL-1.0"},"geometry":{"type":"LineString","coordinates":[[118.328102,24.46296],[118.326802,24.464626],[118.326651,24.464951]]}},{"type":"Feature","properties":{"id":"osm-way-288786803","layer":"roads","category":"road-local","name":null,"referenceEra":"modern_reference","source":"OpenStreetMap contributors","license":"ODbL-1.0"},"geometry":{"type":"LineString","coordinates":[[118.311722,24.442121],[118.310682,24.441158],[118.310745,24.44]]}},{"type":"Feature","properties":{"id":"osm-way-288786804","layer":"roads","category":"road-local","name":null,"referenceEra":"modern_reference","source":"OpenStreetMap contributors","license":"ODbL-1.0"},"geometry":{"type":"LineString","coordinates":[[118.311655,24.443261],[118.310617,24.442476],[118.310682,24.441158]]}},{"type":"Feature","properties":{"id":"osm-way-288786810","layer":"roads","category":"road-local","name":null,"referenceEra":"modern_reference","source":"OpenStreetMap contributors","license":"ODbL-1.0"},"geometry":{"type":"LineString","coordinates":[[118.311722,24.442121],[118.31184,24.442191],[118.312583,24.442922]]}},{"type":"Feature","properties":{"id":"osm-way-288786820","layer":"roads","category":"road-local","name":null,"referenceEra":"modern_reference","source":"OpenStreetMap contributors","license":"ODbL-1.0"},"geometry":{"type":"LineString","coordinates":[[118.31214,24.444526],[118.312465,24.444817],[118.312627,24.445139]]}},{"type":"Feature","properties":{"id":"osm-way-288790227","layer":"roads","category":"road-local","name":null,"referenceEra":"modern_reference","source":"OpenStreetMap contributors","license":"ODbL-1.0"},"geometry":{"type":"LineString","coordinates":[[118.315104,24.466943],[118.315506,24.466816],[118.315958,24.466567]]}},{"type":"Feature","properties":{"id":"osm-way-473747912","layer":"roads","category":"road-local","name":null,"referenceEra":"modern_reference","source":"OpenStreetMap contributors","license":"ODbL-1.0"},"geometry":{"type":"LineString","coordinates":[[118.313043,24.481717],[118.313039,24.481596],[118.31295,24.481377]]}},{"type":"Feature","properties":{"id":"osm-way-473750692","layer":"roads","category":"road-local","name":null,"referenceEra":"modern_reference","source":"OpenStreetMap contributors","license":"ODbL-1.0"},"geometry":{"type":"LineString","coordinates":[[118.3128,24.479828],[118.312409,24.479553],[118.312503,24.479284]]}},{"type":"Feature","properties":{"id":"osm-way-474844966","layer":"roads","category":"road-local","name":null,"referenceEra":"modern_reference","source":"OpenStreetMap contributors","license":"ODbL-1.0"},"geometry":{"type":"LineString","coordinates":[[118.293554,24.470955],[118.293738,24.470921],[118.294096,24.470955]]}},{"type":"Feature","properties":{"id":"osm-way-955287845","layer":"roads","category":"road-local","name":null,"referenceEra":"modern_reference","source":"OpenStreetMap contributors","license":"ODbL-1.0"},"geometry":{"type":"LineString","coordinates":[[118.312384,24.478798],[118.31226,24.478678],[118.311742,24.478336]]}},{"type":"Feature","properties":{"id":"osm-way-955287846","layer":"roads","category":"road-local","name":null,"referenceEra":"modern_reference","source":"OpenStreetMap contributors","license":"ODbL-1.0"},"geometry":{"type":"LineString","coordinates":[[118.312632,24.478976],[118.312474,24.479206],[118.312503,24.479284]]}},{"type":"Feature","properties":{"id":"osm-way-955347117","layer":"roads","category":"road-local","name":null,"referenceEra":"modern_reference","source":"OpenStreetMap contributors","license":"ODbL-1.0"},"geometry":{"type":"LineString","coordinates":[[118.319068,24.455068],[118.320939,24.453576],[118.322545,24.452409]]}},{"type":"Feature","properties":{"id":"osm-way-955347119","layer":"roads","category":"road-local","name":null,"referenceEra":"modern_reference","source":"OpenStreetMap contributors","license":"ODbL-1.0"},"geometry":{"type":"LineString","coordinates":[[118.32266,24.454687],[118.322306,24.454997],[118.320352,24.456518]]}},{"type":"Feature","properties":{"id":"osm-way-955347125","layer":"roads","category":"road-local","name":null,"referenceEra":"modern_reference","source":"OpenStreetMap contributors","license":"ODbL-1.0"},"geometry":{"type":"LineString","coordinates":[[118.325179,24.463694],[118.325404,24.463894],[118.325506,24.463943]]}},{"type":"Feature","properties":{"id":"osm-way-955347131","layer":"roads","category":"road-local","name":null,"referenceEra":"modern_reference","source":"OpenStreetMap contributors","license":"ODbL-1.0"},"geometry":{"type":"LineString","coordinates":[[118.323131,24.462418],[118.323762,24.461868],[118.32383,24.461848]]}},{"type":"Feature","properties":{"id":"osm-way-955399653","layer":"roads","category":"road-local","name":null,"referenceEra":"modern_reference","source":"OpenStreetMap contributors","license":"ODbL-1.0"},"geometry":{"type":"LineString","coordinates":[[118.318026,24.469758],[118.319052,24.470284],[118.319831,24.47073]]}},{"type":"Feature","properties":{"id":"osm-way-955400318","layer":"roads","category":"road-local","name":null,"referenceEra":"modern_reference","source":"OpenStreetMap contributors","license":"ODbL-1.0"},"geometry":{"type":"LineString","coordinates":[[118.335923,24.445069],[118.336314,24.444805],[118.336649,24.444444]]}},{"type":"Feature","properties":{"id":"osm-way-1014239508","layer":"roads","category":"road-local","name":null,"referenceEra":"modern_reference","source":"OpenStreetMap contributors","license":"ODbL-1.0"},"geometry":{"type":"LineString","coordinates":[[118.319783,24.465627],[118.319584,24.465398],[118.319194,24.465099]]}},{"type":"Feature","properties":{"id":"osm-way-1014239512","layer":"roads","category":"road-local","name":null,"referenceEra":"modern_reference","source":"OpenStreetMap contributors","license":"ODbL-1.0"},"geometry":{"type":"LineString","coordinates":[[118.317744,24.465481],[118.317691,24.465422],[118.317652,24.465212]]}},{"type":"Feature","properties":{"id":"osm-way-1014239518","layer":"roads","category":"road-local","name":null,"referenceEra":"modern_reference","source":"OpenStreetMap contributors","license":"ODbL-1.0"},"geometry":{"type":"LineString","coordinates":[[118.315864,24.467453],[118.316252,24.467468],[118.316733,24.467596]]}},{"type":"Feature","properties":{"id":"osm-way-1079705792","layer":"roads","category":"road-local","name":null,"referenceEra":"modern_reference","source":"OpenStreetMap contributors","license":"ODbL-1.0"},"geometry":{"type":"LineString","coordinates":[[118.307178,24.45163],[118.307712,24.451639],[118.3077,24.452009]]}},{"type":"Feature","properties":{"id":"osm-way-1118314666","layer":"roads","category":"road-local","name":null,"referenceEra":"modern_reference","source":"OpenStreetMap contributors","license":"ODbL-1.0"},"geometry":{"type":"LineString","coordinates":[[118.309964,24.484207],[118.310101,24.484238],[118.31026,24.484202]]}},{"type":"Feature","properties":{"id":"osm-way-1118319750","layer":"roads","category":"road-local","name":null,"referenceEra":"modern_reference","source":"OpenStreetMap contributors","license":"ODbL-1.0"},"geometry":{"type":"LineString","coordinates":[[118.31419,24.480265],[118.314049,24.480272],[118.313897,24.480331]]}},{"type":"Feature","properties":{"id":"osm-way-1455479125","layer":"roads","category":"road-local","name":null,"referenceEra":"modern_reference","source":"OpenStreetMap contributors","license":"ODbL-1.0"},"geometry":{"type":"LineString","coordinates":[[118.312384,24.478798],[118.31261,24.478884],[118.312632,24.478976]]}},{"type":"Feature","properties":{"id":"osm-way-105811295","layer":"roads","category":"road-local","name":null,"referenceEra":"modern_reference","source":"OpenStreetMap contributors","license":"ODbL-1.0"},"geometry":{"type":"LineString","coordinates":[[118.369613,24.450334],[118.37,24.450474]]}},{"type":"Feature","properties":{"id":"osm-way-106239966","layer":"roads","category":"road-local","name":"仁堡路","referenceEra":"modern_reference","source":"OpenStreetMap contributors","license":"ODbL-1.0"},"geometry":{"type":"LineString","coordinates":[[118.33381,24.449038],[118.333209,24.45177]]}},{"type":"Feature","properties":{"id":"osm-way-151021320","layer":"roads","category":"road-local","name":null,"referenceEra":"modern_reference","source":"OpenStreetMap contributors","license":"ODbL-1.0"},"geometry":{"type":"LineString","coordinates":[[118.309549,24.449146],[118.310373,24.449718]]}},{"type":"Feature","properties":{"id":"osm-way-151021327","layer":"roads","category":"road-local","name":null,"referenceEra":"modern_reference","source":"OpenStreetMap contributors","license":"ODbL-1.0"},"geometry":{"type":"LineString","coordinates":[[118.319775,24.440595],[118.318113,24.442026]]}},{"type":"Feature","properties":{"id":"osm-way-151021330","layer":"roads","category":"road-local","name":null,"referenceEra":"modern_reference","source":"OpenStreetMap contributors","license":"ODbL-1.0"},"geometry":{"type":"LineString","coordinates":[[118.312945,24.44],[118.311775,24.441049]]}},{"type":"Feature","properties":{"id":"osm-way-151021979","layer":"roads","category":"road-local","name":null,"referenceEra":"modern_reference","source":"OpenStreetMap contributors","license":"ODbL-1.0"},"geometry":{"type":"LineString","coordinates":[[118.311269,24.44689],[118.31214,24.447454]]}},{"type":"Feature","properties":{"id":"osm-way-151074058","layer":"roads","category":"road-local","name":null,"referenceEra":"modern_reference","source":"OpenStreetMap contributors","license":"ODbL-1.0"},"geometry":{"type":"LineString","coordinates":[[118.320157,24.482853],[118.317228,24.485675]]}},{"type":"Feature","properties":{"id":"osm-way-151074071","layer":"roads","category":"road-local","name":null,"referenceEra":"modern_reference","source":"OpenStreetMap contributors","license":"ODbL-1.0"},"geometry":{"type":"LineString","coordinates":[[118.319224,24.482404],[118.31681,24.484708]]}},{"type":"Feature","properties":{"id":"osm-way-151074700","layer":"roads","category":"road-local","name":null,"referenceEra":"modern_reference","source":"OpenStreetMap contributors","license":"ODbL-1.0"},"geometry":{"type":"LineString","coordinates":[[118.305953,24.486632],[118.30974,24.484017]]}},{"type":"Feature","properties":{"id":"osm-way-151080368","layer":"roads","category":"road-local","name":null,"referenceEra":"modern_reference","source":"OpenStreetMap contributors","license":"ODbL-1.0"},"geometry":{"type":"LineString","coordinates":[[118.307261,24.48322],[118.308701,24.484739]]}},{"type":"Feature","properties":{"id":"osm-way-280414843","layer":"roads","category":"road-local","name":null,"referenceEra":"modern_reference","source":"OpenStreetMap contributors","license":"ODbL-1.0"},"geometry":{"type":"LineString","coordinates":[[118.318971,24.451447],[118.320485,24.450276]]}},{"type":"Feature","properties":{"id":"osm-way-280414844","layer":"roads","category":"road-local","name":null,"referenceEra":"modern_reference","source":"OpenStreetMap contributors","license":"ODbL-1.0"},"geometry":{"type":"LineString","coordinates":[[118.318318,24.450738],[118.319817,24.449524]]}},{"type":"Feature","properties":{"id":"osm-way-280414845","layer":"roads","category":"road-local","name":null,"referenceEra":"modern_reference","source":"OpenStreetMap contributors","license":"ODbL-1.0"},"geometry":{"type":"LineString","coordinates":[[118.319651,24.452157],[118.32133,24.450871]]}},{"type":"Feature","properties":{"id":"osm-way-280414846","layer":"roads","category":"road-local","name":null,"referenceEra":"modern_reference","source":"OpenStreetMap contributors","license":"ODbL-1.0"},"geometry":{"type":"LineString","coordinates":[[118.322114,24.451488],[118.320292,24.452868]]}},{"type":"Feature","properties":{"id":"osm-way-280414847","layer":"roads","category":"road-local","name":null,"referenceEra":"modern_reference","source":"OpenStreetMap contributors","license":"ODbL-1.0"},"geometry":{"type":"LineString","coordinates":[[118.318358,24.44797],[118.31916,24.448806]]}},{"type":"Feature","properties":{"id":"osm-way-280414848","layer":"roads","category":"road-local","name":null,"referenceEra":"modern_reference","source":"OpenStreetMap contributors","license":"ODbL-1.0"},"geometry":{"type":"LineString","coordinates":[[118.31668,24.447151],[118.318148,24.448561]]}},{"type":"Feature","properties":{"id":"osm-way-280414849","layer":"roads","category":"road-local","name":null,"referenceEra":"modern_reference","source":"OpenStreetMap contributors","license":"ODbL-1.0"},"geometry":{"type":"LineString","coordinates":[[118.317382,24.447826],[118.31878,24.446667]]}},{"type":"Feature","properties":{"id":"osm-way-281051858","layer":"roads","category":"road-local","name":null,"referenceEra":"modern_reference","source":"OpenStreetMap contributors","license":"ODbL-1.0"},"geometry":{"type":"LineString","coordinates":[[118.315896,24.44],[118.315307,24.440538]]}},{"type":"Feature","properties":{"id":"osm-way-282203786","layer":"roads","category":"road-local","name":null,"referenceEra":"modern_reference","source":"OpenStreetMap contributors","license":"ODbL-1.0"},"geometry":{"type":"LineString","coordinates":[[118.334657,24.450595],[118.333209,24.45177]]}},{"type":"Feature","properties":{"id":"osm-way-282203787","layer":"roads","category":"road-local","name":null,"referenceEra":"modern_reference","source":"OpenStreetMap contributors","license":"ODbL-1.0"},"geometry":{"type":"LineString","coordinates":[[118.333822,24.452339],[118.334393,24.451861]]}},{"type":"Feature","properties":{"id":"osm-way-282203789","layer":"roads","category":"road-local","name":null,"referenceEra":"modern_reference","source":"OpenStreetMap contributors","license":"ODbL-1.0"},"geometry":{"type":"LineString","coordinates":[[118.334547,24.452385],[118.333351,24.451127]]}},{"type":"Feature","properties":{"id":"osm-way-282203790","layer":"roads","category":"road-local","name":null,"referenceEra":"modern_reference","source":"OpenStreetMap contributors","license":"ODbL-1.0"},"geometry":{"type":"LineString","coordinates":[[118.334353,24.452541],[118.333291,24.4514]]}},{"type":"Feature","properties":{"id":"osm-way-282203791","layer":"roads","category":"road-local","name":null,"referenceEra":"modern_reference","source":"OpenStreetMap contributors","license":"ODbL-1.0"},"geometry":{"type":"LineString","coordinates":[[118.334468,24.451568],[118.335173,24.450995]]}},{"type":"Feature","properties":{"id":"osm-way-282203793","layer":"roads","category":"road-local","name":null,"referenceEra":"modern_reference","source":"OpenStreetMap contributors","license":"ODbL-1.0"},"geometry":{"type":"LineString","coordinates":[[118.334468,24.451568],[118.333525,24.450618]]}},{"type":"Feature","properties":{"id":"osm-way-282203794","layer":"roads","category":"road-local","name":null,"referenceEra":"modern_reference","source":"OpenStreetMap contributors","license":"ODbL-1.0"},"geometry":{"type":"LineString","coordinates":[[118.333415,24.450837],[118.334378,24.451873]]}},{"type":"Feature","properties":{"id":"osm-way-282203795","layer":"roads","category":"road-local","name":null,"referenceEra":"modern_reference","source":"OpenStreetMap contributors","license":"ODbL-1.0"},"geometry":{"type":"LineString","coordinates":[[118.334546,24.452046],[118.334738,24.45223]]}},{"type":"Feature","properties":{"id":"osm-way-282203797","layer":"roads","category":"road-local","name":null,"referenceEra":"modern_reference","source":"OpenStreetMap contributors","license":"ODbL-1.0"},"geometry":{"type":"LineString","coordinates":[[118.334751,24.451901],[118.334936,24.45207]]}},{"type":"Feature","properties":{"id":"osm-way-282203798","layer":"roads","category":"road-local","name":null,"referenceEra":"modern_reference","source":"OpenStreetMap contributors","license":"ODbL-1.0"},"geometry":{"type":"LineString","coordinates":[[118.334832,24.451571],[118.335158,24.45189]]}},{"type":"Feature","properties":{"id":"osm-way-282206587","layer":"roads","category":"road-local","name":null,"referenceEra":"modern_reference","source":"OpenStreetMap contributors","license":"ODbL-1.0"},"geometry":{"type":"LineString","coordinates":[[118.335081,24.450751],[118.335472,24.450447]]}},{"type":"Feature","properties":{"id":"osm-way-282206590","layer":"roads","category":"road-local","name":null,"referenceEra":"modern_reference","source":"OpenStreetMap contributors","license":"ODbL-1.0"},"geometry":{"type":"LineString","coordinates":[[118.336056,24.450653],[118.336465,24.450311]]}},{"type":"Feature","properties":{"id":"osm-way-282206591","layer":"roads","category":"road-local","name":null,"referenceEra":"modern_reference","source":"OpenStreetMap contributors","license":"ODbL-1.0"},"geometry":{"type":"LineString","coordinates":[[118.335904,24.45049],[118.336315,24.450157]]}},{"type":"Feature","properties":{"id":"osm-way-288786798","layer":"roads","category":"road-local","name":null,"referenceEra":"modern_reference","source":"OpenStreetMap contributors","license":"ODbL-1.0"},"geometry":{"type":"LineString","coordinates":[[118.313469,24.44],[118.313979,24.440457]]}},{"type":"Feature","properties":{"id":"osm-way-288786805","layer":"roads","category":"road-local","name":null,"referenceEra":"modern_reference","source":"OpenStreetMap contributors","license":"ODbL-1.0"},"geometry":{"type":"LineString","coordinates":[[118.310531,24.444024],[118.310617,24.442476]]}},{"type":"Feature","properties":{"id":"osm-way-288786809","layer":"roads","category":"road-local","name":null,"referenceEra":"modern_reference","source":"OpenStreetMap contributors","license":"ODbL-1.0"},"geometry":{"type":"LineString","coordinates":[[118.310595,24.442878],[118.309987,24.442541]]}},{"type":"Feature","properties":{"id":"osm-way-288786821","layer":"roads","category":"road-local","name":null,"referenceEra":"modern_reference","source":"OpenStreetMap contributors","license":"ODbL-1.0"},"geometry":{"type":"LineString","coordinates":[[118.312857,24.444727],[118.312499,24.44429]]}},{"type":"Feature","properties":{"id":"osm-way-288786825","layer":"roads","category":"road-local","name":null,"referenceEra":"modern_reference","source":"OpenStreetMap contributors","license":"ODbL-1.0"},"geometry":{"type":"LineString","coordinates":[[118.31331,24.443608],[118.313573,24.443886]]}},{"type":"Feature","properties":{"id":"osm-way-288786826","layer":"roads","category":"road-local","name":null,"referenceEra":"modern_reference","source":"OpenStreetMap contributors","license":"ODbL-1.0"},"geometry":{"type":"LineString","coordinates":[[118.312475,24.44328],[118.312888,24.443709]]}},{"type":"Feature","properties":{"id":"osm-way-288787153","layer":"roads","category":"road-local","name":null,"referenceEra":"modern_reference","source":"OpenStreetMap contributors","license":"ODbL-1.0"},"geometry":{"type":"LineString","coordinates":[[118.314386,24.446105],[118.313852,24.446853]]}},{"type":"Feature","properties":{"id":"osm-way-380238620","layer":"roads","category":"road-local","name":"仁堡路","referenceEra":"modern_reference","source":"OpenStreetMap contributors","license":"ODbL-1.0"},"geometry":{"type":"LineString","coordinates":[[118.336884,24.456244],[118.336912,24.456305]]}},{"type":"Feature","properties":{"id":"osm-way-425672877","layer":"roads","category":"road-local","name":null,"referenceEra":"modern_reference","source":"OpenStreetMap contributors","license":"ODbL-1.0"},"geometry":{"type":"LineString","coordinates":[[118.335472,24.450447],[118.335609,24.45034]]}},{"type":"Feature","properties":{"id":"osm-way-425672878","layer":"roads","category":"road-local","name":null,"referenceEra":"modern_reference","source":"OpenStreetMap contributors","license":"ODbL-1.0"},"geometry":{"type":"LineString","coordinates":[[118.335609,24.45034],[118.336616,24.449534]]}},{"type":"Feature","properties":{"id":"osm-way-449490921","layer":"roads","category":"road-local","name":"環島西路二段551巷100弄","referenceEra":"modern_reference","source":"OpenStreetMap contributors","license":"ODbL-1.0"},"geometry":{"type":"LineString","coordinates":[[118.319904,24.45197],[118.319662,24.451697]]}},{"type":"Feature","properties":{"id":"osm-way-473747610","layer":"roads","category":"road-local","name":null,"referenceEra":"modern_reference","source":"OpenStreetMap contributors","license":"ODbL-1.0"},"geometry":{"type":"LineString","coordinates":[[118.312046,24.480663],[118.313142,24.479462]]}},{"type":"Feature","properties":{"id":"osm-way-473748415","layer":"roads","category":"road-local","name":null,"referenceEra":"modern_reference","source":"OpenStreetMap contributors","license":"ODbL-1.0"},"geometry":{"type":"LineString","coordinates":[[118.31129,24.48006],[118.311382,24.480157]]}},{"type":"Feature","properties":{"id":"osm-way-607346927","layer":"roads","category":"road-local","name":"湖峰五街","referenceEra":"modern_reference","source":"OpenStreetMap contributors","license":"ODbL-1.0"},"geometry":{"type":"LineString","coordinates":[[118.305172,24.452643],[118.306598,24.452672]]}},{"type":"Feature","properties":{"id":"osm-way-607346932","layer":"roads","category":"road-local","name":null,"referenceEra":"modern_reference","source":"OpenStreetMap contributors","license":"ODbL-1.0"},"geometry":{"type":"LineString","coordinates":[[118.30486,24.454485],[118.305098,24.454141]]}},{"type":"Feature","properties":{"id":"osm-way-607346934","layer":"roads","category":"road-local","name":"湖峰三街","referenceEra":"modern_reference","source":"OpenStreetMap contributors","license":"ODbL-1.0"},"geometry":{"type":"LineString","coordinates":[[118.306067,24.451612],[118.306097,24.450896]]}},{"type":"Feature","properties":{"id":"osm-way-607346935","layer":"roads","category":"road-local","name":"湖峰二街","referenceEra":"modern_reference","source":"OpenStreetMap contributors","license":"ODbL-1.0"},"geometry":{"type":"LineString","coordinates":[[118.307178,24.45163],[118.307206,24.450931]]}},{"type":"Feature","properties":{"id":"osm-way-780736726","layer":"roads","category":"road-local","name":"仁堡路","referenceEra":"modern_reference","source":"OpenStreetMap contributors","license":"ODbL-1.0"},"geometry":{"type":"LineString","coordinates":[[118.336912,24.456305],[118.336947,24.456383]]}},{"type":"Feature","properties":{"id":"osm-way-875258690","layer":"roads","category":"road-local","name":null,"referenceEra":"modern_reference","source":"OpenStreetMap contributors","license":"ODbL-1.0"},"geometry":{"type":"LineString","coordinates":[[118.322005,24.442061],[118.322719,24.441276]]}},{"type":"Feature","properties":{"id":"osm-way-955287836","layer":"roads","category":"road-local","name":null,"referenceEra":"modern_reference","source":"OpenStreetMap contributors","license":"ODbL-1.0"},"geometry":{"type":"LineString","coordinates":[[118.309645,24.481251],[118.310437,24.48062]]}},{"type":"Feature","properties":{"id":"osm-way-955287840","layer":"roads","category":"road-local","name":null,"referenceEra":"modern_reference","source":"OpenStreetMap contributors","license":"ODbL-1.0"},"geometry":{"type":"LineString","coordinates":[[118.311407,24.47914],[118.31129,24.479542]]}},{"type":"Feature","properties":{"id":"osm-way-955287847","layer":"roads","category":"road-local","name":null,"referenceEra":"modern_reference","source":"OpenStreetMap contributors","license":"ODbL-1.0"},"geometry":{"type":"LineString","coordinates":[[118.312384,24.478798],[118.311991,24.4793]]}},{"type":"Feature","properties":{"id":"osm-way-955287849","layer":"roads","category":"road-local","name":null,"referenceEra":"modern_reference","source":"OpenStreetMap contributors","license":"ODbL-1.0"},"geometry":{"type":"LineString","coordinates":[[118.311705,24.480715],[118.311869,24.480574]]}},{"type":"Feature","properties":{"id":"osm-way-955347115","layer":"roads","category":"road-local","name":null,"referenceEra":"modern_reference","source":"OpenStreetMap contributors","license":"ODbL-1.0"},"geometry":{"type":"LineString","coordinates":[[118.319651,24.452157],[118.31739,24.453897]]}},{"type":"Feature","properties":{"id":"osm-way-955347116","layer":"roads","category":"road-local","name":null,"referenceEra":"modern_reference","source":"OpenStreetMap contributors","license":"ODbL-1.0"},"geometry":{"type":"LineString","coordinates":[[118.318438,24.454299],[118.320292,24.452868]]}},{"type":"Feature","properties":{"id":"osm-way-955347128","layer":"roads","category":"road-local","name":null,"referenceEra":"modern_reference","source":"OpenStreetMap contributors","license":"ODbL-1.0"},"geometry":{"type":"LineString","coordinates":[[118.326166,24.462522],[118.326627,24.46202]]}},{"type":"Feature","properties":{"id":"osm-way-955347135","layer":"roads","category":"road-local","name":null,"referenceEra":"modern_reference","source":"OpenStreetMap contributors","license":"ODbL-1.0"},"geometry":{"type":"LineString","coordinates":[[118.327619,24.465102],[118.327863,24.464814]]}},{"type":"Feature","properties":{"id":"osm-way-955399646","layer":"roads","category":"road-local","name":null,"referenceEra":"modern_reference","source":"OpenStreetMap contributors","license":"ODbL-1.0"},"geometry":{"type":"LineString","coordinates":[[118.322195,24.477285],[118.324047,24.474867]]}},{"type":"Feature","properties":{"id":"osm-way-955399648","layer":"roads","category":"road-local","name":null,"referenceEra":"modern_reference","source":"OpenStreetMap contributors","license":"ODbL-1.0"},"geometry":{"type":"LineString","coordinates":[[118.319726,24.477172],[118.320452,24.477918]]}},{"type":"Feature","properties":{"id":"osm-way-955399649","layer":"roads","category":"road-local","name":null,"referenceEra":"modern_reference","source":"OpenStreetMap contributors","license":"ODbL-1.0"},"geometry":{"type":"LineString","coordinates":[[118.318914,24.474062],[118.319246,24.473731]]}},{"type":"Feature","properties":{"id":"osm-way-955399650","layer":"roads","category":"road-local","name":null,"referenceEra":"modern_reference","source":"OpenStreetMap contributors","license":"ODbL-1.0"},"geometry":{"type":"LineString","coordinates":[[118.318701,24.473848],[118.319145,24.473396]]}},{"type":"Feature","properties":{"id":"osm-way-955399651","layer":"roads","category":"road-local","name":null,"referenceEra":"modern_reference","source":"OpenStreetMap contributors","license":"ODbL-1.0"},"geometry":{"type":"LineString","coordinates":[[118.318392,24.473535],[118.3188,24.473111]]}},{"type":"Feature","properties":{"id":"osm-way-1014239503","layer":"roads","category":"road-local","name":null,"referenceEra":"modern_reference","source":"OpenStreetMap contributors","license":"ODbL-1.0"},"geometry":{"type":"LineString","coordinates":[[118.324811,24.46926],[118.322581,24.467095]]}},{"type":"Feature","properties":{"id":"osm-way-1014239505","layer":"roads","category":"road-local","name":null,"referenceEra":"modern_reference","source":"OpenStreetMap contributors","license":"ODbL-1.0"},"geometry":{"type":"LineString","coordinates":[[118.324052,24.468512],[118.324353,24.468204]]}},{"type":"Feature","properties":{"id":"osm-way-1014239513","layer":"roads","category":"road-local","name":null,"referenceEra":"modern_reference","source":"OpenStreetMap contributors","license":"ODbL-1.0"},"geometry":{"type":"LineString","coordinates":[[118.317841,24.46546],[118.317508,24.465529]]}},{"type":"Feature","properties":{"id":"osm-way-1079705788","layer":"roads","category":"road-local","name":"湖峰二街","referenceEra":"modern_reference","source":"OpenStreetMap contributors","license":"ODbL-1.0"},"geometry":{"type":"LineString","coordinates":[[118.305413,24.451599],[118.307178,24.45163]]}},{"type":"Feature","properties":{"id":"osm-way-1079705790","layer":"roads","category":"road-local","name":"湖峰路","referenceEra":"modern_reference","source":"OpenStreetMap contributors","license":"ODbL-1.0"},"geometry":{"type":"LineString","coordinates":[[118.306598,24.452672],[118.306633,24.450917]]}},{"type":"Feature","properties":{"id":"osm-way-1108285623","layer":"roads","category":"road-local","name":null,"referenceEra":"modern_reference","source":"OpenStreetMap contributors","license":"ODbL-1.0"},"geometry":{"type":"LineString","coordinates":[[118.361238,24.458293],[118.357958,24.457749]]}},{"type":"Feature","properties":{"id":"osm-way-1118324712","layer":"roads","category":"road-local","name":null,"referenceEra":"modern_reference","source":"OpenStreetMap contributors","license":"ODbL-1.0"},"geometry":{"type":"LineString","coordinates":[[118.307899,24.476939],[118.308025,24.476697]]}},{"type":"Feature","properties":{"id":"osm-way-1178585433","layer":"roads","category":"road-local","name":null,"referenceEra":"modern_reference","source":"OpenStreetMap contributors","license":"ODbL-1.0"},"geometry":{"type":"LineString","coordinates":[[118.330354,24.461184],[118.327989,24.459748]]}},{"type":"Feature","properties":{"id":"osm-way-1178585446","layer":"roads","category":"road-local","name":null,"referenceEra":"modern_reference","source":"OpenStreetMap contributors","license":"ODbL-1.0"},"geometry":{"type":"LineString","coordinates":[[118.330559,24.464387],[118.331009,24.464001]]}},{"type":"Feature","properties":{"id":"osm-way-1178585448","layer":"roads","category":"road-local","name":null,"referenceEra":"modern_reference","source":"OpenStreetMap contributors","license":"ODbL-1.0"},"geometry":{"type":"LineString","coordinates":[[118.331009,24.464001],[118.331078,24.463945]]}},{"type":"Feature","properties":{"id":"osm-way-330660462","layer":"settlements","category":"settlement-block","name":"金門縣文化局","referenceEra":"modern_reference","source":"OpenStreetMap contributors","license":"ODbL-1.0","sourceAreaDegrees":3.39e-7},"geometry":{"type":"Polygon","coordinates":[[[118.323348,24.441204],[118.323414,24.441137],[118.323345,24.441067],[118.323741,24.440739],[118.32326,24.440312],[118.323168,24.440393],[118.323273,24.440518],[118.322904,24.440832],[118.323041,24.440957],[118.322985,24.441004],[118.323116,24.441123],[118.323188,24.441072],[118.323348,24.441204]]]}},{"type":"Feature","properties":{"id":"osm-way-863460494","layer":"settlements","category":"settlement-block","name":"風獅爺購物中心","referenceEra":"modern_reference","source":"OpenStreetMap contributors","license":"ODbL-1.0","sourceAreaDegrees":2.71e-7},"geometry":{"type":"Polygon","coordinates":[[[118.363589,24.441743],[118.364632,24.441464],[118.364555,24.441225],[118.363512,24.441503],[118.363548,24.441614],[118.363589,24.441743]]]}},{"type":"Feature","properties":{"id":"osm-way-489770781","layer":"settlements","category":"settlement-block","name":null,"referenceEra":"modern_reference","source":"OpenStreetMap contributors","license":"ODbL-1.0","sourceAreaDegrees":2.17e-7},"geometry":{"type":"Polygon","coordinates":[[[118.351934,24.443734],[118.352135,24.443343],[118.352591,24.443511],[118.35239,24.443917],[118.351934,24.443734]]]}},{"type":"Feature","properties":{"id":"osm-way-614350068","layer":"settlements","category":"settlement-block","name":null,"referenceEra":"modern_reference","source":"OpenStreetMap contributors","license":"ODbL-1.0","sourceAreaDegrees":2.09e-7},"geometry":{"type":"Polygon","coordinates":[[[118.337688,24.44026],[118.337771,24.44],[118.338098,24.44],[118.3384,24.44008],[118.338292,24.44042],[118.337688,24.44026]]]}},{"type":"Feature","properties":{"id":"osm-way-489770780","layer":"settlements","category":"settlement-block","name":"金門國家公園管理處","referenceEra":"modern_reference","source":"OpenStreetMap contributors","license":"ODbL-1.0","sourceAreaDegrees":2.07e-7},"geometry":{"type":"Polygon","coordinates":[[[118.35104,24.443362],[118.351158,24.443118],[118.35191,24.443313],[118.351813,24.443558],[118.35104,24.443362]]]}},{"type":"Feature","properties":{"id":"osm-way-344755824","layer":"settlements","category":"settlement-block","name":"體育館","referenceEra":"modern_reference","source":"OpenStreetMap contributors","license":"ODbL-1.0","sourceAreaDegrees":2.03e-7},"geometry":{"type":"Polygon","coordinates":[[[118.321833,24.447547],[118.321642,24.447374],[118.321557,24.447451],[118.321445,24.44735],[118.321529,24.447272],[118.321455,24.447205],[118.321724,24.446958],[118.322102,24.447299],[118.321833,24.447547]]]}},{"type":"Feature","properties":{"id":"osm-way-863460491","layer":"settlements","category":"settlement-block","name":"風獅爺購物中心","referenceEra":"modern_reference","source":"OpenStreetMap contributors","license":"ODbL-1.0","sourceAreaDegrees":2.01e-7},"geometry":{"type":"Polygon","coordinates":[[[118.36209,24.441386],[118.362871,24.441845],[118.362742,24.442027],[118.361961,24.441568],[118.36209,24.441386]]]}},{"type":"Feature","properties":{"id":"osm-way-425672881","layer":"settlements","category":"settlement-block","name":"金門縣地政局","referenceEra":"modern_reference","source":"OpenStreetMap contributors","license":"ODbL-1.0","sourceAreaDegrees":1.96e-7},"geometry":{"type":"Polygon","coordinates":[[[118.334482,24.450578],[118.334158,24.450239],[118.333829,24.450501],[118.334153,24.450839],[118.334482,24.450578]]]}},{"type":"Feature","properties":{"id":"osm-way-863460493","layer":"settlements","category":"settlement-block","name":"風獅爺購物中心","referenceEra":"modern_reference","source":"OpenStreetMap contributors","license":"ODbL-1.0","sourceAreaDegrees":1.69e-7},"geometry":{"type":"Polygon","coordinates":[[[118.362651,24.44091],[118.363028,24.440373],[118.362804,24.440243],[118.362427,24.44078],[118.362578,24.440868],[118.362651,24.44091]]]}},{"type":"Feature","properties":{"id":"osm-way-430590864","layer":"settlements","category":"settlement-block","name":"金門縣消防局","referenceEra":"modern_reference","source":"OpenStreetMap contributors","license":"ODbL-1.0","sourceAreaDegrees":1.62e-7},"geometry":{"type":"Polygon","coordinates":[[[118.329413,24.457284],[118.329436,24.457304],[118.329308,24.457428],[118.329628,24.457702],[118.329591,24.457738],[118.329628,24.45777],[118.329556,24.457838],[118.329437,24.457736],[118.329314,24.457856],[118.329239,24.457791],[118.329112,24.45793],[118.328995,24.45783],[118.329187,24.457647],[118.32911,24.457582],[118.329165,24.457528],[118.329124,24.457493],[118.329209,24.457411],[118.329247,24.457444],[118.329413,24.457284]]]}},{"type":"Feature","properties":{"id":"osm-way-330668279","layer":"settlements","category":"settlement-block","name":null,"referenceEra":"modern_reference","source":"OpenStreetMap contributors","license":"ODbL-1.0","sourceAreaDegrees":1.56e-7},"geometry":{"type":"Polygon","coordinates":[[[118.336722,24.440749],[118.335931,24.440544],[118.335955,24.440468],[118.33604,24.440434],[118.336054,24.440375],[118.336097,24.440383],[118.336169,24.440261],[118.336327,24.4403],[118.336338,24.44038],[118.33626,24.440439],[118.336134,24.4404],[118.336121,24.440449],[118.336368,24.440517],[118.336395,24.440458],[118.33658,24.440497],[118.336556,24.440563],[118.336743,24.440593],[118.336783,24.440629],[118.336746,24.440676],[118.336722,24.440749]]]}},{"type":"Feature","properties":{"id":"osm-way-344755838","layer":"settlements","category":"settlement-block","name":"學生二舍","referenceEra":"modern_reference","source":"OpenStreetMap contributors","license":"ODbL-1.0","sourceAreaDegrees":1.44e-7},"geometry":{"type":"Polygon","coordinates":[[[118.320817,24.450287],[118.320283,24.449796],[118.320431,24.449662],[118.320965,24.450154],[118.320817,24.450287]]]}},{"type":"Feature","properties":{"id":"osm-way-863460492","layer":"settlements","category":"settlement-block","name":"風獅爺購物中心","referenceEra":"modern_reference","source":"OpenStreetMap contributors","license":"ODbL-1.0","sourceAreaDegrees":1.32e-7},"geometry":{"type":"Polygon","coordinates":[[[118.362351,24.441368],[118.362621,24.440974],[118.362381,24.440837],[118.36211,24.441231],[118.362262,24.441318],[118.362351,24.441368]]]}},{"type":"Feature","properties":{"id":"osm-way-344755820","layer":"settlements","category":"settlement-block","name":"圖資大樓","referenceEra":"modern_reference","source":"OpenStreetMap contributors","license":"ODbL-1.0","sourceAreaDegrees":1.31e-7},"geometry":{"type":"Polygon","coordinates":[[[118.322716,24.449862],[118.322396,24.449579],[118.322171,24.44979],[118.322491,24.450073],[118.322716,24.449862]]]}},{"type":"Feature","properties":{"id":"osm-way-344755833","layer":"settlements","category":"settlement-block","name":"機電室","referenceEra":"modern_reference","source":"OpenStreetMap contributors","license":"ODbL-1.0","sourceAreaDegrees":1.31e-7},"geometry":{"type":"Polygon","coordinates":[[[118.324021,24.449312],[118.324168,24.449442],[118.324577,24.449061],[118.324299,24.448813],[118.324207,24.448899],[118.324338,24.449016],[118.324021,24.449312]]]}},{"type":"Feature","properties":{"id":"osm-way-264043430","layer":"settlements","category":"settlement-block","name":"金門縣政府環境保護局","referenceEra":"modern_reference","source":"OpenStreetMap contributors","license":"ODbL-1.0","sourceAreaDegrees":1.26e-7},"geometry":{"type":"Polygon","coordinates":[[[118.368841,24.440282],[118.369314,24.440443],[118.369423,24.440178],[118.369284,24.440131],[118.369251,24.44021],[118.369066,24.440147],[118.369097,24.440071],[118.368948,24.44002],[118.368841,24.440282]]]}},{"type":"Feature","properties":{"id":"osm-way-330668284","layer":"settlements","category":"settlement-block","name":null,"referenceEra":"modern_reference","source":"OpenStreetMap contributors","license":"ODbL-1.0","sourceAreaDegrees":1.26e-7},"geometry":{"type":"Polygon","coordinates":[[[118.34143,24.441214],[118.341723,24.441286],[118.341864,24.440811],[118.341788,24.440793],[118.341758,24.440894],[118.341541,24.440841],[118.34143,24.441214]]]}},{"type":"Feature","properties":{"id":"osm-way-863460495","layer":"settlements","category":"settlement-block","name":"風獅爺購物中心","referenceEra":"modern_reference","source":"OpenStreetMap contributors","license":"ODbL-1.0","sourceAreaDegrees":1.13e-7},"geometry":{"type":"Polygon","coordinates":[[[118.363054,24.441902],[118.363506,24.441778],[118.36343,24.441548],[118.362978,24.441672],[118.363005,24.441752],[118.363054,24.441902]]]}},{"type":"Feature","properties":{"id":"osm-way-1118361446","layer":"settlements","category":"settlement-block","name":null,"referenceEra":"modern_reference","source":"OpenStreetMap contributors","license":"ODbL-1.0","sourceAreaDegrees":1.1e-7},"geometry":{"type":"Polygon","coordinates":[[[118.321086,24.44783],[118.321276,24.44801],[118.321409,24.447894],[118.321354,24.447842],[118.321613,24.447615],[118.321477,24.447487],[118.321086,24.44783]]]}},{"type":"Feature","properties":{"id":"osm-way-1118361447","layer":"settlements","category":"settlement-block","name":null,"referenceEra":"modern_reference","source":"OpenStreetMap contributors","license":"ODbL-1.0","sourceAreaDegrees":1.1e-7},"geometry":{"type":"Polygon","coordinates":[[[118.321323,24.44814],[118.321398,24.44821],[118.322025,24.447661],[118.32195,24.44759],[118.32173,24.447783],[118.321603,24.447663],[118.321497,24.447756],[118.321624,24.447876],[118.321323,24.44814]]]}},{"type":"Feature","properties":{"id":"osm-way-361851168","layer":"settlements","category":"settlement-block","name":null,"referenceEra":"modern_reference","source":"OpenStreetMap contributors","license":"ODbL-1.0","sourceAreaDegrees":9.2e-8},"geometry":{"type":"Polygon","coordinates":[[[118.347391,24.463948],[118.347331,24.463855],[118.347047,24.464005],[118.347304,24.464407],[118.347568,24.464267],[118.347519,24.464191],[118.347352,24.464279],[118.347203,24.464047],[118.347391,24.463948]]]}},{"type":"Feature","properties":{"id":"osm-way-926675935","layer":"settlements","category":"settlement-block","name":null,"referenceEra":"modern_reference","source":"OpenStreetMap contributors","license":"ODbL-1.0","sourceAreaDegrees":9.2e-8},"geometry":{"type":"Polygon","coordinates":[[[118.321778,24.448511],[118.32166,24.448403],[118.322083,24.448016],[118.322203,24.448124],[118.32217,24.448154],[118.321778,24.448511]]]}},{"type":"Feature","properties":{"id":"osm-way-926675934","layer":"settlements","category":"settlement-block","name":null,"referenceEra":"modern_reference","source":"OpenStreetMap contributors","license":"ODbL-1.0","sourceAreaDegrees":8.6e-8},"geometry":{"type":"Polygon","coordinates":[[[118.322268,24.448961],[118.322159,24.44886],[118.32255,24.4485],[118.32258,24.448473],[118.322692,24.448574],[118.322268,24.448961]]]}},{"type":"Feature","properties":{"id":"osm-way-344755835","layer":"settlements","category":"settlement-block","name":"圓樓（餐廳）","referenceEra":"modern_reference","source":"OpenStreetMap contributors","license":"ODbL-1.0","sourceAreaDegrees":8.4e-8},"geometry":{"type":"Polygon","coordinates":[[[118.321263,24.450103],[118.321375,24.450129],[118.321444,24.450213],[118.321441,24.450316],[118.321321,24.450413],[118.321164,24.450378],[118.32111,24.450292],[118.321124,24.45019],[118.321207,24.450117],[118.321263,24.450103]]]}},{"type":"Feature","properties":{"id":"osm-way-329641402","layer":"settlements","category":"settlement-block","name":"金門縣救國團青年中心","referenceEra":"modern_reference","source":"OpenStreetMap contributors","license":"ODbL-1.0","sourceAreaDegrees":8.3e-8},"geometry":{"type":"Polygon","coordinates":[[[118.321618,24.440732],[118.321663,24.440689],[118.321663,24.44061],[118.321521,24.440486],[118.321553,24.440452],[118.321425,24.44033],[118.321393,24.440339],[118.321384,24.440415],[118.321425,24.44042],[118.321224,24.440623],[118.321347,24.440725],[118.3215,24.440574],[118.321575,24.440737],[118.321618,24.440732]]]}},{"type":"Feature","properties":{"id":"osm-way-344755839","layer":"settlements","category":"settlement-block","name":"學人一舍","referenceEra":"modern_reference","source":"OpenStreetMap contributors","license":"ODbL-1.0","sourceAreaDegrees":8.3e-8},"geometry":{"type":"Polygon","coordinates":[[[118.321344,24.449734],[118.321105,24.449958],[118.320771,24.449662],[118.320839,24.449598],[118.321111,24.449839],[118.32124,24.449718],[118.32109,24.449586],[118.321054,24.449621],[118.320995,24.449569],[118.321134,24.449438],[118.321192,24.449489],[118.321118,24.449559],[118.321284,24.44968],[118.321344,24.449734]]]}},{"type":"Feature","properties":{"id":"osm-way-926675932","layer":"settlements","category":"settlement-block","name":null,"referenceEra":"modern_reference","source":"OpenStreetMap contributors","license":"ODbL-1.0","sourceAreaDegrees":8.1e-8},"geometry":{"type":"Polygon","coordinates":[[[118.322666,24.448391],[118.32255,24.4485],[118.32217,24.448154],[118.322288,24.448047],[118.322666,24.448391]]]}},{"type":"Feature","properties":{"id":"osm-way-1118333784","layer":"settlements","category":"settlement-block","name":null,"referenceEra":"modern_reference","source":"OpenStreetMap contributors","license":"ODbL-1.0","sourceAreaDegrees":8.1e-8},"geometry":{"type":"Polygon","coordinates":[[[118.320888,24.472728],[118.320835,24.472774],[118.320916,24.472851],[118.320808,24.472944],[118.320728,24.472867],[118.320684,24.472904],[118.320945,24.473154],[118.321149,24.472979],[118.320888,24.472728]]]}},{"type":"Feature","properties":{"id":"osm-way-1118333831","layer":"settlements","category":"settlement-block","name":null,"referenceEra":"modern_reference","source":"OpenStreetMap contributors","license":"ODbL-1.0","sourceAreaDegrees":7.5e-8},"geometry":{"type":"Polygon","coordinates":[[[118.312634,24.477589],[118.312726,24.477702],[118.313152,24.477415],[118.31306,24.477302],[118.312634,24.477589]]]}},{"type":"Feature","properties":{"id":"osm-way-926675943","layer":"settlements","category":"settlement-block","name":null,"referenceEra":"modern_reference","source":"OpenStreetMap contributors","license":"ODbL-1.0","sourceAreaDegrees":7.3e-8},"geometry":{"type":"Polygon","coordinates":[[[118.322401,24.450234],[118.322032,24.449907],[118.322134,24.449815],[118.322497,24.450147],[118.322401,24.450234]]]}},{"type":"Feature","properties":{"id":"osm-way-926675933","layer":"settlements","category":"settlement-block","name":null,"referenceEra":"modern_reference","source":"OpenStreetMap contributors","license":"ODbL-1.0","sourceAreaDegrees":7.2e-8},"geometry":{"type":"Polygon","coordinates":[[[118.322166,24.448825],[118.322049,24.448929],[118.32171,24.448621],[118.321828,24.448514],[118.322166,24.448825]]]}},{"type":"Feature","properties":{"id":"osm-way-1178586642","layer":"settlements","category":"settlement-block","name":null,"referenceEra":"modern_reference","source":"OpenStreetMap contributors","license":"ODbL-1.0","sourceAreaDegrees":7.1e-8},"geometry":{"type":"Polygon","coordinates":[[[118.318788,24.467455],[118.319085,24.467538],[118.319154,24.467319],[118.31887,24.467232],[118.318788,24.467455]]]}},{"type":"Feature","properties":{"id":"osm-way-379681887","layer":"settlements","category":"settlement-block","name":null,"referenceEra":"modern_reference","source":"OpenStreetMap contributors","license":"ODbL-1.0","sourceAreaDegrees":6.9e-8},"geometry":{"type":"Polygon","coordinates":[[[118.367017,24.446693],[118.367119,24.446355],[118.367308,24.446402],[118.367206,24.446741],[118.367017,24.446693]]]}},{"type":"Feature","properties":{"id":"osm-way-151074070","layer":"settlements","category":"settlement-block","name":"古寧頭戰史館","referenceEra":"modern_reference","source":"OpenStreetMap contributors","license":"ODbL-1.0","sourceAreaDegrees":6.7e-8},"geometry":{"type":"Polygon","coordinates":[[[118.321177,24.482819],[118.320967,24.483181],[118.321112,24.483251],[118.321323,24.482888],[118.321177,24.482819]]]}},{"type":"Feature","properties":{"id":"osm-way-1118333829","layer":"settlements","category":"settlement-block","name":null,"referenceEra":"modern_reference","source":"OpenStreetMap contributors","license":"ODbL-1.0","sourceAreaDegrees":6.5e-8},"geometry":{"type":"Polygon","coordinates":[[[118.313394,24.477692],[118.312958,24.477987],[118.313036,24.478082],[118.313473,24.477788],[118.313394,24.477692]]]}},{"type":"Feature","properties":{"id":"osm-way-330658955","layer":"settlements","category":"settlement-block","name":"慈湖解說站","referenceEra":"modern_reference","source":"OpenStreetMap contributors","license":"ODbL-1.0","sourceAreaDegrees":6.3e-8},"geometry":{"type":"Polygon","coordinates":[[[118.305045,24.465199],[118.305021,24.465158],[118.305175,24.465084],[118.304916,24.464636],[118.305004,24.464594],[118.305287,24.465082],[118.305045,24.465199]]]}},{"type":"Feature","properties":{"id":"osm-way-1118333832","layer":"settlements","category":"settlement-block","name":null,"referenceEra":"modern_reference","source":"OpenStreetMap contributors","license":"ODbL-1.0","sourceAreaDegrees":5.9e-8},"geometry":{"type":"Polygon","coordinates":[[[118.312117,24.476938],[118.31219,24.477027],[118.312493,24.476863],[118.312472,24.476837],[118.31256,24.476778],[118.312487,24.476688],[118.312117,24.476938]]]}},{"type":"Feature","properties":{"id":"osm-way-547396566","layer":"settlements","category":"settlement-block","name":"陸島酒店","referenceEra":"modern_reference","source":"OpenStreetMap contributors","license":"ODbL-1.0","sourceAreaDegrees":5.8e-8},"geometry":{"type":"Polygon","coordinates":[[[118.313757,24.4406],[118.313912,24.440483],[118.313707,24.44026],[118.313553,24.440377],[118.313757,24.4406]]]}},{"type":"Feature","properties":{"id":"osm-way-379681902","layer":"settlements","category":"settlement-block","name":null,"referenceEra":"modern_reference","source":"OpenStreetMap contributors","license":"ODbL-1.0","sourceAreaDegrees":5.7e-8},"geometry":{"type":"Polygon","coordinates":[[[118.365422,24.446553],[118.365709,24.446651],[118.365781,24.446475],[118.365494,24.446378],[118.365422,24.446553]]]}},{"type":"Feature","properties":{"id":"osm-way-330668282","layer":"settlements","category":"settlement-block","name":null,"referenceEra":"modern_reference","source":"OpenStreetMap contributors","license":"ODbL-1.0","sourceAreaDegrees":5.5e-8},"geometry":{"type":"Polygon","coordinates":[[[118.340313,24.440885],[118.340183,24.440773],[118.340412,24.440552],[118.340543,24.440664],[118.340313,24.440885]]]}},{"type":"Feature","properties":{"id":"osm-way-330668280","layer":"settlements","category":"settlement-block","name":null,"referenceEra":"modern_reference","source":"OpenStreetMap contributors","license":"ODbL-1.0","sourceAreaDegrees":5.2e-8},"geometry":{"type":"Polygon","coordinates":[[[118.338575,24.440304],[118.33879,24.440351],[118.338854,24.440224],[118.338809,24.440209],[118.33883,24.440126],[118.338642,24.440085],[118.338575,24.440304]]]}},{"type":"Feature","properties":{"id":"osm-way-425672879","layer":"settlements","category":"settlement-block","name":"金寧鄉公所","referenceEra":"modern_reference","source":"OpenStreetMap contributors","license":"ODbL-1.0","sourceAreaDegrees":5.2e-8},"geometry":{"type":"Polygon","coordinates":[[[118.334749,24.45074],[118.334994,24.450988],[118.334878,24.451083],[118.334633,24.450835],[118.334749,24.45074]]]}},{"type":"Feature","properties":{"id":"osm-way-1079722034","layer":"settlements","category":"settlement-block","name":null,"referenceEra":"modern_reference","source":"OpenStreetMap contributors","license":"ODbL-1.0","sourceAreaDegrees":5.1e-8},"geometry":{"type":"Polygon","coordinates":[[[118.306882,24.45128],[118.30671,24.451277],[118.306703,24.451572],[118.306875,24.451575],[118.306882,24.45128]]]}},{"type":"Feature","properties":{"id":"osm-way-1118346141","layer":"settlements","category":"settlement-block","name":null,"referenceEra":"modern_reference","source":"OpenStreetMap contributors","license":"ODbL-1.0","sourceAreaDegrees":4.9e-8},"geometry":{"type":"Polygon","coordinates":[[[118.320421,24.470426],[118.320606,24.470602],[118.320751,24.470477],[118.320566,24.4703],[118.320421,24.470426]]]}},{"type":"Feature","properties":{"id":"osm-way-330668281","layer":"settlements","category":"settlement-block","name":null,"referenceEra":"modern_reference","source":"OpenStreetMap contributors","license":"ODbL-1.0","sourceAreaDegrees":4.8e-8},"geometry":{"type":"Polygon","coordinates":[[[118.339444,24.440316],[118.339716,24.440009],[118.33955,24.44],[118.339339,24.440238],[118.339444,24.440316]]]}},{"type":"Feature","properties":{"id":"osm-way-425672884","layer":"settlements","category":"settlement-block","name":null,"referenceEra":"modern_reference","source":"OpenStreetMap contributors","license":"ODbL-1.0","sourceAreaDegrees":4.8e-8},"geometry":{"type":"Polygon","coordinates":[[[118.335218,24.451002],[118.335311,24.450929],[118.335535,24.451168],[118.335496,24.451198],[118.335594,24.451302],[118.335539,24.451344],[118.335218,24.451002]]]}},{"type":"Feature","properties":{"id":"osm-way-1448485834","layer":"settlements","category":"settlement-block","name":null,"referenceEra":"modern_reference","source":"OpenStreetMap contributors","license":"ODbL-1.0","sourceAreaDegrees":4.7e-8},"geometry":{"type":"Polygon","coordinates":[[[118.311701,24.440276],[118.311636,24.440249],[118.311664,24.440194],[118.311422,24.440104],[118.311448,24.440054],[118.311321,24.44],[118.311622,24.44],[118.311704,24.440035],[118.311678,24.440085],[118.311718,24.440102],[118.311701,24.440276]]]}},{"type":"Feature","properties":{"id":"osm-way-330666854","layer":"settlements","category":"settlement-block","name":null,"referenceEra":"modern_reference","source":"OpenStreetMap contributors","license":"ODbL-1.0","sourceAreaDegrees":4.6e-8},"geometry":{"type":"Polygon","coordinates":[[[118.328286,24.440201],[118.328114,24.44],[118.328553,24.440011],[118.328286,24.440201]]]}},{"type":"Feature","properties":{"id":"osm-way-1079714431","layer":"settlements","category":"settlement-block","name":null,"referenceEra":"modern_reference","source":"OpenStreetMap contributors","license":"ODbL-1.0","sourceAreaDegrees":4.6e-8},"geometry":{"type":"Polygon","coordinates":[[[118.305556,24.45394],[118.305666,24.453807],[118.305444,24.453655],[118.305334,24.453787],[118.305556,24.45394]]]}},{"type":"Feature","properties":{"id":"osm-way-1450143300","layer":"settlements","category":"settlement-block","name":null,"referenceEra":"modern_reference","source":"OpenStreetMap contributors","license":"ODbL-1.0","sourceAreaDegrees":4.6e-8},"geometry":{"type":"Polygon","coordinates":[[[118.313039,24.467222],[118.312951,24.467212],[118.312968,24.467087],[118.313101,24.467102],[118.313117,24.466989],[118.313202,24.466999],[118.313188,24.467102],[118.313277,24.467113],[118.313268,24.467172],[118.313186,24.467163],[118.31317,24.467277],[118.313066,24.467265],[118.31308,24.467167],[118.313047,24.467163],[118.313039,24.467222]]]}},{"type":"Feature","properties":{"id":"osm-way-330668283","layer":"settlements","category":"settlement-block","name":null,"referenceEra":"modern_reference","source":"OpenStreetMap contributors","license":"ODbL-1.0","sourceAreaDegrees":4.5e-8},"geometry":{"type":"Polygon","coordinates":[[[118.340431,24.441343],[118.340531,24.441418],[118.340289,24.441686],[118.340189,24.441611],[118.340431,24.441343]]]}},{"type":"Feature","properties":{"id":"osm-way-1118319721","layer":"settlements","category":"settlement-block","name":"關帝廟","referenceEra":"modern_reference","source":"OpenStreetMap contributors","license":"ODbL-1.0","sourceAreaDegrees":4.5e-8},"geometry":{"type":"Polygon","coordinates":[[[118.311141,24.475704],[118.311046,24.475844],[118.31128,24.475977],[118.311375,24.475837],[118.311141,24.475704]]]}},{"type":"Feature","properties":{"id":"osm-way-1409515303","layer":"settlements","category":"settlement-block","name":null,"referenceEra":"modern_reference","source":"OpenStreetMap contributors","license":"ODbL-1.0","sourceAreaDegrees":4.5e-8},"geometry":{"type":"Polygon","coordinates":[[[118.308016,24.448535],[118.307658,24.448303],[118.307724,24.448219],[118.308082,24.448451],[118.308016,24.448535]]]}},{"type":"Feature","properties":{"id":"osm-way-425672883","layer":"settlements","category":"settlement-block","name":"金寧鄉圖書館","referenceEra":"modern_reference","source":"OpenStreetMap contributors","license":"ODbL-1.0","sourceAreaDegrees":4.4e-8},"geometry":{"type":"Polygon","coordinates":[[[118.334068,24.451108],[118.334237,24.450981],[118.334376,24.451135],[118.334207,24.451262],[118.334068,24.451108]]]}},{"type":"Feature","properties":{"id":"osm-way-1118333828","layer":"settlements","category":"settlement-block","name":null,"referenceEra":"modern_reference","source":"OpenStreetMap contributors","license":"ODbL-1.0","sourceAreaDegrees":4.4e-8},"geometry":{"type":"Polygon","coordinates":[[[118.312989,24.47808],[118.312622,24.47763],[118.312559,24.477672],[118.312926,24.478123],[118.312989,24.47808]]]}},{"type":"Feature","properties":{"id":"osm-way-1409507341","layer":"settlements","category":"settlement-block","name":null,"referenceEra":"modern_reference","source":"OpenStreetMap contributors","license":"ODbL-1.0","sourceAreaDegrees":4.4e-8},"geometry":{"type":"Polygon","coordinates":[[[118.344934,24.442037],[118.345022,24.441747],[118.345163,24.441783],[118.345074,24.442072],[118.344934,24.442037]]]}},{"type":"Feature","properties":{"id":"osm-way-1060232561","layer":"settlements","category":"settlement-block","name":null,"referenceEra":"modern_reference","source":"OpenStreetMap contributors","license":"ODbL-1.0","sourceAreaDegrees":4.3e-8},"geometry":{"type":"Polygon","coordinates":[[[118.325836,24.446624],[118.326118,24.446345],[118.326035,24.446277],[118.325748,24.44656],[118.325836,24.446624]]]}},{"type":"Feature","properties":{"id":"osm-way-1118333830","layer":"settlements","category":"settlement-block","name":null,"referenceEra":"modern_reference","source":"OpenStreetMap contributors","license":"ODbL-1.0","sourceAreaDegrees":4.3e-8},"geometry":{"type":"Polygon","coordinates":[[[118.313113,24.477306],[118.313413,24.477674],[118.313488,24.477624],[118.313188,24.477255],[118.313113,24.477306]]]}},{"type":"Feature","properties":{"id":"osm-way-879120990","layer":"settlements","category":"settlement-block","name":null,"referenceEra":"modern_reference","source":"OpenStreetMap contributors","license":"ODbL-1.0","sourceAreaDegrees":4.1e-8},"geometry":{"type":"Polygon","coordinates":[[[118.363367,24.440469],[118.363288,24.440423],[118.363171,24.440589],[118.363413,24.44073],[118.363503,24.440557],[118.36344,24.440521],[118.363371,24.440619],[118.363293,24.440574],[118.363367,24.440469]]]}},{"type":"Feature","properties":{"id":"osm-way-1118331610","layer":"settlements","category":"settlement-block","name":null,"referenceEra":"modern_reference","source":"OpenStreetMap contributors","license":"ODbL-1.0","sourceAreaDegrees":4.1e-8},"geometry":{"type":"Polygon","coordinates":[[[118.315309,24.473817],[118.315477,24.473671],[118.315343,24.473543],[118.315175,24.47369],[118.315309,24.473817]]]}},{"type":"Feature","properties":{"id":"osm-way-1118346234","layer":"settlements","category":"settlement-block","name":null,"referenceEra":"modern_reference","source":"OpenStreetMap contributors","license":"ODbL-1.0","sourceAreaDegrees":4.1e-8},"geometry":{"type":"Polygon","coordinates":[[[118.323464,24.471736],[118.323635,24.471899],[118.323768,24.471784],[118.323597,24.471621],[118.323464,24.471736]]]}},{"type":"Feature","properties":{"id":"osm-way-344755840","layer":"settlements","category":"settlement-block","name":"學人二舍","referenceEra":"modern_reference","source":"OpenStreetMap contributors","license":"ODbL-1.0","sourceAreaDegrees":4e-8},"geometry":{"type":"Polygon","coordinates":[[[118.320543,24.449382],[118.320628,24.449305],[118.320368,24.449068],[118.320283,24.449146],[118.320543,24.449382]]]}},{"type":"Feature","properties":{"id":"osm-way-425672886","layer":"settlements","category":"settlement-block","name":"金寧分駐所","referenceEra":"modern_reference","source":"OpenStreetMap contributors","license":"ODbL-1.0","sourceAreaDegrees":4e-8},"geometry":{"type":"Polygon","coordinates":[[[118.335132,24.451379],[118.33524,24.451285],[118.335442,24.451478],[118.335334,24.451572],[118.335132,24.451379]]]}},{"type":"Feature","properties":{"id":"osm-way-330672190","layer":"settlements","category":"settlement-block","name":null,"referenceEra":"modern_reference","source":"OpenStreetMap contributors","license":"ODbL-1.0","sourceAreaDegrees":3.7e-8},"geometry":{"type":"Polygon","coordinates":[[[118.325686,24.443564],[118.325567,24.443462],[118.325737,24.443298],[118.325856,24.443403],[118.325686,24.443564]]]}},{"type":"Feature","properties":{"id":"osm-way-474849293","layer":"settlements","category":"settlement-block","name":"慈堤三角堡咖啡屋","referenceEra":"modern_reference","source":"OpenStreetMap contributors","license":"ODbL-1.0","sourceAreaDegrees":3.7e-8},"geometry":{"type":"Polygon","coordinates":[[[118.297301,24.465376],[118.297197,24.465116],[118.297498,24.465163],[118.297447,24.465217],[118.297301,24.465376]]]}},{"type":"Feature","properties":{"id":"osm-way-1118347145","layer":"settlements","category":"settlement-block","name":null,"referenceEra":"modern_reference","source":"OpenStreetMap contributors","license":"ODbL-1.0","sourceAreaDegrees":3.7e-8},"geometry":{"type":"Polygon","coordinates":[[[118.314261,24.471585],[118.314253,24.471799],[118.314399,24.471811],[118.31444,24.471599],[118.314261,24.471585]]]}},{"type":"Feature","properties":{"id":"osm-way-1118362944","layer":"settlements","category":"settlement-block","name":null,"referenceEra":"modern_reference","source":"OpenStreetMap contributors","license":"ODbL-1.0","sourceAreaDegrees":3.7e-8},"geometry":{"type":"Polygon","coordinates":[[[118.32545,24.475394],[118.325294,24.475564],[118.325423,24.475662],[118.325579,24.475492],[118.32545,24.475394]]]}},{"type":"Feature","properties":{"id":"osm-way-1118346230","layer":"settlements","category":"settlement-block","name":null,"referenceEra":"modern_reference","source":"OpenStreetMap contributors","license":"ODbL-1.0","sourceAreaDegrees":3.6e-8},"geometry":{"type":"Polygon","coordinates":[[[118.32078,24.472509],[118.320864,24.472439],[118.320628,24.472203],[118.320543,24.472273],[118.32078,24.472509]]]}},{"type":"Feature","properties":{"id":"osm-way-477494263","layer":"settlements","category":"settlement-block","name":null,"referenceEra":"modern_reference","source":"OpenStreetMap contributors","license":"ODbL-1.0","sourceAreaDegrees":3.5e-8},"geometry":{"type":"Polygon","coordinates":[[[118.316682,24.476732],[118.316815,24.476834],[118.316957,24.47668],[118.316824,24.476578],[118.316682,24.476732]]]}},{"type":"Feature","properties":{"id":"osm-way-1118324897","layer":"settlements","category":"settlement-block","name":null,"referenceEra":"modern_reference","source":"OpenStreetMap contributors","license":"ODbL-1.0","sourceAreaDegrees":3.4e-8},"geometry":{"type":"Polygon","coordinates":[[[118.314292,24.48228],[118.314033,24.48205],[118.31396,24.482117],[118.31422,24.482347],[118.314292,24.48228]]]}},{"type":"Feature","properties":{"id":"osm-way-1178586654","layer":"settlements","category":"settlement-block","name":null,"referenceEra":"modern_reference","source":"OpenStreetMap contributors","license":"ODbL-1.0","sourceAreaDegrees":3.4e-8},"geometry":{"type":"Polygon","coordinates":[[[118.313164,24.466728],[118.313483,24.466898],[118.313534,24.46682],[118.313214,24.466649],[118.313164,24.466728]]]}},{"type":"Feature","properties":{"id":"osm-way-1118324888","layer":"settlements","category":"settlement-block","name":null,"referenceEra":"modern_reference","source":"OpenStreetMap contributors","license":"ODbL-1.0","sourceAreaDegrees":3.3e-8},"geometry":{"type":"Polygon","coordinates":[[[118.313849,24.486394],[118.314051,24.486579],[118.31414,24.486498],[118.313938,24.486313],[118.313849,24.486394]]]}},{"type":"Feature","properties":{"id":"osm-way-1118364465","layer":"settlements","category":"settlement-block","name":null,"referenceEra":"modern_reference","source":"OpenStreetMap contributors","license":"ODbL-1.0","sourceAreaDegrees":3.2e-8},"geometry":{"type":"Polygon","coordinates":[[[118.31215,24.477126],[118.312226,24.477221],[118.312443,24.477077],[118.312367,24.476982],[118.31215,24.477126]]]}},{"type":"Feature","properties":{"id":"osm-way-1463635803","layer":"settlements","category":"settlement-block","name":null,"referenceEra":"modern_reference","source":"OpenStreetMap contributors","license":"ODbL-1.0","sourceAreaDegrees":3.2e-8},"geometry":{"type":"Polygon","coordinates":[[[118.326064,24.446544],[118.32615,24.446616],[118.325962,24.446804],[118.325875,24.446709],[118.326009,24.446599],[118.326064,24.446544]]]}},{"type":"Feature","properties":{"id":"osm-way-1118324835","layer":"settlements","category":"settlement-block","name":null,"referenceEra":"modern_reference","source":"OpenStreetMap contributors","license":"ODbL-1.0","sourceAreaDegrees":3.1e-8},"geometry":{"type":"Polygon","coordinates":[[[118.30868,24.480511],[118.308955,24.480803],[118.309016,24.480755],[118.308742,24.480463],[118.30868,24.480511]]]}},{"type":"Feature","properties":{"id":"osm-way-1118346131","layer":"settlements","category":"settlement-block","name":null,"referenceEra":"modern_reference","source":"OpenStreetMap contributors","license":"ODbL-1.0","sourceAreaDegrees":3.1e-8},"geometry":{"type":"Polygon","coordinates":[[[118.316538,24.470929],[118.316475,24.471017],[118.316721,24.471164],[118.316785,24.471076],[118.316538,24.470929]]]}},{"type":"Feature","properties":{"id":"osm-way-1118346242","layer":"settlements","category":"settlement-block","name":null,"referenceEra":"modern_reference","source":"OpenStreetMap contributors","license":"ODbL-1.0","sourceAreaDegrees":3.1e-8},"geometry":{"type":"Polygon","coordinates":[[[118.323155,24.470793],[118.323238,24.470723],[118.323281,24.470765],[118.323339,24.470716],[118.323194,24.470575],[118.323054,24.470695],[118.323155,24.470793]]]}},{"type":"Feature","properties":{"id":"osm-way-1118324829","layer":"settlements","category":"settlement-block","name":null,"referenceEra":"modern_reference","source":"OpenStreetMap contributors","license":"ODbL-1.0","sourceAreaDegrees":3e-8},"geometry":{"type":"Polygon","coordinates":[[[118.30692,24.480177],[118.307043,24.480079],[118.306913,24.479943],[118.306789,24.48004],[118.306816,24.480069],[118.30692,24.480177]]]}},{"type":"Feature","properties":{"id":"osm-way-1118324934","layer":"settlements","category":"settlement-block","name":null,"referenceEra":"modern_reference","source":"OpenStreetMap contributors","license":"ODbL-1.0","sourceAreaDegrees":3e-8},"geometry":{"type":"Polygon","coordinates":[[[118.310872,24.478409],[118.310898,24.478289],[118.310654,24.478244],[118.310628,24.478364],[118.310872,24.478409]]]}},{"type":"Feature","properties":{"id":"osm-way-1118346285","layer":"settlements","category":"settlement-block","name":null,"referenceEra":"modern_reference","source":"OpenStreetMap contributors","license":"ODbL-1.0","sourceAreaDegrees":3e-8},"geometry":{"type":"Polygon","coordinates":[[[118.317752,24.471263],[118.317988,24.471395],[118.31805,24.471302],[118.317815,24.471171],[118.317752,24.471263]]]}},{"type":"Feature","properties":{"id":"osm-way-492443213","layer":"settlements","category":"settlement-block","name":null,"referenceEra":"modern_reference","source":"OpenStreetMap contributors","license":"ODbL-1.0","sourceAreaDegrees":2.9e-8},"geometry":{"type":"Polygon","coordinates":[[[118.320284,24.44314],[118.320389,24.443175],[118.320487,24.442928],[118.320382,24.442893],[118.320284,24.44314]]]}},{"type":"Feature","properties":{"id":"osm-way-1118331591","layer":"settlements","category":"settlement-block","name":null,"referenceEra":"modern_reference","source":"OpenStreetMap contributors","license":"ODbL-1.0","sourceAreaDegrees":2.9e-8},"geometry":{"type":"Polygon","coordinates":[[[118.313404,24.478522],[118.313569,24.478718],[118.313662,24.478654],[118.313496,24.478457],[118.313404,24.478522]]]}},{"type":"Feature","properties":{"id":"osm-way-1118331605","layer":"settlements","category":"settlement-block","name":null,"referenceEra":"modern_reference","source":"OpenStreetMap contributors","license":"ODbL-1.0","sourceAreaDegrees":2.8e-8},"geometry":{"type":"Polygon","coordinates":[[[118.307659,24.478798],[118.307804,24.478911],[118.307908,24.4788],[118.307763,24.478688],[118.307659,24.478798]]]}},{"type":"Feature","properties":{"id":"osm-way-477494265","layer":"settlements","category":"settlement-block","name":"北山古洋樓","referenceEra":"modern_reference","source":"OpenStreetMap contributors","license":"ODbL-1.0","sourceAreaDegrees":2.7e-8},"geometry":{"type":"Polygon","coordinates":[[[118.312512,24.479167],[118.312638,24.479275],[118.312754,24.479162],[118.312627,24.479055],[118.312512,24.479167]]]}},{"type":"Feature","properties":{"id":"osm-way-1118319729","layer":"settlements","category":"settlement-block","name":null,"referenceEra":"modern_reference","source":"OpenStreetMap contributors","license":"ODbL-1.0","sourceAreaDegrees":2.7e-8},"geometry":{"type":"Polygon","coordinates":[[[118.31057,24.478649],[118.31058,24.478759],[118.31082,24.478741],[118.31081,24.478631],[118.31057,24.478649]]]}},{"type":"Feature","properties":{"id":"osm-way-1118324778","layer":"settlements","category":"settlement-block","name":null,"referenceEra":"modern_reference","source":"OpenStreetMap contributors","license":"ODbL-1.0","sourceAreaDegrees":2.7e-8},"geometry":{"type":"Polygon","coordinates":[[[118.30799,24.47884],[118.308131,24.478957],[118.308235,24.478853],[118.308094,24.478736],[118.30799,24.47884]]]}},{"type":"Feature","properties":{"id":"osm-way-1118333775","layer":"settlements","category":"settlement-block","name":null,"referenceEra":"modern_reference","source":"OpenStreetMap contributors","license":"ODbL-1.0","sourceAreaDegrees":2.7e-8},"geometry":{"type":"Polygon","coordinates":[[[118.312023,24.47765],[118.312123,24.47776],[118.312271,24.477649],[118.312171,24.477539],[118.312023,24.47765]]]}},{"type":"Feature","properties":{"id":"osm-way-1118333815","layer":"settlements","category":"settlement-block","name":null,"referenceEra":"modern_reference","source":"OpenStreetMap contributors","license":"ODbL-1.0","sourceAreaDegrees":2.7e-8},"geometry":{"type":"Polygon","coordinates":[[[118.313454,24.477508],[118.313582,24.47742],[118.31347,24.477284],[118.313342,24.477372],[118.313454,24.477508]]]}},{"type":"Feature","properties":{"id":"osm-way-1118346231","layer":"settlements","category":"settlement-block","name":null,"referenceEra":"modern_reference","source":"OpenStreetMap contributors","license":"ODbL-1.0","sourceAreaDegrees":2.7e-8},"geometry":{"type":"Polygon","coordinates":[[[118.322858,24.470833],[118.322808,24.470876],[118.3231,24.471155],[118.32315,24.471111],[118.322858,24.470833]]]}},{"type":"Feature","properties":{"id":"osm-way-1450143301","layer":"settlements","category":"settlement-block","name":null,"referenceEra":"modern_reference","source":"OpenStreetMap contributors","license":"ODbL-1.0","sourceAreaDegrees":2.7e-8},"geometry":{"type":"Polygon","coordinates":[[[118.313174,24.467674],[118.313055,24.467661],[118.313082,24.467441],[118.313201,24.467454],[118.313174,24.467674]]]}},{"type":"Feature","properties":{"id":"osm-way-1118324816","layer":"settlements","category":"settlement-block","name":null,"referenceEra":"modern_reference","source":"OpenStreetMap contributors","license":"ODbL-1.0","sourceAreaDegrees":2.6e-8},"geometry":{"type":"Polygon","coordinates":[[[118.306632,24.480043],[118.306714,24.479986],[118.306545,24.479785],[118.306464,24.479842],[118.306632,24.480043]]]}},{"type":"Feature","properties":{"id":"osm-way-1118324874","layer":"settlements","category":"settlement-block","name":null,"referenceEra":"modern_reference","source":"OpenStreetMap contributors","license":"ODbL-1.0","sourceAreaDegrees":2.6e-8},"geometry":{"type":"Polygon","coordinates":[[[118.312151,24.481069],[118.312082,24.481135],[118.312289,24.481313],[118.312358,24.481247],[118.312151,24.481069]]]}},{"type":"Feature","properties":{"id":"osm-way-1118333839","layer":"settlements","category":"settlement-block","name":null,"referenceEra":"modern_reference","source":"OpenStreetMap contributors","license":"ODbL-1.0","sourceAreaDegrees":2.6e-8},"geometry":{"type":"Polygon","coordinates":[[[118.306941,24.479399],[118.307069,24.479534],[118.307179,24.479448],[118.30705,24.479313],[118.306941,24.479399]]]}},{"type":"Feature","properties":{"id":"osm-way-1118346170","layer":"settlements","category":"settlement-block","name":null,"referenceEra":"modern_reference","source":"OpenStreetMap contributors","license":"ODbL-1.0","sourceAreaDegrees":2.6e-8},"geometry":{"type":"Polygon","coordinates":[[[118.314553,24.476168],[118.314756,24.476205],[118.314784,24.476081],[118.314581,24.476043],[118.314553,24.476168]]]}},{"type":"Feature","properties":{"id":"osm-way-1448485835","layer":"settlements","category":"settlement-block","name":null,"referenceEra":"modern_reference","source":"OpenStreetMap contributors","license":"ODbL-1.0","sourceAreaDegrees":2.6e-8},"geometry":{"type":"Polygon","coordinates":[[[118.311598,24.440352],[118.311375,24.440255],[118.311427,24.440155],[118.311638,24.440276],[118.311598,24.440352]]]}},{"type":"Feature","properties":{"id":"osm-way-1118331607","layer":"settlements","category":"settlement-block","name":null,"referenceEra":"modern_reference","source":"OpenStreetMap contributors","license":"ODbL-1.0","sourceAreaDegrees":2.5e-8},"geometry":{"type":"Polygon","coordinates":[[[118.313697,24.473991],[118.31386,24.473976],[118.313874,24.473843],[118.313714,24.473829],[118.313697,24.473991]]]}},{"type":"Feature","properties":{"id":"osm-way-1118331616","layer":"settlements","category":"settlement-block","name":null,"referenceEra":"modern_reference","source":"OpenStreetMap contributors","license":"ODbL-1.0","sourceAreaDegrees":2.5e-8},"geometry":{"type":"Polygon","coordinates":[[[118.319075,24.473939],[118.319147,24.473996],[118.319332,24.4738],[118.319259,24.473743],[118.319075,24.473939]]]}},{"type":"Feature","properties":{"id":"osm-way-1118331647","layer":"settlements","category":"settlement-block","name":null,"referenceEra":"modern_reference","source":"OpenStreetMap contributors","license":"ODbL-1.0","sourceAreaDegrees":2.5e-8},"geometry":{"type":"Polygon","coordinates":[[[118.307544,24.478495],[118.307687,24.478614],[118.307784,24.478517],[118.307642,24.478398],[118.307544,24.478495]]]}},{"type":"Feature","properties":{"id":"osm-way-1118319749","layer":"settlements","category":"settlement-block","name":null,"referenceEra":"modern_reference","source":"OpenStreetMap contributors","license":"ODbL-1.0","sourceAreaDegrees":2.4e-8},"geometry":{"type":"Polygon","coordinates":[[[118.311432,24.479129],[118.311381,24.479274],[118.311532,24.479317],[118.311582,24.479172],[118.311519,24.479153],[118.311432,24.479129]]]}},{"type":"Feature","properties":{"id":"osm-way-1118324838","layer":"settlements","category":"settlement-block","name":null,"referenceEra":"modern_reference","source":"OpenStreetMap contributors","license":"ODbL-1.0","sourceAreaDegrees":2.4e-8},"geometry":{"type":"Polygon","coordinates":[[[118.308913,24.480436],[118.308983,24.480523],[118.309122,24.480428],[118.309013,24.480295],[118.308946,24.480341],[118.308984,24.480388],[118.308913,24.480436]]]}},{"type":"Feature","properties":{"id":"osm-way-1118333833","layer":"settlements","category":"settlement-block","name":null,"referenceEra":"modern_reference","source":"OpenStreetMap contributors","license":"ODbL-1.0","sourceAreaDegrees":2.4e-8},"geometry":{"type":"Polygon","coordinates":[[[118.312275,24.478972],[118.312424,24.479094],[118.312485,24.479033],[118.31243,24.478988],[118.312472,24.478945],[118.312378,24.478868],[118.312275,24.478972]]]}},{"type":"Feature","properties":{"id":"osm-way-1118333842","layer":"settlements","category":"settlement-block","name":null,"referenceEra":"modern_reference","source":"OpenStreetMap contributors","license":"ODbL-1.0","sourceAreaDegrees":2.4e-8},"geometry":{"type":"Polygon","coordinates":[[[118.307202,24.479311],[118.307375,24.47944],[118.307449,24.479358],[118.307276,24.479229],[118.307202,24.479311]]]}},{"type":"Feature","properties":{"id":"osm-way-1118364471","layer":"settlements","category":"settlement-block","name":null,"referenceEra":"modern_reference","source":"OpenStreetMap contributors","license":"ODbL-1.0","sourceAreaDegrees":2.4e-8},"geometry":{"type":"Polygon","coordinates":[[[118.307256,24.478066],[118.307361,24.477959],[118.307236,24.477858],[118.307131,24.477965],[118.307256,24.478066]]]}},{"type":"Feature","properties":{"id":"osm-way-446443634","layer":"settlements","category":"settlement-block","name":"李光前將軍廟","referenceEra":"modern_reference","source":"OpenStreetMap contributors","license":"ODbL-1.0","sourceAreaDegrees":2.3e-8},"geometry":{"type":"Polygon","coordinates":[[[118.317117,24.468327],[118.316907,24.468321],[118.316903,24.468431],[118.317113,24.468437],[118.317117,24.468327]]]}},{"type":"Feature","properties":{"id":"osm-way-1118324815","layer":"settlements","category":"settlement-block","name":null,"referenceEra":"modern_reference","source":"OpenStreetMap contributors","license":"ODbL-1.0","sourceAreaDegrees":2.3e-8},"geometry":{"type":"Polygon","coordinates":[[[118.306723,24.479955],[118.3068,24.479902],[118.306642,24.479714],[118.306565,24.479767],[118.306723,24.479955]]]}},{"type":"Feature","properties":{"id":"osm-way-1118324875","layer":"settlements","category":"settlement-block","name":null,"referenceEra":"modern_reference","source":"OpenStreetMap contributors","license":"ODbL-1.0","sourceAreaDegrees":2.3e-8},"geometry":{"type":"Polygon","coordinates":[[[118.3131,24.480885],[118.313037,24.480946],[118.313239,24.481118],[118.313301,24.481058],[118.3131,24.480885]]]}},{"type":"Feature","properties":{"id":"osm-way-1118331604","layer":"settlements","category":"settlement-block","name":null,"referenceEra":"modern_reference","source":"OpenStreetMap contributors","license":"ODbL-1.0","sourceAreaDegrees":2.3e-8},"geometry":{"type":"Polygon","coordinates":[[[118.307919,24.478786],[118.308009,24.478691],[118.307868,24.478582],[118.307779,24.478677],[118.307919,24.478786]]]}},{"type":"Feature","properties":{"id":"osm-way-1118346142","layer":"settlements","category":"settlement-block","name":null,"referenceEra":"modern_reference","source":"OpenStreetMap contributors","license":"ODbL-1.0","sourceAreaDegrees":2.3e-8},"geometry":{"type":"Polygon","coordinates":[[[118.316423,24.477119],[118.316532,24.477101],[118.316493,24.476899],[118.316383,24.476917],[118.316423,24.477119]]]}},{"type":"Feature","properties":{"id":"osm-way-1118346295","layer":"settlements","category":"settlement-block","name":null,"referenceEra":"modern_reference","source":"OpenStreetMap contributors","license":"ODbL-1.0","sourceAreaDegrees":2.3e-8},"geometry":{"type":"Polygon","coordinates":[[[118.319619,24.471626],[118.31972,24.471718],[118.319844,24.471605],[118.319744,24.471513],[118.319619,24.471626]]]}},{"type":"Feature","properties":{"id":"osm-way-1118346377","layer":"settlements","category":"settlement-block","name":null,"referenceEra":"modern_reference","source":"OpenStreetMap contributors","license":"ODbL-1.0","sourceAreaDegrees":2.3e-8},"geometry":{"type":"Polygon","coordinates":[[[118.310179,24.478905],[118.310118,24.478974],[118.310324,24.479123],[118.310385,24.479053],[118.310179,24.478905]]]}},{"type":"Feature","properties":{"id":"osm-way-327356108","layer":"settlements","category":"settlement-block","name":"7-Eleven","referenceEra":"modern_reference","source":"OpenStreetMap contributors","license":"ODbL-1.0","sourceAreaDegrees":2.2e-8},"geometry":{"type":"Polygon","coordinates":[[[118.337699,24.449356],[118.337674,24.449468],[118.337864,24.449504],[118.337889,24.449391],[118.337699,24.449356]]]}},{"type":"Feature","properties":{"id":"osm-way-327356109","layer":"settlements","category":"settlement-block","name":null,"referenceEra":"modern_reference","source":"OpenStreetMap contributors","license":"ODbL-1.0","sourceAreaDegrees":2.2e-8},"geometry":{"type":"Polygon","coordinates":[[[118.320735,24.441754],[118.320814,24.441648],[118.320972,24.441747],[118.320906,24.441834],[118.320791,24.441789],[118.320735,24.441754]]]}},{"type":"Feature","properties":{"id":"osm-way-330199723","layer":"settlements","category":"settlement-block","name":null,"referenceEra":"modern_reference","source":"OpenStreetMap contributors","license":"ODbL-1.0","sourceAreaDegrees":2.2e-8},"geometry":{"type":"Polygon","coordinates":[[[118.304529,24.463127],[118.30445,24.463035],[118.304596,24.462931],[118.304675,24.463024],[118.304529,24.463127]]]}},{"type":"Feature","properties":{"id":"osm-way-1118324919","layer":"settlements","category":"settlement-block","name":null,"referenceEra":"modern_reference","source":"OpenStreetMap contributors","license":"ODbL-1.0","sourceAreaDegrees":2.2e-8},"geometry":{"type":"Polygon","coordinates":[[[118.311973,24.478935],[118.312157,24.479019],[118.312211,24.478922],[118.312027,24.478838],[118.311973,24.478935]]]}},{"type":"Feature","properties":{"id":"osm-way-1118324922","layer":"settlements","category":"settlement-block","name":null,"referenceEra":"modern_reference","source":"OpenStreetMap contributors","license":"ODbL-1.0","sourceAreaDegrees":2.2e-8},"geometry":{"type":"Polygon","coordinates":[[[118.31167,24.478873],[118.311792,24.478896],[118.311832,24.478724],[118.311709,24.4787],[118.31167,24.478873]]]}},{"type":"Feature","properties":{"id":"osm-way-1118346293","layer":"settlements","category":"settlement-block","name":null,"referenceEra":"modern_reference","source":"OpenStreetMap contributors","license":"ODbL-1.0","sourceAreaDegrees":2.2e-8},"geometry":{"type":"Polygon","coordinates":[[[118.319619,24.471626],[118.319744,24.471513],[118.319618,24.471399],[118.319536,24.471474],[118.319619,24.47155],[118.319577,24.471588],[118.319619,24.471626]]]}},{"type":"Feature","properties":{"id":"osm-way-1118364470","layer":"settlements","category":"settlement-block","name":null,"referenceEra":"modern_reference","source":"OpenStreetMap contributors","license":"ODbL-1.0","sourceAreaDegrees":2.2e-8},"geometry":{"type":"Polygon","coordinates":[[[118.307131,24.477965],[118.307207,24.477888],[118.307049,24.47776],[118.306973,24.477837],[118.307131,24.477965]]]}},{"type":"Feature","properties":{"id":"osm-way-1448485837","layer":"settlements","category":"settlement-block","name":null,"referenceEra":"modern_reference","source":"OpenStreetMap contributors","license":"ODbL-1.0","sourceAreaDegrees":2.2e-8},"geometry":{"type":"Polygon","coordinates":[[[118.311669,24.440652],[118.311444,24.440553],[118.3115,24.440448],[118.311611,24.440497],[118.311582,24.44055],[118.311696,24.4406],[118.311669,24.440652]]]}},{"type":"Feature","properties":{"id":"osm-way-1079714430","layer":"settlements","category":"settlement-block","name":null,"referenceEra":"modern_reference","source":"OpenStreetMap contributors","license":"ODbL-1.0","sourceAreaDegrees":2.1e-8},"geometry":{"type":"Polygon","coordinates":[[[118.306673,24.450959],[118.306867,24.450969],[118.30686,24.451076],[118.306666,24.451065],[118.306673,24.450959]]]}},{"type":"Feature","properties":{"id":"osm-way-1079722036","layer":"settlements","category":"settlement-block","name":null,"referenceEra":"modern_reference","source":"OpenStreetMap contributors","license":"ODbL-1.0","sourceAreaDegrees":2.1e-8},"geometry":{"type":"Polygon","coordinates":[[[118.306549,24.45138],[118.306365,24.451382],[118.306367,24.451498],[118.306551,24.451496],[118.306549,24.45138]]]}},{"type":"Feature","properties":{"id":"osm-way-1118324720","layer":"settlements","category":"settlement-block","name":null,"referenceEra":"modern_reference","source":"OpenStreetMap contributors","license":"ODbL-1.0","sourceAreaDegrees":2.1e-8},"geometry":{"type":"Polygon","coordinates":[[[118.305325,24.479073],[118.30516,24.478851],[118.305096,24.47889],[118.305261,24.479113],[118.305325,24.479073]]]}},{"type":"Feature","properties":{"id":"osm-way-1118324735","layer":"settlements","category":"settlement-block","name":null,"referenceEra":"modern_reference","source":"OpenStreetMap contributors","license":"ODbL-1.0","sourceAreaDegrees":2.1e-8},"geometry":{"type":"Polygon","coordinates":[[[118.308174,24.477776],[118.308319,24.477893],[118.308399,24.477812],[118.308253,24.477694],[118.308174,24.477776]]]}},{"type":"Feature","properties":{"id":"osm-way-1118324760","layer":"settlements","category":"settlement-block","name":null,"referenceEra":"modern_reference","source":"OpenStreetMap contributors","license":"ODbL-1.0","sourceAreaDegrees":2.1e-8},"geometry":{"type":"Polygon","coordinates":[[[118.308488,24.477883],[118.308662,24.477991],[118.308724,24.477909],[118.308549,24.477801],[118.308488,24.477883]]]}},{"type":"Feature","properties":{"id":"osm-way-1118324761","layer":"settlements","category":"settlement-block","name":null,"referenceEra":"modern_reference","source":"OpenStreetMap contributors","license":"ODbL-1.0","sourceAreaDegrees":2.1e-8},"geometry":{"type":"Polygon","coordinates":[[[118.308416,24.47797],[118.308584,24.478085],[118.30865,24.478005],[118.308481,24.47789],[118.308416,24.47797]]]}},{"type":"Feature","properties":{"id":"osm-way-1118324801","layer":"settlements","category":"settlement-block","name":null,"referenceEra":"modern_reference","source":"OpenStreetMap contributors","license":"ODbL-1.0","sourceAreaDegrees":2.1e-8},"geometry":{"type":"Polygon","coordinates":[[[118.306733,24.479085],[118.306575,24.478948],[118.306504,24.479017],[118.306662,24.479154],[118.306733,24.479085]]]}},{"type":"Feature","properties":{"id":"osm-way-1118324821","layer":"settlements","category":"settlement-block","name":null,"referenceEra":"modern_reference","source":"OpenStreetMap contributors","license":"ODbL-1.0","sourceAreaDegrees":2.1e-8},"geometry":{"type":"Polygon","coordinates":[[[118.30682,24.4795],[118.306931,24.479608],[118.307033,24.47952],[118.306922,24.479412],[118.30682,24.4795]]]}},{"type":"Feature","properties":{"id":"osm-way-1118324924","layer":"settlements","category":"settlement-block","name":null,"referenceEra":"modern_reference","source":"OpenStreetMap contributors","license":"ODbL-1.0","sourceAreaDegrees":2.1e-8},"geometry":{"type":"Polygon","coordinates":[[[118.311391,24.478408],[118.311572,24.478508],[118.311627,24.478424],[118.311446,24.478325],[118.311391,24.478408]]]}},{"type":"Feature","properties":{"id":"osm-way-1118331582","layer":"settlements","category":"settlement-block","name":null,"referenceEra":"modern_reference","source":"OpenStreetMap contributors","license":"ODbL-1.0","sourceAreaDegrees":2.1e-8},"geometry":{"type":"Polygon","coordinates":[[[118.310033,24.480017],[118.309986,24.480095],[118.310193,24.480199],[118.31024,24.480121],[118.310033,24.480017]]]}},{"type":"Feature","properties":{"id":"osm-way-1118331632","layer":"settlements","category":"settlement-block","name":null,"referenceEra":"modern_reference","source":"OpenStreetMap contributors","license":"ODbL-1.0","sourceAreaDegrees":2.1e-8},"geometry":{"type":"Polygon","coordinates":[[[118.308201,24.477189],[118.308066,24.477071],[118.307998,24.477135],[118.30811,24.477276],[118.308201,24.477189]]]}},{"type":"Feature","properties":{"id":"osm-way-1118333848","layer":"settlements","category":"settlement-block","name":null,"referenceEra":"modern_reference","source":"OpenStreetMap contributors","license":"ODbL-1.0","sourceAreaDegrees":2.1e-8},"geometry":{"type":"Polygon","coordinates":[[[118.305704,24.479012],[118.305862,24.479145],[118.305933,24.479075],[118.305775,24.478942],[118.305704,24.479012]]]}},{"type":"Feature","properties":{"id":"osm-way-1118346233","layer":"settlements","category":"settlement-block","name":null,"referenceEra":"modern_reference","source":"OpenStreetMap contributors","license":"ODbL-1.0","sourceAreaDegrees":2.1e-8},"geometry":{"type":"Polygon","coordinates":[[[118.323758,24.471754],[118.323819,24.471704],[118.323625,24.471512],[118.323565,24.471562],[118.323758,24.471754]]]}},{"type":"Feature","properties":{"id":"osm-way-1118346352","layer":"settlements","category":"settlement-block","name":null,"referenceEra":"modern_reference","source":"OpenStreetMap contributors","license":"ODbL-1.0","sourceAreaDegrees":2.1e-8},"geometry":{"type":"Polygon","coordinates":[[[118.311577,24.479798],[118.311711,24.47989],[118.311809,24.479771],[118.311639,24.479723],[118.311577,24.479798]]]}},{"type":"Feature","properties":{"id":"osm-way-1118319744","layer":"settlements","category":"settlement-block","name":null,"referenceEra":"modern_reference","source":"OpenStreetMap contributors","license":"ODbL-1.0","sourceAreaDegrees":2e-8},"geometry":{"type":"Polygon","coordinates":[[[118.311743,24.479575],[118.311685,24.479668],[118.311843,24.479751],[118.311902,24.479658],[118.311743,24.479575]]]}},{"type":"Feature","properties":{"id":"osm-way-1118319763","layer":"settlements","category":"settlement-block","name":null,"referenceEra":"modern_reference","source":"OpenStreetMap contributors","license":"ODbL-1.0","sourceAreaDegrees":2e-8},"geometry":{"type":"Polygon","coordinates":[[[118.311113,24.478926],[118.311086,24.479035],[118.311259,24.47907],[118.311285,24.478961],[118.311113,24.478926]]]}},{"type":"Feature","properties":{"id":"osm-way-1118319776","layer":"settlements","category":"settlement-block","name":null,"referenceEra":"modern_reference","source":"OpenStreetMap contributors","license":"ODbL-1.0","sourceAreaDegrees":2e-8},"geometry":{"type":"Polygon","coordinates":[[[118.310569,24.479526],[118.310642,24.47945],[118.310496,24.479334],[118.310424,24.479412],[118.310446,24.479429],[118.310569,24.479526]]]}},{"type":"Feature","properties":{"id":"osm-way-1118324776","layer":"settlements","category":"settlement-block","name":null,"referenceEra":"modern_reference","source":"OpenStreetMap contributors","license":"ODbL-1.0","sourceAreaDegrees":2e-8},"geometry":{"type":"Polygon","coordinates":[[[118.308107,24.478726],[118.308274,24.478852],[118.308338,24.478783],[118.30817,24.478656],[118.308107,24.478726]]]}},{"type":"Feature","properties":{"id":"osm-way-1118324797","layer":"settlements","category":"settlement-block","name":null,"referenceEra":"modern_reference","source":"OpenStreetMap contributors","license":"ODbL-1.0","sourceAreaDegrees":2e-8},"geometry":{"type":"Polygon","coordinates":[[[118.306297,24.478544],[118.306457,24.478678],[118.306524,24.478611],[118.306365,24.478477],[118.306297,24.478544]]]}},{"type":"Feature","properties":{"id":"osm-way-1118324853","layer":"settlements","category":"settlement-block","name":null,"referenceEra":"modern_reference","source":"OpenStreetMap contributors","license":"ODbL-1.0","sourceAreaDegrees":2e-8},"geometry":{"type":"Polygon","coordinates":[[[118.311002,24.480598],[118.311073,24.48053],[118.310917,24.480394],[118.310846,24.480462],[118.311002,24.480598]]]}},{"type":"Feature","properties":{"id":"osm-way-1118324895","layer":"settlements","category":"settlement-block","name":null,"referenceEra":"modern_reference","source":"OpenStreetMap contributors","license":"ODbL-1.0","sourceAreaDegrees":2e-8},"geometry":{"type":"Polygon","coordinates":[[[118.312748,24.482874],[118.312814,24.482813],[118.312651,24.482668],[118.312584,24.482729],[118.312748,24.482874]]]}},{"type":"Feature","properties":{"id":"osm-way-1118324905","layer":"settlements","category":"settlement-block","name":null,"referenceEra":"modern_reference","source":"OpenStreetMap contributors","license":"ODbL-1.0","sourceAreaDegrees":2e-8},"geometry":{"type":"Polygon","coordinates":[[[118.312475,24.478372],[118.312593,24.478451],[118.312681,24.47834],[118.312563,24.478262],[118.312475,24.478372]]]}},{"type":"Feature","properties":{"id":"osm-way-1118333817","layer":"settlements","category":"settlement-block","name":null,"referenceEra":"modern_reference","source":"OpenStreetMap contributors","license":"ODbL-1.0","sourceAreaDegrees":2e-8},"geometry":{"type":"Polygon","coordinates":[[[118.313541,24.477605],[118.313644,24.477743],[118.313744,24.477681],[118.313641,24.477543],[118.313541,24.477605]]]}},{"type":"Feature","properties":{"id":"osm-way-1118333834","layer":"settlements","category":"settlement-block","name":null,"referenceEra":"modern_reference","source":"OpenStreetMap contributors","license":"ODbL-1.0","sourceAreaDegrees":2e-8},"geometry":{"type":"Polygon","coordinates":[[[118.312201,24.479063],[118.312352,24.479186],[118.312424,24.479113],[118.312274,24.47899],[118.312201,24.479063]]]}},{"type":"Feature","properties":{"id":"osm-way-1118333835","layer":"settlements","category":"settlement-block","name":null,"referenceEra":"modern_reference","source":"OpenStreetMap contributors","license":"ODbL-1.0","sourceAreaDegrees":2e-8},"geometry":{"type":"Polygon","coordinates":[[[118.312124,24.47917],[118.312262,24.479282],[118.312341,24.479202],[118.312204,24.479089],[118.312124,24.47917]]]}},{"type":"Feature","properties":{"id":"osm-way-1118346184","layer":"settlements","category":"settlement-block","name":null,"referenceEra":"modern_reference","source":"OpenStreetMap contributors","license":"ODbL-1.0","sourceAreaDegrees":2e-8},"geometry":{"type":"Polygon","coordinates":[[[118.307359,24.477814],[118.307562,24.477944],[118.307612,24.47788],[118.307409,24.477749],[118.307359,24.477814]]]}},{"type":"Feature","properties":{"id":"osm-way-1118346296","layer":"settlements","category":"settlement-block","name":null,"referenceEra":"modern_reference","source":"OpenStreetMap contributors","license":"ODbL-1.0","sourceAreaDegrees":2e-8},"geometry":{"type":"Polygon","coordinates":[[[118.319372,24.47158],[118.319525,24.471707],[118.319597,24.471635],[118.319443,24.471508],[118.319372,24.47158]]]}},{"type":"Feature","properties":{"id":"osm-way-1118346392","layer":"settlements","category":"settlement-block","name":null,"referenceEra":"modern_reference","source":"OpenStreetMap contributors","license":"ODbL-1.0","sourceAreaDegrees":2e-8},"geometry":{"type":"Polygon","coordinates":[[[118.311026,24.477815],[118.311195,24.477891],[118.311247,24.477795],[118.311079,24.477718],[118.311026,24.477815]]]}},{"type":"Feature","properties":{"id":"osm-way-1118319745","layer":"settlements","category":"settlement-block","name":null,"referenceEra":"modern_reference","source":"OpenStreetMap contributors","license":"ODbL-1.0","sourceAreaDegrees":1.9e-8},"geometry":{"type":"Polygon","coordinates":[[[118.311554,24.479451],[118.311759,24.479531],[118.311796,24.479453],[118.311591,24.479373],[118.311554,24.479451]]]}},{"type":"Feature","properties":{"id":"osm-way-1118319752","layer":"settlements","category":"settlement-block","name":null,"referenceEra":"modern_reference","source":"OpenStreetMap contributors","license":"ODbL-1.0","sourceAreaDegrees":1.9e-8},"geometry":{"type":"Polygon","coordinates":[[[118.310958,24.479412],[118.311087,24.479468],[118.311149,24.47935],[118.31102,24.479294],[118.310958,24.479412]]]}},{"type":"Feature","properties":{"id":"osm-way-1118324726","layer":"settlements","category":"settlement-block","name":null,"referenceEra":"modern_reference","source":"OpenStreetMap contributors","license":"ODbL-1.0","sourceAreaDegrees":1.9e-8},"geometry":{"type":"Polygon","coordinates":[[[118.30817,24.477294],[118.308289,24.477393],[118.308329,24.477352],[118.308373,24.477388],[118.308409,24.477353],[118.308246,24.477218],[118.30817,24.477294]]]}},{"type":"Feature","properties":{"id":"osm-way-1118324884","layer":"settlements","category":"settlement-block","name":null,"referenceEra":"modern_reference","source":"OpenStreetMap contributors","license":"ODbL-1.0","sourceAreaDegrees":1.9e-8},"geometry":{"type":"Polygon","coordinates":[[[118.311094,24.484117],[118.311028,24.484181],[118.31119,24.484319],[118.311256,24.484255],[118.311094,24.484117]]]}},{"type":"Feature","properties":{"id":"osm-way-1118324892","layer":"settlements","category":"settlement-block","name":null,"referenceEra":"modern_reference","source":"OpenStreetMap contributors","license":"ODbL-1.0","sourceAreaDegrees":1.9e-8},"geometry":{"type":"Polygon","coordinates":[[[118.312531,24.483082],[118.312589,24.483028],[118.312409,24.482869],[118.312351,24.482923],[118.312531,24.483082]]]}},{"type":"Feature","properties":{"id":"osm-way-1118324906","layer":"settlements","category":"settlement-block","name":null,"referenceEra":"modern_reference","source":"OpenStreetMap contributors","license":"ODbL-1.0","sourceAreaDegrees":1.9e-8},"geometry":{"type":"Polygon","coordinates":[[[118.312358,24.47824],[118.312454,24.47831],[118.312559,24.478192],[118.312463,24.478122],[118.312358,24.47824]]]}},{"type":"Feature","properties":{"id":"osm-way-1118324914","layer":"settlements","category":"settlement-block","name":null,"referenceEra":"modern_reference","source":"OpenStreetMap contributors","license":"ODbL-1.0","sourceAreaDegrees":1.9e-8},"geometry":{"type":"Polygon","coordinates":[[[118.31203,24.478379],[118.31196,24.478472],[118.312098,24.478558],[118.312169,24.478465],[118.31203,24.478379]]]}},{"type":"Feature","properties":{"id":"osm-way-1118331648","layer":"settlements","category":"settlement-block","name":null,"referenceEra":"modern_reference","source":"OpenStreetMap contributors","license":"ODbL-1.0","sourceAreaDegrees":1.9e-8},"geometry":{"type":"Polygon","coordinates":[[[118.307451,24.478576],[118.307589,24.478692],[118.307666,24.478616],[118.307528,24.4785],[118.307451,24.478576]]]}},{"type":"Feature","properties":{"id":"osm-way-1118333776","layer":"settlements","category":"settlement-block","name":null,"referenceEra":"modern_reference","source":"OpenStreetMap contributors","license":"ODbL-1.0","sourceAreaDegrees":1.9e-8},"geometry":{"type":"Polygon","coordinates":[[[118.314017,24.476709],[118.314117,24.476739],[118.314178,24.476571],[118.314078,24.476541],[118.314017,24.476709]]]}},{"type":"Feature","properties":{"id":"osm-way-1118333847","layer":"settlements","category":"settlement-block","name":null,"referenceEra":"modern_reference","source":"OpenStreetMap contributors","license":"ODbL-1.0","sourceAreaDegrees":1.9e-8},"geometry":{"type":"Polygon","coordinates":[[[118.305833,24.478962],[118.30596,24.479068],[118.306042,24.478988],[118.305915,24.478881],[118.305858,24.478937],[118.305833,24.478962]]]}},{"type":"Feature","properties":{"id":"osm-way-1118346176","layer":"settlements","category":"settlement-block","name":null,"referenceEra":"modern_reference","source":"OpenStreetMap contributors","license":"ODbL-1.0","sourceAreaDegrees":1.9e-8},"geometry":{"type":"Polygon","coordinates":[[[118.310954,24.478944],[118.311059,24.478959],[118.311085,24.478798],[118.310957,24.478776],[118.310965,24.478875],[118.310954,24.478944]]]}},{"type":"Feature","properties":{"id":"osm-way-1118346192","layer":"settlements","category":"settlement-block","name":null,"referenceEra":"modern_reference","source":"OpenStreetMap contributors","license":"ODbL-1.0","sourceAreaDegrees":1.9e-8},"geometry":{"type":"Polygon","coordinates":[[[118.306734,24.480454],[118.306505,24.480574],[118.306544,24.480636],[118.306774,24.480517],[118.306734,24.480454]]]}},{"type":"Feature","properties":{"id":"osm-way-1118346313","layer":"settlements","category":"settlement-block","name":null,"referenceEra":"modern_reference","source":"OpenStreetMap contributors","license":"ODbL-1.0","sourceAreaDegrees":1.9e-8},"geometry":{"type":"Polygon","coordinates":[[[118.305963,24.475096],[118.305917,24.475152],[118.306105,24.475279],[118.306152,24.47529],[118.306187,24.475247],[118.305963,24.475096]]]}},{"type":"Feature","properties":{"id":"osm-way-1118346348","layer":"settlements","category":"settlement-block","name":null,"referenceEra":"modern_reference","source":"OpenStreetMap contributors","license":"ODbL-1.0","sourceAreaDegrees":1.9e-8},"geometry":{"type":"Polygon","coordinates":[[[118.311806,24.479818],[118.312041,24.479941],[118.312079,24.479881],[118.311844,24.479758],[118.311806,24.479818]]]}},{"type":"Feature","properties":{"id":"osm-way-1118346380","layer":"settlements","category":"settlement-block","name":null,"referenceEra":"modern_reference","source":"OpenStreetMap contributors","license":"ODbL-1.0","sourceAreaDegrees":1.9e-8},"geometry":{"type":"Polygon","coordinates":[[[118.310648,24.47943],[118.31074,24.479338],[118.310626,24.479243],[118.310534,24.479335],[118.310648,24.47943]]]}},{"type":"Feature","properties":{"id":"osm-way-1118361444","layer":"settlements","category":"settlement-block","name":null,"referenceEra":"modern_reference","source":"OpenStreetMap contributors","license":"ODbL-1.0","sourceAreaDegrees":1.9e-8},"geometry":{"type":"Polygon","coordinates":[[[118.320617,24.448009],[118.320687,24.448087],[118.320837,24.447976],[118.320768,24.447899],[118.320617,24.448009]]]}},{"type":"Feature","properties":{"id":"osm-way-430590859","layer":"settlements","category":"settlement-block","name":"廣濟廟","referenceEra":"modern_reference","source":"OpenStreetMap contributors","license":"ODbL-1.0","sourceAreaDegrees":1.8e-8},"geometry":{"type":"Polygon","coordinates":[[[118.339467,24.449314],[118.339525,24.449394],[118.339369,24.449487],[118.339311,24.449407],[118.339467,24.449314]]]}},{"type":"Feature","properties":{"id":"osm-way-477494260","layer":"settlements","category":"settlement-block","name":"石蚵產業文化館","referenceEra":"modern_reference","source":"OpenStreetMap contributors","license":"ODbL-1.0","sourceAreaDegrees":1.8e-8},"geometry":{"type":"Polygon","coordinates":[[[118.317906,24.476087],[118.317902,24.476004],[118.318113,24.475995],[118.318117,24.476079],[118.317906,24.476087]]]}},{"type":"Feature","properties":{"id":"osm-way-748029491","layer":"settlements","category":"settlement-block","name":"金門縣金寧鄉盤山村辦公處","referenceEra":"modern_reference","source":"OpenStreetMap contributors","license":"ODbL-1.0","sourceAreaDegrees":1.8e-8},"geometry":{"type":"Polygon","coordinates":[[[118.339009,24.448979],[118.339159,24.449132],[118.339201,24.449098],[118.339157,24.449054],[118.33919,24.449027],[118.339084,24.448919],[118.339009,24.448979]]]}},{"type":"Feature","properties":{"id":"osm-way-1118319715","layer":"settlements","category":"settlement-block","name":null,"referenceEra":"modern_reference","source":"OpenStreetMap contributors","license":"ODbL-1.0","sourceAreaDegrees":1.8e-8},"geometry":{"type":"Polygon","coordinates":[[[118.310947,24.480077],[118.311046,24.479982],[118.310946,24.479896],[118.310848,24.47999],[118.310947,24.480077]]]}},{"type":"Feature","properties":{"id":"osm-way-1118319746","layer":"settlements","category":"settlement-block","name":null,"referenceEra":"modern_reference","source":"OpenStreetMap contributors","license":"ODbL-1.0","sourceAreaDegrees":1.8e-8},"geometry":{"type":"Polygon","coordinates":[[[118.311373,24.479393],[118.31154,24.479447],[118.311577,24.479352],[118.31141,24.479298],[118.311373,24.479393]]]}},{"type":"Feature","properties":{"id":"osm-way-1118319755","layer":"settlements","category":"settlement-block","name":null,"referenceEra":"modern_reference","source":"OpenStreetMap contributors","license":"ODbL-1.0","sourceAreaDegrees":1.8e-8},"geometry":{"type":"Polygon","coordinates":[[[118.311774,24.47902],[118.311922,24.479048],[118.311948,24.478933],[118.311799,24.478906],[118.311774,24.47902]]]}},{"type":"Feature","properties":{"id":"osm-way-1118319772","layer":"settlements","category":"settlement-block","name":null,"referenceEra":"modern_reference","source":"OpenStreetMap contributors","license":"ODbL-1.0","sourceAreaDegrees":1.8e-8},"geometry":{"type":"Polygon","coordinates":[[[118.311513,24.48064],[118.311651,24.4808],[118.31172,24.480751],[118.311582,24.480591],[118.311513,24.48064]]]}},{"type":"Feature","properties":{"id":"osm-way-1118324846","layer":"settlements","category":"settlement-block","name":null,"referenceEra":"modern_reference","source":"OpenStreetMap contributors","license":"ODbL-1.0","sourceAreaDegrees":1.8e-8},"geometry":{"type":"Polygon","coordinates":[[[118.312721,24.479478],[118.312792,24.4794],[118.312656,24.479299],[118.312585,24.479377],[118.312721,24.479478]]]}},{"type":"Feature","properties":{"id":"osm-way-1118324902","layer":"settlements","category":"settlement-block","name":null,"referenceEra":"modern_reference","source":"OpenStreetMap contributors","license":"ODbL-1.0","sourceAreaDegrees":1.8e-8},"geometry":{"type":"Polygon","coordinates":[[[118.31254,24.478549],[118.31268,24.478643],[118.312746,24.47856],[118.312607,24.478467],[118.31254,24.478549]]]}},{"type":"Feature","properties":{"id":"osm-way-1118324908","layer":"settlements","category":"settlement-block","name":null,"referenceEra":"modern_reference","source":"OpenStreetMap contributors","license":"ODbL-1.0","sourceAreaDegrees":1.8e-8},"geometry":{"type":"Polygon","coordinates":[[[118.31213,24.478239],[118.312268,24.478329],[118.312334,24.478245],[118.312197,24.478155],[118.31213,24.478239]]]}},{"type":"Feature","properties":{"id":"osm-way-1118324915","layer":"settlements","category":"settlement-block","name":null,"referenceEra":"modern_reference","source":"OpenStreetMap contributors","license":"ODbL-1.0","sourceAreaDegrees":1.8e-8},"geometry":{"type":"Polygon","coordinates":[[[118.312022,24.478654],[118.312078,24.478594],[118.311905,24.478464],[118.31185,24.478525],[118.312022,24.478654]]]}},{"type":"Feature","properties":{"id":"osm-way-1118331603","layer":"settlements","category":"settlement-block","name":null,"referenceEra":"modern_reference","source":"OpenStreetMap contributors","license":"ODbL-1.0","sourceAreaDegrees":1.8e-8},"geometry":{"type":"Polygon","coordinates":[[[118.308013,24.478671],[118.308077,24.478603],[118.307927,24.478487],[118.307863,24.478555],[118.308013,24.478671]]]}},{"type":"Feature","properties":{"id":"osm-way-1118331608","layer":"settlements","category":"settlement-block","name":null,"referenceEra":"modern_reference","source":"OpenStreetMap contributors","license":"ODbL-1.0","sourceAreaDegrees":1.8e-8},"geometry":{"type":"Polygon","coordinates":[[[118.313675,24.474172],[118.313856,24.47419],[118.313868,24.474092],[118.313687,24.474074],[118.313675,24.474172]]]}},{"type":"Feature","properties":{"id":"osm-way-1118331646","layer":"settlements","category":"settlement-block","name":null,"referenceEra":"modern_reference","source":"OpenStreetMap contributors","license":"ODbL-1.0","sourceAreaDegrees":1.8e-8},"geometry":{"type":"Polygon","coordinates":[[[118.30765,24.478389],[118.307788,24.478504],[118.30786,24.478433],[118.307722,24.478318],[118.30765,24.478389]]]}},{"type":"Feature","properties":{"id":"osm-way-1118346370","layer":"settlements","category":"settlement-block","name":null,"referenceEra":"modern_reference","source":"OpenStreetMap contributors","license":"ODbL-1.0","sourceAreaDegrees":1.8e-8},"geometry":{"type":"Polygon","coordinates":[[[118.314444,24.476839],[118.314534,24.47692],[118.314645,24.476819],[118.314555,24.476737],[118.314444,24.476839]]]}},{"type":"Feature","properties":{"id":"osm-way-425672885","layer":"settlements","category":"settlement-block","name":"金寧鄉衛生所","referenceEra":"modern_reference","source":"OpenStreetMap contributors","license":"ODbL-1.0","sourceAreaDegrees":1.7e-8},"geometry":{"type":"Polygon","coordinates":[[[118.335182,24.451201],[118.335048,24.451322],[118.33498,24.45126],[118.335115,24.451139],[118.335182,24.451201]]]}},{"type":"Feature","properties":{"id":"osm-way-517115161","layer":"settlements","category":"settlement-block","name":"三元民宿","referenceEra":"modern_reference","source":"OpenStreetMap contributors","license":"ODbL-1.0","sourceAreaDegrees":1.7e-8},"geometry":{"type":"Polygon","coordinates":[[[118.334168,24.452623],[118.334295,24.452524],[118.334223,24.452448],[118.334097,24.452547],[118.334168,24.452623]]]}},{"type":"Feature","properties":{"id":"osm-way-1118319716","layer":"settlements","category":"settlement-block","name":null,"referenceEra":"modern_reference","source":"OpenStreetMap contributors","license":"ODbL-1.0","sourceAreaDegrees":1.7e-8},"geometry":{"type":"Polygon","coordinates":[[[118.310804,24.479791],[118.310711,24.479901],[118.310808,24.479969],[118.310901,24.47986],[118.310804,24.479791]]]}},{"type":"Feature","properties":{"id":"osm-way-1118319777","layer":"settlements","category":"settlement-block","name":null,"referenceEra":"modern_reference","source":"OpenStreetMap contributors","license":"ODbL-1.0","sourceAreaDegrees":1.7e-8},"geometry":{"type":"Polygon","coordinates":[[[118.310469,24.479628],[118.310542,24.479552],[118.310419,24.479454],[118.310346,24.47953],[118.310469,24.479628]]]}},{"type":"Feature","properties":{"id":"osm-way-1118324711","layer":"settlements","category":"settlement-block","name":null,"referenceEra":"modern_reference","source":"OpenStreetMap contributors","license":"ODbL-1.0","sourceAreaDegrees":1.7e-8},"geometry":{"type":"Polygon","coordinates":[[[118.306656,24.476995],[118.306593,24.477064],[118.306736,24.477171],[118.306799,24.477102],[118.306656,24.476995]]]}},{"type":"Feature","properties":{"id":"osm-way-1118324727","layer":"settlements","category":"settlement-block","name":null,"referenceEra":"modern_reference","source":"OpenStreetMap contributors","license":"ODbL-1.0","sourceAreaDegrees":1.7e-8},"geometry":{"type":"Polygon","coordinates":[[[118.308064,24.477393],[118.308198,24.47748],[118.308271,24.477407],[118.308149,24.477307],[118.308064,24.477393]]]}},{"type":"Feature","properties":{"id":"osm-way-1118324747","layer":"settlements","category":"settlement-block","name":null,"referenceEra":"modern_reference","source":"OpenStreetMap contributors","license":"ODbL-1.0","sourceAreaDegrees":1.7e-8},"geometry":{"type":"Polygon","coordinates":[[[118.306997,24.477994],[118.307125,24.478105],[118.3072,24.478034],[118.307072,24.477923],[118.306997,24.477994]]]}},{"type":"Feature","properties":{"id":"osm-way-1118324754","layer":"settlements","category":"settlement-block","name":null,"referenceEra":"modern_reference","source":"OpenStreetMap contributors","license":"ODbL-1.0","sourceAreaDegrees":1.7e-8},"geometry":{"type":"Polygon","coordinates":[[[118.309141,24.477416],[118.309085,24.477504],[118.309227,24.477578],[118.309282,24.477491],[118.309141,24.477416]]]}},{"type":"Feature","properties":{"id":"osm-way-1118324766","layer":"settlements","category":"settlement-block","name":null,"referenceEra":"modern_reference","source":"OpenStreetMap contributors","license":"ODbL-1.0","sourceAreaDegrees":1.7e-8},"geometry":{"type":"Polygon","coordinates":[[[118.308258,24.4783],[118.308324,24.478234],[118.308183,24.478115],[118.308116,24.478181],[118.308258,24.4783]]]}},{"type":"Feature","properties":{"id":"osm-way-1118324834","layer":"settlements","category":"settlement-block","name":null,"referenceEra":"modern_reference","source":"OpenStreetMap contributors","license":"ODbL-1.0","sourceAreaDegrees":1.7e-8},"geometry":{"type":"Polygon","coordinates":[[[118.308857,24.480912],[118.308961,24.480831],[118.308872,24.480736],[118.308767,24.480818],[118.308857,24.480912]]]}},{"type":"Feature","properties":{"id":"osm-way-1118324837","layer":"settlements","category":"settlement-block","name":null,"referenceEra":"modern_reference","source":"OpenStreetMap contributors","license":"ODbL-1.0","sourceAreaDegrees":1.7e-8},"geometry":{"type":"Polygon","coordinates":[[[118.308507,24.480955],[118.308581,24.480923],[118.308482,24.480736],[118.308408,24.480769],[118.308507,24.480955]]]}},{"type":"Feature","properties":{"id":"osm-way-1118324893","layer":"settlements","category":"settlement-block","name":null,"referenceEra":"modern_reference","source":"OpenStreetMap contributors","license":"ODbL-1.0","sourceAreaDegrees":1.7e-8},"geometry":{"type":"Polygon","coordinates":[[[118.312298,24.482973],[118.312478,24.483132],[118.312531,24.483082],[118.312351,24.482923],[118.312298,24.482973]]]}},{"type":"Feature","properties":{"id":"osm-way-1118324901","layer":"settlements","category":"settlement-block","name":null,"referenceEra":"modern_reference","source":"OpenStreetMap contributors","license":"ODbL-1.0","sourceAreaDegrees":1.7e-8},"geometry":{"type":"Polygon","coordinates":[[[118.312528,24.478562],[118.312384,24.478466],[118.312322,24.478544],[118.312467,24.478639],[118.312528,24.478562]]]}},{"type":"Feature","properties":{"id":"osm-way-1118324907","layer":"settlements","category":"settlement-block","name":null,"referenceEra":"modern_reference","source":"OpenStreetMap contributors","license":"ODbL-1.0","sourceAreaDegrees":1.7e-8},"geometry":{"type":"Polygon","coordinates":[[[118.312334,24.478245],[118.312268,24.478329],[118.312404,24.478419],[118.312471,24.478335],[118.312334,24.478245]]]}},{"type":"Feature","properties":{"id":"osm-way-1118324909","layer":"settlements","category":"settlement-block","name":null,"referenceEra":"modern_reference","source":"OpenStreetMap contributors","license":"ODbL-1.0","sourceAreaDegrees":1.7e-8},"geometry":{"type":"Polygon","coordinates":[[[118.312002,24.478155],[118.31213,24.478239],[118.312201,24.47815],[118.312073,24.478066],[118.312002,24.478155]]]}},{"type":"Feature","properties":{"id":"osm-way-1118324939","layer":"settlements","category":"settlement-block","name":null,"referenceEra":"modern_reference","source":"OpenStreetMap contributors","license":"ODbL-1.0","sourceAreaDegrees":1.7e-8},"geometry":{"type":"Polygon","coordinates":[[[118.311139,24.478318],[118.311171,24.478215],[118.311021,24.478176],[118.310988,24.478279],[118.311139,24.478318]]]}},{"type":"Feature","properties":{"id":"osm-way-1118324948","layer":"settlements","category":"settlement-block","name":null,"referenceEra":"modern_reference","source":"OpenStreetMap contributors","license":"ODbL-1.0","sourceAreaDegrees":1.7e-8},"geometry":{"type":"Polygon","coordinates":[[[118.310753,24.479014],[118.310923,24.479033],[118.310936,24.478937],[118.310766,24.478918],[118.310753,24.479014]]]}},{"type":"Feature","properties":{"id":"osm-way-1118331598","layer":"settlements","category":"settlement-block","name":null,"referenceEra":"modern_reference","source":"OpenStreetMap contributors","license":"ODbL-1.0","sourceAreaDegrees":1.7e-8},"geometry":{"type":"Polygon","coordinates":[[[118.308376,24.478438],[118.308246,24.478332],[118.308173,24.478406],[118.308304,24.478512],[118.308376,24.478438]]]}},{"type":"Feature","properties":{"id":"osm-way-1118331614","layer":"settlements","category":"settlement-block","name":null,"referenceEra":"modern_reference","source":"OpenStreetMap contributors","license":"ODbL-1.0","sourceAreaDegrees":1.7e-8},"geometry":{"type":"Polygon","coordinates":[[[118.317938,24.473503],[118.318105,24.473641],[118.31816,24.473586],[118.317994,24.473448],[118.317938,24.473503]]]}},{"type":"Feature","properties":{"id":"osm-way-1118331641","layer":"settlements","category":"settlement-block","name":null,"referenceEra":"modern_reference","source":"OpenStreetMap contributors","license":"ODbL-1.0","sourceAreaDegrees":1.7e-8},"geometry":{"type":"Polygon","coordinates":[[[118.307953,24.478075],[118.308061,24.478165],[118.308158,24.478069],[118.308093,24.478015],[118.308061,24.478047],[118.308018,24.478011],[118.307953,24.478075]]]}},{"type":"Feature","properties":{"id":"osm-way-1118333814","layer":"settlements","category":"settlement-block","name":null,"referenceEra":"modern_reference","source":"OpenStreetMap contributors","license":"ODbL-1.0","sourceAreaDegrees":1.7e-8},"geometry":{"type":"Polygon","coordinates":[[[118.312084,24.47802],[118.312176,24.478082],[118.312246,24.477995],[118.312111,24.477904],[118.312059,24.477968],[118.312102,24.477998],[118.312084,24.47802]]]}},{"type":"Feature","properties":{"id":"osm-way-1118333836","layer":"settlements","category":"settlement-block","name":null,"referenceEra":"modern_reference","source":"OpenStreetMap contributors","license":"ODbL-1.0","sourceAreaDegrees":1.7e-8},"geometry":{"type":"Polygon","coordinates":[[[118.312078,24.479479],[118.312131,24.479404],[118.311969,24.479308],[118.311915,24.479383],[118.312078,24.479479]]]}},{"type":"Feature","properties":{"id":"osm-way-1118333843","layer":"settlements","category":"settlement-block","name":null,"referenceEra":"modern_reference","source":"OpenStreetMap contributors","license":"ODbL-1.0","sourceAreaDegrees":1.7e-8},"geometry":{"type":"Polygon","coordinates":[[[118.307413,24.479307],[118.307488,24.479232],[118.307368,24.479131],[118.307293,24.479206],[118.307413,24.479307]]]}},{"type":"Feature","properties":{"id":"osm-way-1118346286","layer":"settlements","category":"settlement-block","name":null,"referenceEra":"modern_reference","source":"OpenStreetMap contributors","license":"ODbL-1.0","sourceAreaDegrees":1.7e-8},"geometry":{"type":"Polygon","coordinates":[[[118.31864,24.47074],[118.318578,24.470828],[118.318736,24.470921],[118.318783,24.470856],[118.318689,24.4708],[118.318704,24.470778],[118.31864,24.47074]]]}},{"type":"Feature","properties":{"id":"osm-way-1118346345","layer":"settlements","category":"settlement-block","name":null,"referenceEra":"modern_reference","source":"OpenStreetMap contributors","license":"ODbL-1.0","sourceAreaDegrees":1.7e-8},"geometry":{"type":"Polygon","coordinates":[[[118.311709,24.480187],[118.311785,24.480107],[118.311661,24.48001],[118.311585,24.480091],[118.311709,24.480187]]]}},{"type":"Feature","properties":{"id":"osm-way-1385308450","layer":"settlements","category":"settlement-block","name":"楊氏明馨祖祠暨楊清廉紀念館","referenceEra":"modern_reference","source":"OpenStreetMap contributors","license":"ODbL-1.0","sourceAreaDegrees":1.7e-8},"geometry":{"type":"Polygon","coordinates":[[[118.341374,24.455449],[118.341404,24.455316],[118.341522,24.455346],[118.341489,24.455472],[118.341407,24.455461],[118.341374,24.455449]]]}},{"type":"Feature","properties":{"id":"osm-way-1409507346","layer":"settlements","category":"settlement-block","name":null,"referenceEra":"modern_reference","source":"OpenStreetMap contributors","license":"ODbL-1.0","sourceAreaDegrees":1.7e-8},"geometry":{"type":"Polygon","coordinates":[[[118.324226,24.443963],[118.324152,24.443896],[118.324278,24.44378],[118.324352,24.443847],[118.324226,24.443963]]]}},{"type":"Feature","properties":{"id":"osm-way-361851167","layer":"settlements","category":"settlement-block","name":null,"referenceEra":"modern_reference","source":"OpenStreetMap contributors","license":"ODbL-1.0","sourceAreaDegrees":1.6e-8},"geometry":{"type":"Polygon","coordinates":[[[118.350318,24.461615],[118.350266,24.461557],[118.350181,24.461621],[118.350153,24.46159],[118.350102,24.461629],[118.350181,24.461717],[118.350318,24.461615]]]}},{"type":"Feature","properties":{"id":"osm-way-1118319711","layer":"settlements","category":"settlement-block","name":null,"referenceEra":"modern_reference","source":"OpenStreetMap contributors","license":"ODbL-1.0","sourceAreaDegrees":1.6e-8},"geometry":{"type":"Polygon","coordinates":[[[118.312267,24.479313],[118.312159,24.479251],[118.312086,24.479356],[118.312194,24.479418],[118.312267,24.479313]]]}},{"type":"Feature","properties":{"id":"osm-way-1118319712","layer":"settlements","category":"settlement-block","name":null,"referenceEra":"modern_reference","source":"OpenStreetMap contributors","license":"ODbL-1.0","sourceAreaDegrees":1.6e-8},"geometry":{"type":"Polygon","coordinates":[[[118.312375,24.479375],[118.312267,24.479313],[118.312194,24.479418],[118.312302,24.47948],[118.312375,24.479375]]]}},{"type":"Feature","properties":{"id":"osm-way-1118319738","layer":"settlements","category":"settlement-block","name":null,"referenceEra":"modern_reference","source":"OpenStreetMap contributors","license":"ODbL-1.0","sourceAreaDegrees":1.6e-8},"geometry":{"type":"Polygon","coordinates":[[[118.312425,24.479839],[118.312497,24.479763],[118.312374,24.479668],[118.312303,24.479744],[118.312425,24.479839]]]}},{"type":"Feature","properties":{"id":"osm-way-1118319754","layer":"settlements","category":"settlement-block","name":null,"referenceEra":"modern_reference","source":"OpenStreetMap contributors","license":"ODbL-1.0","sourceAreaDegrees":1.6e-8},"geometry":{"type":"Polygon","coordinates":[[[118.311913,24.479118],[118.311849,24.4792],[118.311977,24.479282],[118.31204,24.4792],[118.311913,24.479118]]]}},{"type":"Feature","properties":{"id":"osm-way-1118319758","layer":"settlements","category":"settlement-block","name":null,"referenceEra":"modern_reference","source":"OpenStreetMap contributors","license":"ODbL-1.0","sourceAreaDegrees":1.6e-8},"geometry":{"type":"Polygon","coordinates":[[[118.311479,24.478983],[118.311458,24.479069],[118.311634,24.479105],[118.311655,24.479018],[118.311479,24.478983]]]}},{"type":"Feature","properties":{"id":"osm-way-1118319775","layer":"settlements","category":"settlement-block","name":null,"referenceEra":"modern_reference","source":"OpenStreetMap contributors","license":"ODbL-1.0","sourceAreaDegrees":1.6e-8},"geometry":{"type":"Polygon","coordinates":[[[118.310424,24.479412],[118.310496,24.479334],[118.310378,24.47924],[118.310305,24.479316],[118.310411,24.479402],[118.310424,24.479412]]]}},{"type":"Feature","properties":{"id":"osm-way-1118324719","layer":"settlements","category":"settlement-block","name":null,"referenceEra":"modern_reference","source":"OpenStreetMap contributors","license":"ODbL-1.0","sourceAreaDegrees":1.6e-8},"geometry":{"type":"Polygon","coordinates":[[[118.305502,24.478809],[118.305619,24.47891],[118.305696,24.478836],[118.305579,24.478735],[118.305502,24.478809]]]}},{"type":"Feature","properties":{"id":"osm-way-1118324767","layer":"settlements","category":"settlement-block","name":null,"referenceEra":"modern_reference","source":"OpenStreetMap contributors","license":"ODbL-1.0","sourceAreaDegrees":1.6e-8},"geometry":{"type":"Polygon","coordinates":[[[118.308391,24.478412],[118.308458,24.478347],[118.308324,24.478234],[118.308258,24.4783],[118.308391,24.478412]]]}},{"type":"Feature","properties":{"id":"osm-way-1118324770","layer":"settlements","category":"settlement-block","name":null,"referenceEra":"modern_reference","source":"OpenStreetMap contributors","license":"ODbL-1.0","sourceAreaDegrees":1.6e-8},"geometry":{"type":"Polygon","coordinates":[[[118.308741,24.47853],[118.308625,24.478445],[118.308552,24.478527],[118.308667,24.478612],[118.308741,24.47853]]]}},{"type":"Feature","properties":{"id":"osm-way-1118324800","layer":"settlements","category":"settlement-block","name":null,"referenceEra":"modern_reference","source":"OpenStreetMap contributors","license":"ODbL-1.0","sourceAreaDegrees":1.6e-8},"geometry":{"type":"Polygon","coordinates":[[[118.306246,24.47895],[118.306356,24.479045],[118.306435,24.478969],[118.306325,24.478874],[118.306246,24.47895]]]}},{"type":"Feature","properties":{"id":"osm-way-1118324806","layer":"settlements","category":"settlement-block","name":null,"referenceEra":"modern_reference","source":"OpenStreetMap contributors","license":"ODbL-1.0","sourceAreaDegrees":1.6e-8},"geometry":{"type":"Polygon","coordinates":[[[118.306689,24.479554],[118.306772,24.479488],[118.306667,24.479381],[118.306585,24.479447],[118.306689,24.479554]]]}},{"type":"Feature","properties":{"id":"osm-way-1118324845","layer":"settlements","category":"settlement-block","name":null,"referenceEra":"modern_reference","source":"OpenStreetMap contributors","license":"ODbL-1.0","sourceAreaDegrees":1.6e-8},"geometry":{"type":"Polygon","coordinates":[[[118.312585,24.479377],[118.312522,24.479447],[118.312658,24.479548],[118.312721,24.479478],[118.312585,24.479377]]]}},{"type":"Feature","properties":{"id":"osm-way-1118324847","layer":"settlements","category":"settlement-block","name":null,"referenceEra":"modern_reference","source":"OpenStreetMap contributors","license":"ODbL-1.0","sourceAreaDegrees":1.6e-8},"geometry":{"type":"Polygon","coordinates":[[[118.312731,24.479468],[118.312658,24.479548],[118.312776,24.479637],[118.312849,24.479557],[118.312731,24.479468]]]}},{"type":"Feature","properties":{"id":"osm-way-1118324852","layer":"settlements","category":"settlement-block","name":null,"referenceEra":"modern_reference","source":"OpenStreetMap contributors","license":"ODbL-1.0","sourceAreaDegrees":1.6e-8},"geometry":{"type":"Polygon","coordinates":[[[118.311053,24.480429],[118.311184,24.480529],[118.311249,24.480459],[118.311117,24.480359],[118.311053,24.480429]]]}},{"type":"Feature","properties":{"id":"osm-way-1118324871","layer":"settlements","category":"settlement-block","name":null,"referenceEra":"modern_reference","source":"OpenStreetMap contributors","license":"ODbL-1.0","sourceAreaDegrees":1.6e-8},"geometry":{"type":"Polygon","coordinates":[[[118.311619,24.481374],[118.311564,24.481428],[118.311728,24.481566],[118.311783,24.481512],[118.311619,24.481374]]]}},{"type":"Feature","properties":{"id":"osm-way-1118324903","layer":"settlements","category":"settlement-block","name":null,"referenceEra":"modern_reference","source":"OpenStreetMap contributors","license":"ODbL-1.0","sourceAreaDegrees":1.6e-8},"geometry":{"type":"Polygon","coordinates":[[[118.312467,24.478639],[118.312607,24.478731],[118.312668,24.478654],[118.312528,24.478562],[118.312467,24.478639]]]}},{"type":"Feature","properties":{"id":"osm-way-1118324904","layer":"settlements","category":"settlement-block","name":null,"referenceEra":"modern_reference","source":"OpenStreetMap contributors","license":"ODbL-1.0","sourceAreaDegrees":1.6e-8},"geometry":{"type":"Polygon","coordinates":[[[118.312607,24.478467],[118.312478,24.47838],[118.312411,24.478463],[118.31254,24.478549],[118.312607,24.478467]]]}},{"type":"Feature","properties":{"id":"osm-way-1118324913","layer":"settlements","category":"settlement-block","name":null,"referenceEra":"modern_reference","source":"OpenStreetMap contributors","license":"ODbL-1.0","sourceAreaDegrees":1.6e-8},"geometry":{"type":"Polygon","coordinates":[[[118.312098,24.478558],[118.312215,24.478631],[118.312286,24.478538],[118.312169,24.478465],[118.312098,24.478558]]]}},{"type":"Feature","properties":{"id":"osm-way-1118324918","layer":"settlements","category":"settlement-block","name":null,"referenceEra":"modern_reference","source":"OpenStreetMap contributors","license":"ODbL-1.0","sourceAreaDegrees":1.6e-8},"geometry":{"type":"Polygon","coordinates":[[[118.31215,24.478869],[118.312241,24.478936],[118.312335,24.478831],[118.312244,24.478764],[118.31215,24.478869]]]}},{"type":"Feature","properties":{"id":"osm-way-1118331609","layer":"settlements","category":"settlement-block","name":null,"referenceEra":"modern_reference","source":"OpenStreetMap contributors","license":"ODbL-1.0","sourceAreaDegrees":1.6e-8},"geometry":{"type":"Polygon","coordinates":[[[118.313694,24.474205],[118.313682,24.474321],[118.313817,24.474333],[118.313829,24.474217],[118.313694,24.474205]]]}},{"type":"Feature","properties":{"id":"osm-way-1118331617","layer":"settlements","category":"settlement-block","name":null,"referenceEra":"modern_reference","source":"OpenStreetMap contributors","license":"ODbL-1.0","sourceAreaDegrees":1.6e-8},"geometry":{"type":"Polygon","coordinates":[[[118.318805,24.47328],[118.318968,24.47344],[118.319023,24.473393],[118.31886,24.473233],[118.318805,24.47328]]]}},{"type":"Feature","properties":{"id":"osm-way-1118333772","layer":"settlements","category":"settlement-block","name":null,"referenceEra":"modern_reference","source":"OpenStreetMap contributors","license":"ODbL-1.0","sourceAreaDegrees":1.6e-8},"geometry":{"type":"Polygon","coordinates":[[[118.311645,24.47842],[118.311699,24.478342],[118.311556,24.47826],[118.311502,24.478339],[118.311645,24.47842]]]}},{"type":"Feature","properties":{"id":"osm-way-1118333774","layer":"settlements","category":"settlement-block","name":null,"referenceEra":"modern_reference","source":"OpenStreetMap contributors","license":"ODbL-1.0","sourceAreaDegrees":1.6e-8},"geometry":{"type":"Polygon","coordinates":[[[118.311349,24.478251],[118.31147,24.47832],[118.311512,24.478199],[118.31142,24.478147],[118.311349,24.478251]]]}},{"type":"Feature","properties":{"id":"osm-way-1118333783","layer":"settlements","category":"settlement-block","name":null,"referenceEra":"modern_reference","source":"OpenStreetMap contributors","license":"ODbL-1.0","sourceAreaDegrees":1.6e-8},"geometry":{"type":"Polygon","coordinates":[[[118.317548,24.474422],[118.317394,24.474278],[118.317337,24.474328],[118.317491,24.474472],[118.317548,24.474422]]]}},{"type":"Feature","properties":{"id":"osm-way-1118333807","layer":"settlements","category":"settlement-block","name":null,"referenceEra":"modern_reference","source":"OpenStreetMap contributors","license":"ODbL-1.0","sourceAreaDegrees":1.6e-8},"geometry":{"type":"Polygon","coordinates":[[[118.312651,24.479592],[118.312524,24.47949],[118.312454,24.479562],[118.31258,24.479664],[118.312651,24.479592]]]}},{"type":"Feature","properties":{"id":"osm-way-1118333849","layer":"settlements","category":"settlement-block","name":null,"referenceEra":"modern_reference","source":"OpenStreetMap contributors","license":"ODbL-1.0","sourceAreaDegrees":1.6e-8},"geometry":{"type":"Polygon","coordinates":[[[118.305726,24.479229],[118.305795,24.479161],[118.305666,24.479053],[118.305597,24.479121],[118.305726,24.479229]]]}},{"type":"Feature","properties":{"id":"osm-way-1118346155","layer":"settlements","category":"settlement-block","name":null,"referenceEra":"modern_reference","source":"OpenStreetMap contributors","license":"ODbL-1.0","sourceAreaDegrees":1.6e-8},"geometry":{"type":"Polygon","coordinates":[[[118.308705,24.477306],[118.308801,24.477383],[118.308891,24.47729],[118.308796,24.477213],[118.308705,24.477306]]]}},{"type":"Feature","properties":{"id":"osm-way-1118346232","layer":"settlements","category":"settlement-block","name":null,"referenceEra":"modern_reference","source":"OpenStreetMap contributors","license":"ODbL-1.0","sourceAreaDegrees":1.6e-8},"geometry":{"type":"Polygon","coordinates":[[[118.3239,24.471641],[118.323971,24.471582],[118.323846,24.471458],[118.323775,24.471517],[118.3239,24.471641]]]}},{"type":"Feature","properties":{"id":"osm-way-1118346243","layer":"settlements","category":"settlement-block","name":null,"referenceEra":"modern_reference","source":"OpenStreetMap contributors","license":"ODbL-1.0","sourceAreaDegrees":1.6e-8},"geometry":{"type":"Polygon","coordinates":[[[118.322967,24.47077],[118.323068,24.470868],[118.323155,24.470793],[118.323054,24.470695],[118.322967,24.47077]]]}},{"type":"Feature","properties":{"id":"osm-way-1118347146","layer":"settlements","category":"settlement-block","name":null,"referenceEra":"modern_reference","source":"OpenStreetMap contributors","license":"ODbL-1.0","sourceAreaDegrees":1.6e-8},"geometry":{"type":"Polygon","coordinates":[[[118.31432,24.471339],[118.314307,24.47144],[118.314464,24.471456],[118.314476,24.471355],[118.31432,24.471339]]]}},{"type":"Feature","properties":{"id":"osm-way-1118347149","layer":"settlements","category":"settlement-block","name":null,"referenceEra":"modern_reference","source":"OpenStreetMap contributors","license":"ODbL-1.0","sourceAreaDegrees":1.6e-8},"geometry":{"type":"Polygon","coordinates":[[[118.314409,24.470627],[118.314393,24.470737],[118.314534,24.470755],[118.31455,24.470644],[118.314409,24.470627]]]}},{"type":"Feature","properties":{"id":"osm-way-1118362946","layer":"settlements","category":"settlement-block","name":null,"referenceEra":"modern_reference","source":"OpenStreetMap contributors","license":"ODbL-1.0","sourceAreaDegrees":1.6e-8},"geometry":{"type":"Polygon","coordinates":[[[118.311371,24.478635],[118.311511,24.478679],[118.31156,24.478552],[118.311476,24.478525],[118.311453,24.478585],[118.311397,24.478568],[118.311371,24.478635]]]}},{"type":"Feature","properties":{"id":"osm-way-361851166","layer":"settlements","category":"settlement-block","name":null,"referenceEra":"modern_reference","source":"OpenStreetMap contributors","license":"ODbL-1.0","sourceAreaDegrees":1.5e-8},"geometry":{"type":"Polygon","coordinates":[[[118.347624,24.463856],[118.347697,24.46382],[118.347794,24.463982],[118.347721,24.464018],[118.347624,24.463856]]]}},{"type":"Feature","properties":{"id":"osm-way-425672880","layer":"settlements","category":"settlement-block","name":"金寧鄉戶政事務所","referenceEra":"modern_reference","source":"OpenStreetMap contributors","license":"ODbL-1.0","sourceAreaDegrees":1.5e-8},"geometry":{"type":"Polygon","coordinates":[[[118.334495,24.450755],[118.334555,24.450824],[118.334689,24.450729],[118.334629,24.450659],[118.334495,24.450755]]]}},{"type":"Feature","properties":{"id":"osm-way-1118319734","layer":"settlements","category":"settlement-block","name":null,"referenceEra":"modern_reference","source":"OpenStreetMap contributors","license":"ODbL-1.0","sourceAreaDegrees":1.5e-8},"geometry":{"type":"Polygon","coordinates":[[[118.31203,24.480301],[118.311883,24.480197],[118.311829,24.480261],[118.311976,24.480365],[118.31203,24.480301]]]}},{"type":"Feature","properties":{"id":"osm-way-1118324717","layer":"settlements","category":"settlement-block","name":null,"referenceEra":"modern_reference","source":"OpenStreetMap contributors","license":"ODbL-1.0","sourceAreaDegrees":1.5e-8},"geometry":{"type":"Polygon","coordinates":[[[118.306079,24.479159],[118.306192,24.479254],[118.306267,24.479181],[118.306154,24.479086],[118.306079,24.479159]]]}},{"type":"Feature","properties":{"id":"osm-way-1118324736","layer":"settlements","category":"settlement-block","name":null,"referenceEra":"modern_reference","source":"OpenStreetMap contributors","license":"ODbL-1.0","sourceAreaDegrees":1.5e-8},"geometry":{"type":"Polygon","coordinates":[[[118.308084,24.477852],[118.308213,24.477956],[118.308278,24.477888],[118.30815,24.477785],[118.308084,24.477852]]]}},{"type":"Feature","properties":{"id":"osm-way-1118324739","layer":"settlements","category":"settlement-block","name":null,"referenceEra":"modern_reference","source":"OpenStreetMap contributors","license":"ODbL-1.0","sourceAreaDegrees":1.5e-8},"geometry":{"type":"Polygon","coordinates":[[[118.30788,24.477897],[118.307806,24.477976],[118.307917,24.478061],[118.307991,24.477983],[118.30788,24.477897]]]}},{"type":"Feature","properties":{"id":"osm-way-1118324820","layer":"settlements","category":"settlement-block","name":null,"referenceEra":"modern_reference","source":"OpenStreetMap contributors","license":"ODbL-1.0","sourceAreaDegrees":1.5e-8},"geometry":{"type":"Polygon","coordinates":[[[118.306915,24.479612],[118.306807,24.479507],[118.30673,24.479573],[118.306838,24.479677],[118.306903,24.479622],[118.306915,24.479612]]]}},{"type":"Feature","properties":{"id":"osm-way-1118324860","layer":"settlements","category":"settlement-block","name":null,"referenceEra":"modern_reference","source":"OpenStreetMap contributors","license":"ODbL-1.0","sourceAreaDegrees":1.5e-8},"geometry":{"type":"Polygon","coordinates":[[[118.31065,24.480003],[118.310508,24.479935],[118.310486,24.479973],[118.310461,24.480018],[118.310603,24.480086],[118.31065,24.480003]]]}},{"type":"Feature","properties":{"id":"osm-way-1118324899","layer":"settlements","category":"settlement-block","name":null,"referenceEra":"modern_reference","source":"OpenStreetMap contributors","license":"ODbL-1.0","sourceAreaDegrees":1.5e-8},"geometry":{"type":"Polygon","coordinates":[[[118.313606,24.482248],[118.313734,24.482136],[118.31367,24.482075],[118.313541,24.482187],[118.313606,24.482248]]]}},{"type":"Feature","properties":{"id":"osm-way-1118324944","layer":"settlements","category":"settlement-block","name":null,"referenceEra":"modern_reference","source":"OpenStreetMap contributors","license":"ODbL-1.0","sourceAreaDegrees":1.5e-8},"geometry":{"type":"Polygon","coordinates":[[[118.310968,24.478604],[118.31113,24.478611],[118.311135,24.478517],[118.310973,24.47851],[118.310968,24.478604]]]}},{"type":"Feature","properties":{"id":"osm-way-1118331625","layer":"settlements","category":"settlement-block","name":null,"referenceEra":"modern_reference","source":"OpenStreetMap contributors","license":"ODbL-1.0","sourceAreaDegrees":1.5e-8},"geometry":{"type":"Polygon","coordinates":[[[118.318815,24.473812],[118.318964,24.473958],[118.31902,24.473911],[118.31887,24.473765],[118.318815,24.473812]]]}},{"type":"Feature","properties":{"id":"osm-way-1118333764","layer":"settlements","category":"settlement-block","name":null,"referenceEra":"modern_reference","source":"OpenStreetMap contributors","license":"ODbL-1.0","sourceAreaDegrees":1.5e-8},"geometry":{"type":"Polygon","coordinates":[[[118.311473,24.479594],[118.31151,24.479506],[118.311357,24.479453],[118.31132,24.479541],[118.311473,24.479594]]]}},{"type":"Feature","properties":{"id":"osm-way-1118333781","layer":"settlements","category":"settlement-block","name":null,"referenceEra":"modern_reference","source":"OpenStreetMap contributors","license":"ODbL-1.0","sourceAreaDegrees":1.5e-8},"geometry":{"type":"Polygon","coordinates":[[[118.317846,24.474708],[118.317776,24.474767],[118.317896,24.474883],[118.317965,24.474823],[118.317846,24.474708]]]}},{"type":"Feature","properties":{"id":"osm-way-1118346166","layer":"settlements","category":"settlement-block","name":null,"referenceEra":"modern_reference","source":"OpenStreetMap contributors","license":"ODbL-1.0","sourceAreaDegrees":1.5e-8},"geometry":{"type":"Polygon","coordinates":[[[118.307869,24.478981],[118.307946,24.479042],[118.308053,24.478931],[118.307976,24.47887],[118.307869,24.478981]]]}},{"type":"Feature","properties":{"id":"osm-way-1118346229","layer":"settlements","category":"settlement-block","name":null,"referenceEra":"modern_reference","source":"OpenStreetMap contributors","license":"ODbL-1.0","sourceAreaDegrees":1.5e-8},"geometry":{"type":"Polygon","coordinates":[[[118.307546,24.479188],[118.307614,24.479114],[118.307491,24.47902],[118.307423,24.479094],[118.307546,24.479188]]]}},{"type":"Feature","properties":{"id":"osm-way-1118346351","layer":"settlements","category":"settlement-block","name":null,"referenceEra":"modern_reference","source":"OpenStreetMap contributors","license":"ODbL-1.0","sourceAreaDegrees":1.5e-8},"geometry":{"type":"Polygon","coordinates":[[[118.311751,24.479924],[118.311692,24.480004],[118.311822,24.480083],[118.311882,24.480003],[118.311751,24.479924]]]}},{"type":"Feature","properties":{"id":"osm-way-1118347144","layer":"settlements","category":"settlement-block","name":null,"referenceEra":"modern_reference","source":"OpenStreetMap contributors","license":"ODbL-1.0","sourceAreaDegrees":1.5e-8},"geometry":{"type":"Polygon","coordinates":[[[118.314455,24.470513],[118.314598,24.470521],[118.314605,24.470416],[118.314461,24.470409],[118.314455,24.470513]]]}},{"type":"Feature","properties":{"id":"osm-way-1448485836","layer":"settlements","category":"settlement-block","name":null,"referenceEra":"modern_reference","source":"OpenStreetMap contributors","license":"ODbL-1.0","sourceAreaDegrees":1.5e-8},"geometry":{"type":"Polygon","coordinates":[[[118.311427,24.440549],[118.311271,24.440482],[118.311312,24.440402],[118.311469,24.440469],[118.311427,24.440549]]]}},{"type":"Feature","properties":{"id":"osm-way-1480014992","layer":"settlements","category":"settlement-block","name":null,"referenceEra":"modern_reference","source":"OpenStreetMap contributors","license":"ODbL-1.0","sourceAreaDegrees":1.5e-8},"geometry":{"type":"Polygon","coordinates":[[[118.337835,24.446504],[118.337916,24.446432],[118.337813,24.446335],[118.337732,24.446407],[118.337835,24.446504]]]}}]}
