{"type":"FeatureCollection","metadata":{"version":"0.5","source":{"name":"OpenStreetMap contributors","url":"https://www.openstreetmap.org/copyright","license":"Open Database License (ODbL) 1.0","acquired":"2026-09-15","referenceEra":"modern_reference"},"bounds":[117.84,24.28,118.6,24.72],"scale":"regional strategic context","simplificationToleranceDegrees":0.00024,"note":"High-resolution land polygons assembled from OSM mean-high-water coastline ways."},"features":[{"type":"Feature","properties":{"id":"osm-coast-1","layer":"coastline","category":"land","referenceEra":"modern_reference","source":"OpenStreetMap contributors","license":"ODbL-1.0"},"geometry":{"type":"Polygon","coordinates":[[[118.309168,24.437547],[118.309086,24.431553],[118.30901,24.43119],[118.308301,24.431197],[118.30805,24.430833],[118.308642,24.429465],[118.309349,24.42932],[118.30963,24.42967],[118.31018,24.42982],[118.31035,24.429005],[118.31095,24.42805],[118.31122,24.427002],[118.310517,24.42726],[118.309426,24.4265],[118.307772,24.425871],[118.307332,24.425861],[118.305489,24.426494],[118.30451,24.42631],[118.303514,24.425527],[118.302363,24.425025],[118.302183,24.424706],[118.286552,24.424757],[118.286552,24.424628],[118.297623,24.424536],[118.297624,24.423855],[118.297747,24.424212],[118.299088,24.424196],[118.299065,24.422386],[118.298136,24.4224],[118.298116,24.418112],[118.289353,24.418318],[118.289394,24.421236],[118.289248,24.421239],[118.289104,24.420836],[118.28903,24.416302],[118.288815,24.416303],[118.288814,24.416],[118.288372,24.416027],[118.288282,24.417064],[118.288132,24.417064],[118.288078,24.416021],[118.287595,24.416019],[118.287413,24.416976],[118.287345,24.415987],[118.286597,24.416009],[118.286667,24.417039],[118.286404,24.41682],[118.286284,24.415506],[118.28462,24.41554],[118.284637,24.415193],[118.282768,24.415219],[118.281741,24.41547],[118.281569,24.415672],[118.281158,24.415261],[118.27934,24.414906],[118.279029,24.415266],[118.278468,24.414971],[118.278755,24.414973],[118.278177,24.414527],[118.278714,24.414209],[118.278548,24.414158],[118.278594,24.413847],[118.27837,24.41393],[118.278189,24.413438],[118.278332,24.413155],[118.280089,24.412146],[118.280435,24.412407],[118.280903,24.412211],[118.28084,24.4117],[118.28044,24.41117],[118.280686,24.410858],[118.281365,24.41079],[118.28242,24.410243],[118.282599,24.409965],[118.28303,24.409915],[118.28373,24.40948],[118.28389,24.40897],[118.2846,24.4086],[118.28519,24.40798],[118.28521,24.40747],[118.28649,24.40699],[118.28665,24.40623],[118.287296,24.406467],[118.287809,24.406116],[118.288527,24.405978],[118.290748,24.404435],[118.29108,24.40406],[118.291307,24.40316],[118.290902,24.40291],[118.290949,24.402634],[118.290652,24.402212],[118.292828,24.401385],[118.293073,24.400811],[118.293426,24.400778],[118.29496,24.399876],[118.295633,24.399267],[118.295289,24.398972],[118.295329,24.398806],[118.295555,24.398432],[118.296136,24.398224],[118.296455,24.397593],[118.296433,24.397349],[118.295853,24.396905],[118.295756,24.39636],[118.296157,24.396685],[118.296296,24.396615],[118.295916,24.395899],[118.296601,24.396088],[118.296949,24.395923],[118.297004,24.395593],[118.297568,24.396027],[118.298725,24.396021],[118.298908,24.396238],[118.299923,24.396407],[118.302113,24.396453],[118.304079,24.396238],[118.304924,24.395965],[118.305515,24.395565],[118.305216,24.394887],[118.305665,24.394666],[118.305893,24.394892],[118.306307,24.394616],[118.306185,24.394345],[118.306343,24.394314],[118.3061,24.394059],[118.306371,24.393399],[118.307298,24.393243],[118.307643,24.392588],[118.307493,24.392403],[118.308056,24.392433],[118.308787,24.39198],[118.308788,24.391076],[118.309112,24.391022],[118.309415,24.391326],[118.309064,24.390719],[118.30923,24.390414],[118.310108,24.390325],[118.310387,24.389986],[118.310986,24.389978],[118.312076,24.390568],[118.312695,24.390653],[118.31301,24.39028],[118.313206,24.390562],[118.313519,24.390407],[118.31353,24.390143],[118.313789,24.389974],[118.31422,24.389953],[118.314424,24.390174],[118.314351,24.389867],[118.314567,24.389738],[118.314922,24.389885],[118.315084,24.390211],[118.315422,24.38979],[118.316028,24.389522],[118.3161,24.388931],[118.316532,24.388327],[118.317004,24.388586],[118.318165,24.388598],[118.318997,24.387884],[118.318946,24.387746],[118.319158,24.387804],[118.319585,24.387381],[118.31947,24.387194],[118.319788,24.387092],[118.319513,24.386506],[118.31979,24.386525],[118.319918,24.385962],[118.319933,24.3863],[118.320096,24.385972],[118.3209,24.38611],[118.321023,24.385826],[118.321576,24.386104],[118.322079,24.385725],[118.322777,24.386571],[118.323085,24.386366],[118.322849,24.385967],[118.323161,24.385835],[118.323592,24.386104],[118.323855,24.387124],[118.325058,24.388085],[118.326003,24.388059],[118.326102,24.387397],[118.32632,24.38767],[118.326827,24.387805],[118.326945,24.387534],[118.326745,24.387439],[118.326936,24.387296],[118.327345,24.387501],[118.32719,24.387174],[118.327408,24.387148],[118.327742,24.387243],[118.327897,24.387506],[118.327724,24.387736],[118.328089,24.387827],[118.328704,24.388546],[118.32929,24.388333],[118.329208,24.387894],[118.329498,24.388275],[118.32961,24.388064],[118.330155,24.388572],[118.330268,24.388405],[118.330736,24.38858],[118.33068,24.389084],[118.330913,24.389207],[118.330793,24.389451],[118.331165,24.389551],[118.3317,24.39016],[118.33151,24.39144],[118.33219,24.39198],[118.33353,24.39382],[118.33391,24.39485],[118.3346,24.39513],[118.33457,24.3959],[118.33484,24.39642],[118.33503,24.39874],[118.33538,24.40055],[118.335789,24.401111],[118.33588,24.40236],[118.337203,24.402855],[118.337587,24.404629],[118.339816,24.408632],[118.341582,24.410245],[118.34217,24.41052],[118.342944,24.412518],[118.34454,24.414975],[118.34628,24.41707],[118.35063,24.42067],[118.353454,24.422726],[118.35611,24.4243],[118.35914,24.42594],[118.361725,24.427047],[118.362351,24.42751],[118.370319,24.430971],[118.372821,24.431925],[118.379788,24.434053],[118.380416,24.433951],[118.380815,24.434179],[118.386631,24.435341],[118.38713,24.43527],[118.38742,24.4349],[118.387953,24.434673],[118.39067,24.435448],[118.391023,24.435167],[118.391792,24.435569],[118.393213,24.435501],[118.393682,24.435746],[118.393974,24.435637],[118.39427,24.435853],[118.39523,24.435981],[118.395766,24.435719],[118.39611,24.43517],[118.40003,24.435562],[118.400785,24.435242],[118.40286,24.43485],[118.403397,24.43422],[118.40346,24.43359],[118.404491,24.433807],[118.406403,24.432768],[118.408085,24.432122],[118.408227,24.432207],[118.408051,24.43199],[118.408425,24.432018],[118.408266,24.431881],[118.408425,24.43178],[118.408594,24.431868],[118.408459,24.43169],[118.408656,24.431557],[118.409126,24.430301],[118.40917,24.428676],[118.409389,24.430273],[118.409636,24.430148],[118.409743,24.430469],[118.409379,24.430597],[118.409891,24.431811],[118.411035,24.431411],[118.41068,24.430568],[118.410151,24.430448],[118.410268,24.430075],[118.410531,24.430146],[118.410763,24.429853],[118.410063,24.429325],[118.410262,24.429161],[118.410536,24.429414],[118.410766,24.42923],[118.409544,24.428099],[118.409124,24.427949],[118.408401,24.427236],[118.408532,24.42704],[118.409616,24.427735],[118.410685,24.428759],[118.412951,24.428533],[118.413559,24.427824],[118.41435,24.4275],[118.41463,24.4275],[118.414963,24.427793],[118.4163,24.42768],[118.42202,24.426032],[118.423124,24.425867],[118.426689,24.424681],[118.42735,24.425626],[118.428253,24.425827],[118.428656,24.426114],[118.428854,24.425887],[118.428047,24.425376],[118.427447,24.425293],[118.427055,24.424677],[118.427916,24.424221],[118.429306,24.42292],[118.431163,24.420861],[118.432027,24.419579],[118.433182,24.416738],[118.433669,24.41354],[118.43304,24.412715],[118.430751,24.412434],[118.430444,24.414513],[118.423946,24.413694],[118.423833,24.413574],[118.424248,24.410381],[118.424433,24.410271],[118.425786,24.410765],[118.427971,24.412058],[118.432913,24.412543],[118.433287,24.411798],[118.433534,24.410356],[118.430065,24.4087],[118.427866,24.408655],[118.427573,24.40839],[118.426567,24.409326],[118.426357,24.409291],[118.42605,24.408991],[118.426782,24.407542],[118.425156,24.407062],[118.422938,24.408393],[118.422803,24.408209],[118.425303,24.406713],[118.428998,24.407098],[118.429343,24.407355],[118.429961,24.40703],[118.430431,24.40724],[118.430709,24.406917],[118.431035,24.407314],[118.43087,24.407603],[118.430988,24.407789],[118.431891,24.4082],[118.432841,24.407574],[118.434584,24.407676],[118.434719,24.407932],[118.435596,24.408096],[118.435911,24.409105],[118.436168,24.408949],[118.436622,24.409071],[118.437231,24.40996],[118.439859,24.411164],[118.440184,24.41103],[118.44046,24.411469],[118.441211,24.411678],[118.441286,24.411993],[118.442468,24.411908],[118.444411,24.41224],[118.445019,24.413028],[118.445488,24.412885],[118.445764,24.413139],[118.445645,24.41339],[118.445941,24.414118],[118.446408,24.414485],[118.447252,24.414531],[118.44758,24.415181],[118.449083,24.416037],[118.449866,24.416056],[118.44984,24.41573],[118.45013,24.41548],[118.45321,24.41544],[118.45319,24.41596],[118.45263,24.41595],[118.45262,24.41645],[118.45483,24.41729],[118.45487,24.41626],[118.45543,24.41628],[118.45524,24.41756],[118.45593,24.41783],[118.455746,24.418993],[118.455266,24.418868],[118.45556,24.42039],[118.455188,24.420535],[118.454856,24.421001],[118.453943,24.420987],[118.453653,24.421713],[118.45472,24.42422],[118.455821,24.42552],[118.456511,24.425861],[118.45816,24.426],[118.45989,24.42489],[118.45977,24.42412],[118.46049,24.42362],[118.46046,24.42465],[118.46128,24.42506],[118.46214,24.42496],[118.46223,24.426],[118.4625,24.42625],[118.46263,24.42677],[118.46346,24.42692],[118.46428,24.42772],[118.464677,24.427865],[118.4652,24.42881],[118.46505,24.428878],[118.465192,24.429206],[118.464833,24.429392],[118.464713,24.429734],[118.463056,24.4294],[118.462682,24.429666],[118.463005,24.429867],[118.463255,24.430842],[118.46254,24.431217],[118.462263,24.431708],[118.462671,24.433699],[118.461276,24.43339],[118.460657,24.433853],[118.460087,24.434729],[118.45989,24.436237],[118.460657,24.438372],[118.46106,24.43873],[118.461712,24.438906],[118.462005,24.43871],[118.461964,24.438356],[118.462406,24.43813],[118.462941,24.438222],[118.462985,24.438806],[118.462651,24.439018],[118.462692,24.439295],[118.462203,24.439471],[118.46207,24.439845],[118.46223,24.440162],[118.463309,24.44112],[118.464191,24.441614],[118.466,24.44216],[118.467672,24.442127],[118.4684,24.44184],[118.468601,24.44144],[118.46815,24.44107],[118.46817,24.4403],[118.468924,24.440529],[118.468951,24.439941],[118.46937,24.440122],[118.46946,24.43969],[118.470914,24.440418],[118.470874,24.441041],[118.470469,24.441117],[118.47107,24.44167],[118.471729,24.441868],[118.4715,24.44142],[118.47249,24.44132],[118.47261,24.44171],[118.47232,24.44196],[118.4723,24.44247],[118.473,24.44275],[118.47299,24.44301],[118.472286,24.443058],[118.472325,24.44372],[118.473381,24.444475],[118.473373,24.444674],[118.47287,24.445006],[118.472329,24.444172],[118.472238,24.444283],[118.471155,24.443846],[118.471267,24.444074],[118.47078,24.444014],[118.470158,24.444999],[118.470268,24.445423],[118.470686,24.445474],[118.470963,24.445959],[118.470519,24.445839],[118.470384,24.446227],[118.470686,24.446406],[118.47076,24.446209],[118.471126,24.446434],[118.471557,24.446323],[118.471607,24.446443],[118.471168,24.446549],[118.471526,24.446508],[118.472351,24.447678],[118.472941,24.447126],[118.47254,24.446175],[118.472237,24.446116],[118.472843,24.446011],[118.473162,24.446611],[118.473717,24.446763],[118.473968,24.44704],[118.474193,24.447716],[118.473415,24.44753],[118.473152,24.447273],[118.472397,24.44794],[118.472284,24.448308],[118.472613,24.448887],[118.472428,24.448978],[118.472985,24.449757],[118.472697,24.449845],[118.472867,24.450216],[118.47271,24.45071],[118.472163,24.450173],[118.47267,24.45186],[118.472007,24.451522],[118.47197,24.45171],[118.471692,24.451637],[118.4717,24.45145],[118.470772,24.450837],[118.470419,24.45102],[118.469795,24.450846],[118.469385,24.450943],[118.468872,24.450592],[118.46822,24.4507],[118.46649,24.45193],[118.46517,24.45356],[118.46514,24.45433],[118.46414,24.45507],[118.46336,24.4571],[118.46269,24.46017],[118.46198,24.46426],[118.461632,24.467855],[118.461726,24.469381],[118.461438,24.469913],[118.461305,24.470955],[118.46171,24.4717],[118.46136,24.472981],[118.461435,24.475137],[118.461744,24.475856],[118.46283,24.47584],[118.46281,24.47635],[118.463363,24.476291],[118.463437,24.47659],[118.463672,24.476409],[118.464339,24.476461],[118.464667,24.476972],[118.465077,24.477019],[118.464965,24.477386],[118.465436,24.477735],[118.465168,24.47788],[118.465427,24.478474],[118.466725,24.479648],[118.467292,24.479745],[118.46758,24.48035],[118.46755,24.48112],[118.46711,24.48162],[118.46627,24.48159],[118.46629,24.48108],[118.46543,24.48157],[118.46531,24.48105],[118.464613,24.48107],[118.4643,24.48179],[118.46374,24.48191],[118.46333,24.48151],[118.46321,24.48099],[118.46143,24.479853],[118.461037,24.47908],[118.45933,24.47959],[118.456586,24.481636],[118.45509,24.48408],[118.45322,24.48942],[118.45336,24.49328],[118.45361,24.49406],[118.45402,24.49433],[118.45404,24.49381],[118.45422,24.49391],[118.45445,24.49408],[118.45458,24.4946],[118.45401,24.49471],[118.45317,24.49456],[118.45316,24.49507],[118.45128,24.495634],[118.450705,24.495378],[118.450053,24.495794],[118.449369,24.496449],[118.44855,24.49767],[118.447619,24.500993],[118.447708,24.504137],[118.448027,24.504479],[118.447959,24.504134],[118.44842,24.504454],[118.448162,24.504648],[118.448296,24.505282],[118.448158,24.505517],[118.44926,24.50685],[118.448939,24.507719],[118.449385,24.507716],[118.449486,24.507978],[118.448963,24.508249],[118.44877,24.50812],[118.448279,24.508324],[118.448126,24.508153],[118.448002,24.508423],[118.44748,24.508484],[118.446387,24.50768],[118.446191,24.507796],[118.446273,24.508149],[118.445827,24.508046],[118.445591,24.508322],[118.445706,24.508471],[118.445404,24.508643],[118.445042,24.508382],[118.445105,24.508675],[118.444419,24.508859],[118.444523,24.509199],[118.444181,24.509351],[118.443573,24.508959],[118.44359,24.508724],[118.443101,24.508531],[118.442943,24.508904],[118.442731,24.508705],[118.442908,24.508531],[118.442532,24.508649],[118.442341,24.508508],[118.442408,24.508243],[118.442256,24.508379],[118.441969,24.508285],[118.44206,24.508049],[118.441533,24.507801],[118.441249,24.507845],[118.441239,24.508076],[118.441136,24.507958],[118.440101,24.508276],[118.43992,24.508726],[118.439615,24.50848],[118.439734,24.508796],[118.439499,24.508862],[118.439534,24.509058],[118.439143,24.508957],[118.438965,24.509219],[118.43879,24.508804],[118.438178,24.508992],[118.437963,24.509259],[118.437714,24.509025],[118.436919,24.509067],[118.436513,24.508717],[118.436041,24.508945],[118.436042,24.509188],[118.43575,24.509184],[118.435811,24.509637],[118.435503,24.509645],[118.435129,24.509364],[118.434856,24.509596],[118.434674,24.509443],[118.434595,24.509677],[118.434147,24.509327],[118.434043,24.509431],[118.434375,24.509743],[118.433463,24.509392],[118.433626,24.509301],[118.433376,24.509],[118.4327,24.509235],[118.431305,24.511035],[118.430339,24.512641],[118.428514,24.516621],[118.428058,24.518359],[118.428086,24.519165],[118.428377,24.519716],[118.42863,24.519566],[118.428863,24.519852],[118.429156,24.519749],[118.429495,24.520146],[118.429084,24.520263],[118.429374,24.520767],[118.428821,24.520699],[118.428396,24.520128],[118.427542,24.520219],[118.427471,24.520829],[118.427192,24.521017],[118.427361,24.521262],[118.427125,24.521316],[118.42738,24.52175],[118.427161,24.521634],[118.42626,24.522588],[118.42579,24.523456],[118.425682,24.524062],[118.425822,24.524626],[118.426124,24.524792],[118.426291,24.524601],[118.426871,24.524895],[118.427283,24.525429],[118.427258,24.525735],[118.427582,24.525973],[118.427639,24.526342],[118.426311,24.526365],[118.425099,24.525498],[118.425171,24.525241],[118.424891,24.525199],[118.424476,24.525318],[118.422969,24.526446],[118.422889,24.5269],[118.422754,24.526732],[118.422512,24.527216],[118.421903,24.526948],[118.421465,24.526978],[118.421297,24.527203],[118.420951,24.52701],[118.420037,24.527318],[118.419032,24.527952],[118.41873,24.527936],[118.418334,24.527695],[118.417886,24.527689],[118.417314,24.527257],[118.415523,24.526491],[118.414934,24.525708],[118.415925,24.525647],[118.416433,24.52534],[118.415991,24.525297],[118.416002,24.525487],[118.415786,24.525478],[118.415242,24.52485],[118.41414,24.524566],[118.41302,24.524858],[118.411623,24.525644],[118.410682,24.526822],[118.410574,24.527218],[118.410795,24.527889],[118.410495,24.527694],[118.410096,24.527875],[118.410085,24.528171],[118.409824,24.52819],[118.409844,24.5284],[118.410073,24.528468],[118.409843,24.528601],[118.409575,24.528455],[118.409705,24.529088],[118.409337,24.529149],[118.409056,24.529526],[118.408128,24.529204],[118.408076,24.528398],[118.407593,24.528398],[118.407444,24.528136],[118.407576,24.527913],[118.407102,24.52738],[118.407751,24.526904],[118.40798,24.526358],[118.408995,24.525641],[118.40929,24.525943],[118.409611,24.525814],[118.410013,24.525152],[118.410086,24.524493],[118.409533,24.523577],[118.408673,24.52354],[118.408742,24.523744],[118.408408,24.523724],[118.408187,24.52319],[118.409265,24.52349],[118.40942,24.523083],[118.409117,24.522541],[118.409442,24.522554],[118.40898,24.521711],[118.408793,24.520582],[118.408829,24.519255],[118.409246,24.517501],[118.409782,24.516677],[118.40833,24.51593],[118.40553,24.51559],[118.40526,24.51532],[118.4047,24.51518],[118.40445,24.5144],[118.40388,24.51437],[118.40392,24.51361],[118.40309,24.51333],[118.4034,24.51257],[118.40228,24.51241],[118.40201,24.51214],[118.40089,24.51211],[118.40034,24.51158],[118.39782,24.5115],[118.39755,24.51123],[118.39531,24.51118],[118.39309,24.51046],[118.39243,24.50915],[118.392764,24.508726],[118.393453,24.508434],[118.39374,24.50791],[118.39392,24.50688],[118.39402,24.50406],[118.393797,24.502801],[118.393573,24.502835],[118.393359,24.502593],[118.393817,24.502513],[118.393835,24.499627],[118.39334,24.49968],[118.392908,24.498989],[118.392489,24.498714],[118.39211,24.49874],[118.39187,24.498485],[118.392075,24.497947],[118.392415,24.497681],[118.39269,24.497831],[118.393603,24.497325],[118.394074,24.496657],[118.395218,24.494108],[118.395299,24.491927],[118.394827,24.490637],[118.39385,24.48942],[118.39136,24.48818],[118.38998,24.48801],[118.39028,24.48725],[118.38972,24.48724],[118.38948,24.48646],[118.38724,24.48612],[118.38726,24.48562],[118.38782,24.48564],[118.38784,24.48512],[118.3884,24.48514],[118.38827,24.48462],[118.38843,24.48411],[118.38732,24.48382],[118.38707,24.48304],[118.38679,24.48304],[118.38677,24.48355],[118.38566,24.48313],[118.38286,24.48293],[118.38285,24.48343],[118.38117,24.48325],[118.38031,24.48399],[118.379124,24.483924],[118.379501,24.483453],[118.380761,24.482693],[118.381213,24.481717],[118.381042,24.481386],[118.381466,24.481573],[118.382366,24.481137],[118.383605,24.479626],[118.383555,24.478979],[118.383852,24.478942],[118.38358,24.478508],[118.383416,24.477614],[118.383686,24.475965],[118.383472,24.472383],[118.383235,24.471516],[118.382278,24.471695],[118.383072,24.470858],[118.383015,24.470239],[118.382442,24.469572],[118.381676,24.469051],[118.381398,24.469178],[118.381333,24.469431],[118.380769,24.46938],[118.380513,24.469692],[118.380241,24.468771],[118.379955,24.468892],[118.379806,24.469342],[118.379608,24.46932],[118.379702,24.468871],[118.379537,24.468311],[118.379733,24.467942],[118.379571,24.467418],[118.379662,24.466934],[118.379412,24.466431],[118.37746,24.465233],[118.375842,24.4636],[118.374752,24.463306],[118.374283,24.462968],[118.374013,24.462623],[118.373961,24.462125],[118.374445,24.462076],[118.374511,24.461403],[118.37384,24.46119],[118.371013,24.460932],[118.36935,24.46105],[118.368263,24.461199],[118.368105,24.462315],[118.367713,24.463179],[118.368081,24.462272],[118.368205,24.461283],[118.364866,24.461813],[118.364671,24.461706],[118.36342,24.46229],[118.361848,24.462587],[118.356205,24.464297],[118.356116,24.463979],[118.356018,24.464351],[118.355318,24.464682],[118.353608,24.464787],[118.35256,24.464312],[118.351738,24.464555],[118.351182,24.464317],[118.343839,24.467654],[118.337198,24.471524],[118.331895,24.475373],[118.331232,24.475546],[118.330929,24.476237],[118.327404,24.478842],[118.320238,24.485739],[118.320261,24.485899],[118.31961,24.486217],[118.317259,24.488132],[118.31628,24.487864],[118.314358,24.489839],[118.313205,24.489587],[118.31186,24.4901],[118.310954,24.489866],[118.310604,24.489596],[118.310354,24.488996],[118.310728,24.488576],[118.310736,24.487954],[118.310477,24.487512],[118.308668,24.487049],[118.306392,24.487158],[118.304189,24.485878],[118.303187,24.485686],[118.30253,24.4848],[118.30116,24.48373],[118.29995,24.48241],[118.29984,24.48163],[118.299392,24.481078],[118.29903,24.48084],[118.29707,24.48065],[118.29652,24.48037],[118.29516,24.480312],[118.294277,24.479022],[118.292709,24.478561],[118.292318,24.478227],[118.291676,24.47672],[118.290429,24.475375],[118.290199,24.474892],[118.289759,24.472368],[118.289141,24.471699],[118.288314,24.47129],[118.288404,24.470198],[118.289249,24.469225],[118.290468,24.468298],[118.293508,24.466679],[118.296103,24.464857],[118.298032,24.464032],[118.29967,24.46365],[118.302943,24.461706],[118.301792,24.459226],[118.301593,24.457408],[118.302167,24.456608],[118.302384,24.455847],[118.302146,24.455676],[118.302892,24.45414],[118.304633,24.451752],[118.304387,24.451597],[118.304562,24.451198],[118.304851,24.451344],[118.305548,24.450337],[118.30536,24.45022],[118.30565,24.44997],[118.30715,24.44719],[118.308133,24.444087],[118.308994,24.44213],[118.309319,24.439585],[118.309217,24.437576],[118.309168,24.437547]]]}},{"type":"Feature","properties":{"id":"osm-coast-2","layer":"coastline","category":"land","referenceEra":"modern_reference","source":"OpenStreetMap contributors","license":"ODbL-1.0"},"geometry":{"type":"Polygon","coordinates":[[[118.457994,24.414298],[118.457798,24.414212],[118.457091,24.41463],[118.456199,24.414284],[118.456314,24.413901],[118.456034,24.413504],[118.456198,24.412813],[118.456901,24.412825],[118.457372,24.413393],[118.457386,24.412511],[118.458201,24.412767],[118.459283,24.412745],[118.459203,24.41365],[118.458513,24.41432],[118.458121,24.414322],[118.457994,24.414298]]]}},{"type":"Feature","properties":{"id":"osm-coast-3","layer":"coastline","category":"land","referenceEra":"modern_reference","source":"OpenStreetMap contributors","license":"ODbL-1.0"},"geometry":{"type":"Polygon","coordinates":[[[118.438398,24.524745],[118.436591,24.524066],[118.436298,24.523699],[118.435822,24.523551],[118.434817,24.522802],[118.43471,24.522348],[118.435266,24.522292],[118.435268,24.522118],[118.435326,24.522229],[118.435758,24.521969],[118.436491,24.522526],[118.437402,24.522791],[118.438111,24.523307],[118.439078,24.523446],[118.439082,24.523649],[118.439342,24.523695],[118.439036,24.523897],[118.439038,24.525208],[118.438405,24.524822],[118.438398,24.524745]]]}},{"type":"Feature","properties":{"id":"osm-coast-4","layer":"coastline","category":"land","referenceEra":"modern_reference","source":"OpenStreetMap contributors","license":"ODbL-1.0"},"geometry":{"type":"Polygon","coordinates":[[[118.505718,24.427131],[118.505484,24.428047],[118.505319,24.427964],[118.50509,24.42832],[118.504685,24.428457],[118.503796,24.427689],[118.503658,24.426971],[118.503787,24.426747],[118.504037,24.426824],[118.504141,24.426562],[118.50467,24.426492],[118.504749,24.426215],[118.504434,24.42615],[118.504744,24.426121],[118.504687,24.425954],[118.505272,24.426169],[118.50516,24.4263],[118.505634,24.426712],[118.505712,24.427093],[118.505718,24.427131]]]}},{"type":"Feature","properties":{"id":"osm-coast-5","layer":"coastline","category":"land","referenceEra":"modern_reference","source":"OpenStreetMap contributors","license":"ODbL-1.0"},"geometry":{"type":"Polygon","coordinates":[[[118.197549,24.648561],[118.19696,24.647963],[118.194842,24.646703],[118.194439,24.646211],[118.194708,24.645801],[118.195972,24.645986],[118.196875,24.646433],[118.199513,24.649064],[118.199253,24.649374],[118.198997,24.649359],[118.198314,24.648868],[118.197549,24.648561]]]}},{"type":"Feature","properties":{"id":"osm-coast-6","layer":"coastline","category":"land","referenceEra":"modern_reference","source":"OpenStreetMap contributors","license":"ODbL-1.0"},"geometry":{"type":"Polygon","coordinates":[[[118.196793,24.648981],[118.196273,24.649006],[118.194545,24.648348],[118.194261,24.647801],[118.194427,24.646977],[118.19682,24.648323],[118.19741,24.648889],[118.19786,24.648938],[118.197941,24.649167],[118.197732,24.649289],[118.197013,24.648986],[118.196793,24.648981]]]}},{"type":"Feature","properties":{"id":"osm-coast-7","layer":"coastline","category":"land","referenceEra":"modern_reference","source":"OpenStreetMap contributors","license":"ODbL-1.0"},"geometry":{"type":"Polygon","coordinates":[[[118.192826,24.647702],[118.190738,24.646325],[118.190936,24.646048],[118.190837,24.645952],[118.190596,24.646145],[118.190235,24.645939],[118.189846,24.644588],[118.189825,24.643765],[118.19027,24.642857],[118.190886,24.64242],[118.191417,24.642459],[118.191679,24.642671],[118.192132,24.644189],[118.192394,24.644254],[118.192422,24.64455],[118.193413,24.645965],[118.193619,24.646583],[118.193321,24.647548],[118.193095,24.647696],[118.192826,24.647702]]]}},{"type":"Feature","properties":{"id":"osm-coast-8","layer":"coastline","category":"land","referenceEra":"modern_reference","source":"OpenStreetMap contributors","license":"ODbL-1.0"},"geometry":{"type":"Polygon","coordinates":[[[118.195512,24.651269],[118.191449,24.651001],[118.190651,24.650734],[118.190108,24.649609],[118.189777,24.64792],[118.190296,24.647296],[118.195876,24.650904],[118.1959,24.651252],[118.195512,24.651269]]]}},{"type":"Feature","properties":{"id":"osm-coast-9","layer":"coastline","category":"land","referenceEra":"modern_reference","source":"OpenStreetMap contributors","license":"ODbL-1.0"},"geometry":{"type":"Polygon","coordinates":[[[118.188234,24.654298],[118.187207,24.653893],[118.186719,24.653487],[118.186683,24.652844],[118.187901,24.652297],[118.188234,24.652613],[118.188736,24.652651],[118.189501,24.652336],[118.190853,24.652477],[118.192728,24.652027],[118.194916,24.652169],[118.195446,24.652452],[118.195673,24.652966],[118.195694,24.653397],[118.195489,24.653661],[118.194328,24.654446],[118.190322,24.654407],[118.188234,24.654298]]]}},{"type":"Feature","properties":{"id":"osm-coast-10","layer":"coastline","category":"land","referenceEra":"modern_reference","source":"OpenStreetMap contributors","license":"ODbL-1.0"},"geometry":{"type":"Polygon","coordinates":[[[118.377137,24.559651],[118.377095,24.559126],[118.37966,24.556687],[118.380518,24.556404],[118.380802,24.556087],[118.381789,24.556271],[118.382401,24.555682],[118.381268,24.555214],[118.383007,24.555632],[118.383354,24.555566],[118.383655,24.554841],[118.383508,24.555386],[118.384336,24.556216],[118.385425,24.556431],[118.385535,24.556062],[118.386734,24.556954],[118.38808,24.557189],[118.388342,24.557101],[118.388773,24.556328],[118.38845,24.556991],[118.39024,24.5575],[118.39091,24.55842],[118.391087,24.559441],[118.391476,24.559758],[118.39251,24.559669],[118.393012,24.559362],[118.393686,24.559778],[118.393496,24.560479],[118.39361,24.56133],[118.39288,24.56208],[118.39232,24.56206],[118.392155,24.561705],[118.39177,24.56166],[118.39148,24.56191],[118.390242,24.562037],[118.390006,24.561641],[118.388464,24.561898],[118.389645,24.561652],[118.389452,24.561291],[118.389909,24.56056],[118.38935,24.560271],[118.389224,24.5605],[118.389289,24.560283],[118.388978,24.560294],[118.388088,24.560492],[118.386969,24.561068],[118.38672,24.5615],[118.38615,24.56174],[118.384428,24.561978],[118.383857,24.562386],[118.383579,24.562253],[118.383112,24.562437],[118.383132,24.563522],[118.383005,24.563523],[118.38307,24.562373],[118.382929,24.56214],[118.3811,24.562133],[118.380498,24.562438],[118.38023,24.56233],[118.379672,24.562637],[118.37965,24.562891],[118.379402,24.562842],[118.37964,24.562489],[118.37912,24.562382],[118.379173,24.562676],[118.378874,24.562627],[118.378972,24.562287],[118.379727,24.562437],[118.380138,24.562101],[118.379505,24.561678],[118.378404,24.561537],[118.377468,24.560339],[118.377137,24.559651]]]}},{"type":"Feature","properties":{"id":"osm-coast-11","layer":"coastline","category":"land","referenceEra":"modern_reference","source":"OpenStreetMap contributors","license":"ODbL-1.0"},"geometry":{"type":"Polygon","coordinates":[[[118.376167,24.554776],[118.376548,24.555512],[118.37654,24.55587],[118.37519,24.557737],[118.374356,24.55927],[118.374511,24.55975],[118.374407,24.560211],[118.374804,24.561796],[118.376741,24.56305],[118.3772,24.564929],[118.377188,24.565635],[118.37684,24.566715],[118.376192,24.567613],[118.37493,24.568353],[118.372362,24.568775],[118.364857,24.564624],[118.354657,24.566515],[118.354587,24.566672],[118.35082,24.567424],[118.349719,24.567884],[118.346577,24.568479],[118.345331,24.568312],[118.338786,24.569506],[118.339397,24.572979],[118.338203,24.56755],[118.3376,24.567197],[118.335553,24.567377],[118.335443,24.567618],[118.335191,24.56766],[118.335124,24.567086],[118.334808,24.567001],[118.331911,24.569338],[118.331525,24.569509],[118.330581,24.569231],[118.330023,24.570045],[118.327775,24.571177],[118.327115,24.57126],[118.326665,24.571094],[118.326531,24.570026],[118.326305,24.569845],[118.325881,24.569845],[118.32435,24.570448],[118.323478,24.570155],[118.320721,24.573149],[118.32054,24.57303],[118.318213,24.575431],[118.314531,24.576589],[118.308456,24.575806],[118.308131,24.575605],[118.307186,24.574287],[118.310489,24.570936],[118.310711,24.570156],[118.305305,24.575505],[118.291919,24.567991],[118.291527,24.567636],[118.290321,24.565025],[118.290127,24.562693],[118.290439,24.561498],[118.292541,24.558629],[118.294152,24.556802],[118.297032,24.554579],[118.30341,24.551739],[118.306355,24.550202],[118.308216,24.548887],[118.310606,24.546889],[118.312438,24.54481],[118.312813,24.544932],[118.313696,24.543773],[118.313672,24.543346],[118.314104,24.5429],[118.316266,24.541499],[118.319215,24.540218],[118.323405,24.536271],[118.325663,24.53487],[118.328331,24.53252],[118.329735,24.531685],[118.331294,24.531082],[118.332847,24.530743],[118.334642,24.529315],[118.337451,24.525511],[118.338482,24.524466],[118.340772,24.522994],[118.343482,24.521724],[118.350735,24.524662],[118.37187,24.53665],[118.376908,24.53986],[118.377122,24.541025],[118.377412,24.541551],[118.379446,24.54399],[118.378914,24.544722],[118.379078,24.545098],[118.378956,24.546668],[118.374791,24.55281],[118.374851,24.553244],[118.375854,24.554216],[118.376167,24.554776]]]}},{"type":"Feature","properties":{"id":"osm-coast-12","layer":"coastline","category":"land","referenceEra":"modern_reference","source":"OpenStreetMap contributors","license":"ODbL-1.0"},"geometry":{"type":"Polygon","coordinates":[[[118.04633,24.461399],[118.046743,24.461597],[118.046855,24.461388],[118.046994,24.461518],[118.047027,24.461917],[118.046682,24.462127],[118.047038,24.462663],[118.047053,24.463008],[118.047733,24.463668],[118.047994,24.464308],[118.0478,24.46509],[118.047142,24.465549],[118.046525,24.465001],[118.046235,24.464981],[118.045193,24.463954],[118.04428,24.463802],[118.044271,24.463504],[118.043984,24.463219],[118.044073,24.462743],[118.043593,24.462191],[118.043612,24.461649],[118.044314,24.460787],[118.043433,24.459835],[118.04357,24.459743],[118.043462,24.459228],[118.044023,24.458902],[118.04397,24.458343],[118.044604,24.458178],[118.045382,24.458782],[118.045528,24.458787],[118.045452,24.458469],[118.045614,24.458236],[118.045804,24.458429],[118.045831,24.459218],[118.046183,24.459558],[118.046149,24.461012],[118.04633,24.461399]]]}},{"type":"Feature","properties":{"id":"osm-coast-13","layer":"coastline","category":"land","referenceEra":"modern_reference","source":"OpenStreetMap contributors","license":"ODbL-1.0"},"geometry":{"type":"Polygon","coordinates":[[[118.267544,24.426143],[118.267686,24.42618],[118.267,24.427858],[118.266992,24.428324],[118.264634,24.428471],[118.264709,24.43035],[118.264333,24.430342],[118.264083,24.431246],[118.26415,24.432169],[118.263879,24.432237],[118.263931,24.432489],[118.263728,24.432423],[118.263835,24.432562],[118.263598,24.432682],[118.26365,24.432999],[118.263222,24.433175],[118.263175,24.433505],[118.263422,24.434118],[118.264091,24.43454],[118.264829,24.435358],[118.266701,24.436335],[118.266809,24.436931],[118.267213,24.437355],[118.267253,24.438003],[118.267088,24.437839],[118.266796,24.438291],[118.266859,24.438616],[118.266598,24.439048],[118.266378,24.440494],[118.266795,24.441377],[118.267498,24.442085],[118.26748,24.44297],[118.267705,24.443248],[118.266243,24.443558],[118.265498,24.443463],[118.261406,24.44548],[118.259508,24.446696],[118.259542,24.446962],[118.256563,24.448801],[118.250995,24.452678],[118.250399,24.452194],[118.249037,24.452749],[118.248642,24.453217],[118.2479,24.452773],[118.246717,24.453095],[118.245847,24.452939],[118.245329,24.45226],[118.245546,24.452341],[118.245533,24.452177],[118.243851,24.452104],[118.24424,24.451772],[118.244144,24.451105],[118.244479,24.450129],[118.244075,24.449579],[118.24356,24.449379],[118.241783,24.448927],[118.239,24.449509],[118.238751,24.449599],[118.238798,24.44975],[118.237615,24.449306],[118.237187,24.449494],[118.236851,24.449416],[118.2365,24.449782],[118.236116,24.449618],[118.235449,24.449911],[118.235154,24.449838],[118.23496,24.449374],[118.232815,24.449299],[118.232691,24.448795],[118.231603,24.448488],[118.230207,24.447238],[118.229572,24.446945],[118.229782,24.445616],[118.229106,24.444415],[118.228831,24.443284],[118.228547,24.437138],[118.227492,24.431783],[118.226287,24.428814],[118.226307,24.42779],[118.22439,24.426855],[118.223189,24.426516],[118.220991,24.426567],[118.219973,24.42636],[118.219883,24.426822],[118.22031,24.428435],[118.22201,24.427849],[118.222477,24.428142],[118.221976,24.428785],[118.220708,24.429493],[118.220678,24.429742],[118.221197,24.429896],[118.220705,24.429964],[118.220128,24.429742],[118.218796,24.425953],[118.218606,24.425807],[118.218768,24.426461],[118.218451,24.42708],[118.218263,24.427123],[118.217702,24.426873],[118.218011,24.426814],[118.218086,24.426456],[118.217,24.425556],[118.21964,24.419944],[118.219958,24.418263],[118.219846,24.417369],[118.218516,24.415931],[118.218464,24.415574],[118.217695,24.414981],[118.217756,24.41481],[118.217017,24.414412],[118.216515,24.413183],[118.215652,24.412416],[118.214324,24.411874],[118.213625,24.41182],[118.212782,24.412199],[118.212642,24.412587],[118.211895,24.412743],[118.211557,24.41234],[118.211582,24.412074],[118.211902,24.412177],[118.211942,24.411708],[118.212656,24.411073],[118.213028,24.410985],[118.213137,24.410548],[118.213499,24.410352],[118.213352,24.410128],[118.21357,24.410128],[118.213599,24.409822],[118.215329,24.409637],[118.215409,24.409495],[118.215892,24.409695],[118.217638,24.409776],[118.222434,24.408684],[118.223633,24.4077],[118.223799,24.406742],[118.224277,24.4058],[118.224982,24.405201],[118.225926,24.405047],[118.226198,24.405221],[118.226648,24.406579],[118.230148,24.410975],[118.232894,24.413046],[118.234955,24.414047],[118.237561,24.414827],[118.238908,24.414917],[118.240949,24.414529],[118.241789,24.413874],[118.241302,24.413486],[118.2411,24.412988],[118.241341,24.412748],[118.241035,24.411913],[118.241202,24.411874],[118.241428,24.411261],[118.242105,24.411625],[118.243562,24.413286],[118.244125,24.413447],[118.244213,24.413305],[118.243961,24.41311],[118.24426,24.413152],[118.244424,24.413349],[118.244284,24.413445],[118.244696,24.413777],[118.245345,24.413759],[118.246285,24.414299],[118.247331,24.415394],[118.24711,24.415388],[118.247873,24.416588],[118.246563,24.416427],[118.24641,24.416534],[118.246472,24.416842],[118.246193,24.41681],[118.245982,24.417196],[118.246025,24.41873],[118.246769,24.420197],[118.246712,24.420503],[118.247696,24.421653],[118.250396,24.423658],[118.252638,24.424689],[118.254669,24.425221],[118.255554,24.425238],[118.255736,24.425004],[118.256047,24.425267],[118.256393,24.425262],[118.258424,24.424816],[118.25818,24.42345],[118.258904,24.422984],[118.258993,24.423104],[118.258338,24.423516],[118.258647,24.424618],[118.259541,24.424449],[118.259426,24.423846],[118.259236,24.423773],[118.259597,24.423706],[118.259618,24.4244],[118.260063,24.424308],[118.260034,24.423676],[118.260428,24.423336],[118.260478,24.42306],[118.259655,24.422586],[118.259362,24.422817],[118.259564,24.422533],[118.257667,24.421455],[118.257702,24.421252],[118.260399,24.42275],[118.262241,24.422268],[118.263017,24.422574],[118.262844,24.423531],[118.262478,24.423539],[118.262952,24.423666],[118.262891,24.424105],[118.263262,24.42493],[118.263652,24.424984],[118.263592,24.42537],[118.265352,24.425998],[118.267016,24.425435],[118.267054,24.425562],[118.265696,24.426026],[118.265793,24.426236],[118.265645,24.42628],[118.265541,24.426075],[118.265251,24.42624],[118.263695,24.425724],[118.263671,24.42597],[118.263339,24.425887],[118.26347,24.425675],[118.263289,24.425603],[118.263147,24.425806],[118.263222,24.42557],[118.263051,24.425487],[118.262759,24.425593],[118.262767,24.426223],[118.263247,24.426896],[118.263643,24.42684],[118.263387,24.427074],[118.264138,24.428036],[118.264674,24.42778],[118.264913,24.427821],[118.264795,24.428056],[118.264953,24.428122],[118.266767,24.428104],[118.267365,24.426571],[118.267544,24.426143]]]}},{"type":"Feature","properties":{"id":"osm-coast-14","layer":"coastline","category":"land","referenceEra":"modern_reference","source":"OpenStreetMap contributors","license":"ODbL-1.0"},"geometry":{"type":"Polygon","coordinates":[[[118.170809,24.54269],[118.162414,24.546082],[118.160789,24.54657],[118.158783,24.546837],[118.154433,24.546722],[118.153516,24.546979],[118.152619,24.547593],[118.150448,24.549831],[118.146765,24.553041],[118.14132,24.55932],[118.140252,24.559831],[118.137422,24.56007],[118.136404,24.559867],[118.13451,24.558849],[118.134318,24.558982],[118.133724,24.558888],[118.133679,24.558696],[118.114062,24.555852],[118.112022,24.555987],[118.111554,24.555763],[118.106351,24.555055],[118.105022,24.554568],[118.104364,24.554999],[118.104138,24.554718],[118.104517,24.554052],[118.104245,24.553774],[118.102803,24.555078],[118.101987,24.555249],[118.101059,24.55433],[118.100396,24.554136],[118.100251,24.55392],[118.100409,24.552811],[118.101077,24.552043],[118.1004,24.55171],[118.100122,24.552082],[118.097018,24.549907],[118.101489,24.54455],[118.101403,24.544334],[118.097629,24.54183],[118.093496,24.546678],[118.093307,24.546701],[118.087593,24.54046],[118.08794,24.540639],[118.089461,24.539427],[118.089302,24.539109],[118.091451,24.53726],[118.090878,24.53709],[118.08872,24.537415],[118.088586,24.536731],[118.088071,24.536673],[118.087996,24.536329],[118.088291,24.535903],[118.088966,24.535717],[118.089002,24.535412],[118.088297,24.535446],[118.088187,24.535208],[118.087704,24.53521],[118.087477,24.53433],[118.086961,24.534356],[118.086565,24.533545],[118.085224,24.533904],[118.083687,24.529487],[118.084308,24.529244],[118.084193,24.528623],[118.083673,24.528559],[118.078073,24.51057],[118.073118,24.501488],[118.074373,24.500854],[118.074655,24.500903],[118.076667,24.502121],[118.080605,24.505402],[118.08102,24.505157],[118.081442,24.505323],[118.08179,24.505118],[118.082981,24.50627],[118.083557,24.506045],[118.083147,24.505871],[118.080733,24.503414],[118.076793,24.500223],[118.076646,24.500307],[118.073708,24.498617],[118.07113,24.497566],[118.070996,24.497364],[118.070624,24.495219],[118.070469,24.495244],[118.070431,24.495561],[118.070287,24.49465],[118.070671,24.49458],[118.06906,24.484875],[118.069488,24.484635],[118.07029,24.482183],[118.070049,24.481897],[118.070312,24.481531],[118.070172,24.4814],[118.070177,24.479415],[118.070371,24.479433],[118.070542,24.480011],[118.071419,24.479933],[118.07152,24.479663],[118.072794,24.479533],[118.07107,24.478663],[118.070448,24.478007],[118.070094,24.477303],[118.068568,24.471156],[118.066579,24.464923],[118.066434,24.463769],[118.066924,24.463585],[118.066975,24.463288],[118.066263,24.462517],[118.066198,24.461363],[118.066899,24.45889],[118.067803,24.457861],[118.069081,24.455752],[118.070051,24.4548],[118.070003,24.45458],[118.070453,24.454377],[118.072856,24.451886],[118.0733,24.451849],[118.073586,24.451533],[118.073432,24.451386],[118.075704,24.448862],[118.076862,24.447233],[118.079626,24.441956],[118.080113,24.441649],[118.080816,24.442084],[118.080933,24.442615],[118.081803,24.442839],[118.083546,24.441016],[118.083032,24.44073],[118.082136,24.441712],[118.081431,24.442076],[118.079969,24.441299],[118.083804,24.437241],[118.085504,24.435817],[118.086913,24.435304],[118.091719,24.434672],[118.096828,24.434324],[118.098072,24.433993],[118.09939,24.433209],[118.099999,24.432527],[118.101187,24.430319],[118.102193,24.430111],[118.105091,24.430524],[118.105816,24.430106],[118.106535,24.429951],[118.10904,24.430273],[118.110635,24.43011],[118.111282,24.430236],[118.112434,24.430173],[118.112732,24.429809],[118.115365,24.429617],[118.115492,24.429241],[118.116418,24.42893],[118.116386,24.428506],[118.116841,24.428742],[118.117171,24.428594],[118.117112,24.428336],[118.117572,24.428435],[118.118737,24.427707],[118.119401,24.426181],[118.119373,24.42562],[118.12573,24.426059],[118.127666,24.425878],[118.128724,24.425469],[118.129329,24.424954],[118.130952,24.424447],[118.131507,24.423972],[118.132003,24.424007],[118.133547,24.425864],[118.134035,24.426182],[118.135088,24.427933],[118.137302,24.430522],[118.138103,24.430874],[118.139437,24.430517],[118.140203,24.430732],[118.140332,24.43057],[118.140672,24.430909],[118.141135,24.430947],[118.141174,24.4307],[118.141573,24.430634],[118.14244,24.432597],[118.144604,24.435121],[118.149626,24.43984],[118.156198,24.44419],[118.156328,24.44452],[118.159206,24.446564],[118.161926,24.448058],[118.168726,24.45268],[118.169539,24.453435],[118.17015,24.454492],[118.172161,24.455964],[118.175836,24.459118],[118.178342,24.461726],[118.180382,24.464641],[118.181232,24.465444],[118.183121,24.468781],[118.185727,24.472471],[118.187478,24.471574],[118.189121,24.470432],[118.190352,24.470464],[118.191016,24.471001],[118.191208,24.471768],[118.19238,24.473308],[118.195183,24.478356],[118.195993,24.480281],[118.195616,24.481271],[118.191988,24.481664],[118.191241,24.481971],[118.191405,24.482763],[118.191782,24.483324],[118.19266,24.483477],[118.193321,24.483081],[118.193166,24.482553],[118.193305,24.482439],[118.194831,24.482143],[118.196814,24.482174],[118.197092,24.482503],[118.197084,24.483221],[118.1968,24.483375],[118.19628,24.483275],[118.196194,24.483658],[118.196977,24.484266],[118.197279,24.485242],[118.197721,24.48554],[118.196921,24.485967],[118.196454,24.489033],[118.196293,24.49182],[118.195499,24.497635],[118.195403,24.503399],[118.194949,24.507399],[118.194115,24.511124],[118.194094,24.513928],[118.194703,24.519431],[118.193976,24.521376],[118.193636,24.527462],[118.194485,24.528883],[118.193888,24.52924],[118.192847,24.529368],[118.190866,24.530241],[118.190458,24.529677],[118.190405,24.529077],[118.19102,24.528626],[118.190473,24.527719],[118.189995,24.527766],[118.190049,24.529401],[118.189633,24.529658],[118.189676,24.532044],[118.190314,24.532936],[118.1875,24.534783],[118.187317,24.534558],[118.185407,24.535826],[118.185018,24.535371],[118.18483,24.535458],[118.183675,24.534023],[118.178203,24.539246],[118.176431,24.540315],[118.174789,24.540997],[118.174487,24.540336],[118.175845,24.539534],[118.176277,24.53883],[118.17588,24.53648],[118.175906,24.535141],[118.177489,24.530874],[118.177573,24.529414],[118.177258,24.528368],[118.176976,24.528091],[118.176398,24.528078],[118.176162,24.527697],[118.174688,24.527055],[118.174055,24.526492],[118.1735,24.525529],[118.173203,24.523445],[118.17292,24.523149],[118.171043,24.522342],[118.170186,24.519973],[118.168802,24.519631],[118.167428,24.518992],[118.167244,24.518128],[118.166335,24.517329],[118.161974,24.51595],[118.16121,24.516007],[118.160723,24.516513],[118.160625,24.51735],[118.160235,24.517889],[118.160836,24.51885],[118.161669,24.519331],[118.162718,24.519288],[118.16321,24.519549],[118.166357,24.520239],[118.168067,24.521869],[118.168951,24.523436],[118.169512,24.525655],[118.169506,24.527469],[118.169796,24.528227],[118.168642,24.530602],[118.167174,24.531788],[118.165968,24.533533],[118.165957,24.534092],[118.165222,24.535778],[118.165963,24.537492],[118.166731,24.538266],[118.168507,24.539285],[118.169326,24.53997],[118.170264,24.541304],[118.170883,24.542648],[118.170809,24.54269]]]}},{"type":"Feature","properties":{"id":"osm-coast-15","layer":"coastline","category":"land","referenceEra":"modern_reference","source":"OpenStreetMap contributors","license":"ODbL-1.0"},"geometry":{"type":"Polygon","coordinates":[[[118.053321,24.444909],[118.053585,24.444637],[118.055515,24.444017],[118.057915,24.443917],[118.058503,24.443477],[118.058403,24.442953],[118.058584,24.442503],[118.058958,24.442343],[118.059181,24.441362],[118.059482,24.441238],[118.063379,24.441983],[118.064182,24.441874],[118.064436,24.441083],[118.064353,24.440713],[118.064509,24.440879],[118.064823,24.440571],[118.064972,24.440764],[118.065088,24.440569],[118.065516,24.440639],[118.066062,24.440424],[118.065963,24.439155],[118.066172,24.438852],[118.066111,24.438393],[118.066292,24.438389],[118.066295,24.43865],[118.066019,24.439389],[118.066572,24.439288],[118.066933,24.440337],[118.067893,24.440831],[118.069075,24.440765],[118.069492,24.440562],[118.070288,24.442493],[118.070718,24.442908],[118.071241,24.443011],[118.072026,24.443983],[118.071858,24.444251],[118.071512,24.444187],[118.070789,24.445169],[118.070479,24.446491],[118.070499,24.447423],[118.070907,24.447524],[118.070925,24.447726],[118.07031,24.447403],[118.068999,24.448902],[118.069225,24.44846],[118.068823,24.448132],[118.068423,24.448709],[118.068863,24.448868],[118.068334,24.449379],[118.067747,24.449048],[118.067273,24.449213],[118.067115,24.449001],[118.065831,24.449876],[118.063742,24.453439],[118.062252,24.454627],[118.061585,24.456092],[118.060439,24.4559],[118.059864,24.455219],[118.059112,24.454854],[118.059731,24.453411],[118.059525,24.453056],[118.059105,24.452909],[118.058624,24.45305],[118.058135,24.454513],[118.056942,24.454422],[118.056855,24.454681],[118.056403,24.45477],[118.055947,24.454431],[118.055703,24.453463],[118.055518,24.453191],[118.055239,24.453197],[118.054785,24.452247],[118.054141,24.450259],[118.054222,24.450038],[118.053527,24.448805],[118.053656,24.448348],[118.053887,24.44839],[118.054014,24.448071],[118.053617,24.447785],[118.053157,24.447963],[118.053021,24.447697],[118.053158,24.447627],[118.052942,24.447344],[118.053327,24.447193],[118.053399,24.446916],[118.054123,24.446947],[118.054445,24.446451],[118.054467,24.445947],[118.053404,24.445992],[118.053332,24.44507],[118.053321,24.444909]]]}},{"type":"Feature","properties":{"id":"osm-coast-16","layer":"coastline","category":"land","referenceEra":"modern_reference","source":"OpenStreetMap contributors","license":"ODbL-1.0"},"geometry":{"type":"Polygon","coordinates":[[[118.053588,24.485678],[118.054081,24.486073],[118.054782,24.486187],[118.055859,24.487227],[118.055819,24.487525],[118.056184,24.4881],[118.056104,24.488351],[118.056541,24.489133],[118.056046,24.489597],[118.056053,24.489974],[118.056475,24.49057],[118.056279,24.490852],[118.056038,24.490861],[118.05556,24.490353],[118.055036,24.490241],[118.054491,24.489632],[118.054324,24.489676],[118.053843,24.48783],[118.053967,24.48679],[118.053501,24.485883],[118.053588,24.485678]]]}},{"type":"Feature","properties":{"id":"osm-coast-17","layer":"coastline","category":"land","referenceEra":"modern_reference","source":"OpenStreetMap contributors","license":"ODbL-1.0"},"geometry":{"type":"Polygon","coordinates":[[[118.061937,24.374998],[118.063261,24.373239],[118.065075,24.37189],[118.06612,24.371406],[118.068384,24.370864],[118.069828,24.370837],[118.070963,24.370943],[118.072741,24.371491],[118.073661,24.371938],[118.075278,24.373132],[118.076515,24.374656],[118.076965,24.375513],[118.077293,24.376414],[118.077562,24.378294],[118.0775,24.379242],[118.076985,24.381078],[118.075981,24.382739],[118.075315,24.383469],[118.073707,24.384672],[118.07279,24.385125],[118.071819,24.385469],[118.069772,24.385811],[118.066745,24.385444],[118.064649,24.384496],[118.063733,24.383828],[118.06293,24.383049],[118.061727,24.381219],[118.061138,24.379156],[118.06121,24.377024],[118.061494,24.375987],[118.061937,24.374998]]]}},{"type":"Feature","properties":{"id":"osm-coast-18","layer":"coastline","category":"land","referenceEra":"modern_reference","source":"OpenStreetMap contributors","license":"ODbL-1.0"},"geometry":{"type":"Polygon","coordinates":[[[118.40313,24.550924],[118.403769,24.551284],[118.4035,24.551941],[118.403684,24.55265],[118.40403,24.553004],[118.4043,24.553093],[118.404418,24.552851],[118.405367,24.55329],[118.406621,24.554615],[118.407621,24.554824],[118.407738,24.554518],[118.408752,24.554642],[118.409102,24.55417],[118.409731,24.554305],[118.409997,24.555263],[118.410347,24.555651],[118.410019,24.555669],[118.40956,24.555347],[118.409362,24.555574],[118.407929,24.555378],[118.407592,24.55601],[118.407085,24.5561],[118.40687,24.55583],[118.406739,24.556341],[118.406111,24.556138],[118.405695,24.55676],[118.405322,24.5567],[118.404151,24.556051],[118.40434,24.555375],[118.402511,24.554472],[118.402296,24.554074],[118.402666,24.553364],[118.40072,24.553715],[118.40273,24.55332],[118.402776,24.552583],[118.402557,24.552154],[118.401148,24.55121],[118.400095,24.55095],[118.399721,24.550622],[118.399621,24.550183],[118.39866,24.549709],[118.400098,24.548912],[118.40042,24.54779],[118.401059,24.548284],[118.401219,24.549206],[118.401857,24.549669],[118.402943,24.549398],[118.403442,24.549797],[118.402994,24.549967],[118.403069,24.550777],[118.40313,24.550924]]]}},{"type":"Feature","properties":{"id":"osm-coast-19","layer":"coastline","category":"land","referenceEra":"modern_reference","source":"OpenStreetMap contributors","license":"ODbL-1.0"},"geometry":{"type":"Polygon","coordinates":[[[118.175264,24.586946],[118.175707,24.587546],[118.175849,24.588554],[118.174948,24.58991],[118.174629,24.590054],[118.174315,24.589803],[118.174192,24.589088],[118.174551,24.588086],[118.174296,24.587554],[118.17318,24.587022],[118.172121,24.586803],[118.171507,24.586922],[118.171161,24.586656],[118.171563,24.585759],[118.172203,24.585532],[118.173997,24.585754],[118.174744,24.586395],[118.175264,24.586946]]]}},{"type":"Feature","properties":{"id":"osm-coast-20","layer":"coastline","category":"land","referenceEra":"modern_reference","source":"OpenStreetMap contributors","license":"ODbL-1.0"},"geometry":{"type":"Polygon","coordinates":[[[118.229191,24.404386],[118.228568,24.404461],[118.228348,24.404102],[118.228552,24.403359],[118.229056,24.402917],[118.229778,24.402727],[118.230648,24.403142],[118.230899,24.403191],[118.230926,24.403],[118.231541,24.403174],[118.231455,24.403504],[118.230911,24.403787],[118.230744,24.403709],[118.230739,24.404117],[118.230586,24.404039],[118.230483,24.404415],[118.229442,24.404678],[118.229234,24.404405],[118.229191,24.404386]]]}},{"type":"Feature","properties":{"id":"osm-coast-21","layer":"coastline","category":"land","referenceEra":"modern_reference","source":"OpenStreetMap contributors","license":"ODbL-1.0"},"geometry":{"type":"Polygon","coordinates":[[[118.126089,24.365032],[118.124946,24.365105],[118.124619,24.365335],[118.124323,24.364852],[118.122991,24.364577],[118.122702,24.364111],[118.122719,24.363718],[118.122461,24.363993],[118.122438,24.3637],[118.12271,24.363682],[118.122581,24.362953],[118.12335,24.36262],[118.123917,24.36296],[118.124708,24.362991],[118.125182,24.363331],[118.126271,24.363581],[118.126529,24.364243],[118.12699,24.364485],[118.126751,24.364704],[118.126542,24.36437],[118.126197,24.364912],[118.126089,24.365032]]]}},{"type":"Feature","properties":{"id":"osm-coast-22","layer":"coastline","category":"land","referenceEra":"modern_reference","source":"OpenStreetMap contributors","license":"ODbL-1.0"},"geometry":{"type":"Polygon","coordinates":[[[118.156017,24.382354],[118.155915,24.382491],[118.156157,24.382837],[118.1558,24.38252],[118.155379,24.383157],[118.1551,24.382864],[118.154776,24.382994],[118.154722,24.382695],[118.154083,24.382525],[118.154177,24.382434],[118.15374,24.382505],[118.153533,24.382105],[118.153096,24.38195],[118.153142,24.381687],[118.153619,24.381413],[118.153753,24.381074],[118.153424,24.380494],[118.152994,24.380236],[118.153169,24.380133],[118.153453,24.380385],[118.153815,24.380399],[118.154156,24.380172],[118.15448,24.380443],[118.154875,24.380246],[118.155044,24.38039],[118.155207,24.380143],[118.155905,24.379967],[118.156017,24.378924],[118.157063,24.379256],[118.157353,24.37888],[118.157251,24.378709],[118.157694,24.37855],[118.158574,24.37917],[118.158745,24.379029],[118.159673,24.379107],[118.159915,24.379405],[118.160159,24.379241],[118.160346,24.379417],[118.160615,24.379349],[118.16088,24.379849],[118.161701,24.379971],[118.162876,24.380856],[118.162358,24.380942],[118.161342,24.380196],[118.161103,24.380497],[118.160105,24.380825],[118.158855,24.38058],[118.158732,24.38036],[118.158313,24.380238],[118.158276,24.380468],[118.157892,24.380621],[118.15716,24.381484],[118.157257,24.381777],[118.156986,24.382185],[118.156074,24.382322],[118.156017,24.382354]]]}},{"type":"Feature","properties":{"id":"osm-coast-23","layer":"coastline","category":"land","referenceEra":"modern_reference","source":"OpenStreetMap contributors","license":"ODbL-1.0"},"geometry":{"type":"Polygon","coordinates":[[[118.192753,24.39793],[118.191639,24.397348],[118.191682,24.396577],[118.191905,24.396287],[118.193498,24.396254],[118.193681,24.39535],[118.193879,24.395282],[118.194168,24.395377],[118.194264,24.395247],[118.19483,24.395751],[118.195125,24.395669],[118.194906,24.395834],[118.195002,24.396019],[118.194707,24.396222],[118.194149,24.396122],[118.194042,24.396625],[118.193782,24.396606],[118.194424,24.397331],[118.19444,24.39759],[118.194184,24.397588],[118.194276,24.398012],[118.193528,24.398076],[118.193447,24.397849],[118.192812,24.397939],[118.192753,24.39793]]]}},{"type":"Feature","properties":{"id":"osm-coast-24","layer":"coastline","category":"land","referenceEra":"modern_reference","source":"OpenStreetMap contributors","license":"ODbL-1.0"},"geometry":{"type":"Polygon","coordinates":[[[118.1649,24.388787],[118.164474,24.389189],[118.1639,24.390284],[118.163484,24.392401],[118.163632,24.39332],[118.164233,24.394023],[118.164387,24.393919],[118.164673,24.394099],[118.164738,24.394346],[118.164488,24.394388],[118.164716,24.394546],[118.164525,24.394712],[118.164654,24.394891],[118.164496,24.394761],[118.164638,24.395015],[118.164494,24.395145],[118.164748,24.39525],[118.164434,24.395352],[118.164329,24.395201],[118.164308,24.395501],[118.1639,24.395365],[118.164077,24.395597],[118.163905,24.395677],[118.163704,24.395489],[118.163742,24.395653],[118.163633,24.395494],[118.163688,24.395667],[118.163522,24.395711],[118.162354,24.395343],[118.161387,24.395772],[118.161092,24.396137],[118.160657,24.396097],[118.160529,24.395465],[118.159682,24.39495],[118.159584,24.394412],[118.1586,24.393794],[118.159104,24.392924],[118.161453,24.391407],[118.162489,24.39002],[118.162764,24.388891],[118.162605,24.388078],[118.162374,24.387809],[118.162123,24.387938],[118.161931,24.387811],[118.161852,24.388012],[118.16118,24.387191],[118.161441,24.38725],[118.161508,24.387037],[118.162146,24.387462],[118.162412,24.387254],[118.162693,24.387465],[118.162795,24.387342],[118.163114,24.387508],[118.163852,24.387438],[118.16434,24.386781],[118.165009,24.386712],[118.165198,24.386312],[118.165669,24.386299],[118.165622,24.385444],[118.166388,24.385489],[118.166794,24.384895],[118.167473,24.385085],[118.167412,24.384919],[118.167666,24.384902],[118.16774,24.384638],[118.168027,24.384611],[118.168157,24.384826],[118.168667,24.384794],[118.169364,24.385095],[118.169873,24.385009],[118.17047,24.385381],[118.171185,24.385513],[118.171479,24.38587],[118.171676,24.38573],[118.171936,24.385938],[118.172065,24.385842],[118.171925,24.386671],[118.172851,24.388173],[118.172722,24.388403],[118.172611,24.388107],[118.172478,24.3882],[118.172648,24.388315],[118.172271,24.388004],[118.172196,24.388293],[118.172175,24.387921],[118.172057,24.388019],[118.17163,24.387506],[118.171719,24.387865],[118.17141,24.387511],[118.17116,24.387665],[118.171212,24.387838],[118.170895,24.387921],[118.171298,24.388043],[118.171405,24.388569],[118.171276,24.38873],[118.170485,24.388662],[118.170354,24.388432],[118.16979,24.388351],[118.169659,24.388097],[118.169428,24.388371],[118.169175,24.38832],[118.16854,24.387814],[118.168331,24.388078],[118.167971,24.388117],[118.167846,24.388437],[118.167492,24.388217],[118.166956,24.388276],[118.166966,24.388486],[118.166687,24.3885],[118.166822,24.388691],[118.166387,24.388842],[118.16555,24.388505],[118.16496,24.388784],[118.1649,24.388787]]]}},{"type":"Feature","properties":{"id":"osm-coast-25","layer":"coastline","category":"land","referenceEra":"modern_reference","source":"OpenStreetMap contributors","license":"ODbL-1.0"},"geometry":{"type":"Polygon","coordinates":[[[118.171642,24.527371],[118.17174,24.526483],[118.171912,24.526066],[118.172218,24.525888],[118.172919,24.526183],[118.173836,24.527029],[118.174001,24.52746],[118.17357,24.528579],[118.173253,24.528629],[118.172787,24.529139],[118.172461,24.529091],[118.172357,24.528412],[118.171665,24.527481],[118.171642,24.527371]]]}},{"type":"Feature","properties":{"id":"osm-coast-26","layer":"coastline","category":"land","referenceEra":"modern_reference","source":"OpenStreetMap contributors","license":"ODbL-1.0"},"geometry":{"type":"Polygon","coordinates":[[[118.078474,24.362352],[118.078737,24.36301],[118.079375,24.362728],[118.079607,24.363118],[118.079526,24.36338],[118.079174,24.363418],[118.07959,24.363624],[118.07965,24.36394],[118.080126,24.36399],[118.08017,24.363581],[118.080987,24.364586],[118.081275,24.364666],[118.081069,24.365021],[118.081747,24.365136],[118.081838,24.365391],[118.081097,24.365695],[118.081391,24.366017],[118.081019,24.366048],[118.08092,24.366364],[118.0804,24.36627],[118.079948,24.365803],[118.080074,24.366103],[118.079896,24.365902],[118.079582,24.366056],[118.07958,24.36573],[118.078936,24.365108],[118.079242,24.365638],[118.078584,24.365242],[118.078595,24.365027],[118.078753,24.365046],[118.078586,24.364665],[118.077562,24.36491],[118.077399,24.365201],[118.076027,24.364804],[118.076187,24.364724],[118.075996,24.364444],[118.076224,24.36455],[118.076168,24.364321],[118.075875,24.364287],[118.07638,24.364191],[118.076263,24.363156],[118.077641,24.362433],[118.078474,24.362352]]]}},{"type":"Feature","properties":{"id":"osm-coast-27","layer":"coastline","category":"land","referenceEra":"modern_reference","source":"OpenStreetMap contributors","license":"ODbL-1.0"},"geometry":{"type":"Polygon","coordinates":[[[118.453509,24.564166],[118.45543,24.56436],[118.455696,24.564757],[118.45612,24.56477],[118.45666,24.5653],[118.45622,24.5658],[118.45634,24.56632],[118.456066,24.566948],[118.455478,24.567357],[118.455653,24.567692],[118.455506,24.568343],[118.45568,24.568882],[118.455203,24.568937],[118.454158,24.568183],[118.454289,24.567634],[118.45394,24.566893],[118.453068,24.566623],[118.452518,24.56693],[118.452226,24.566657],[118.452531,24.565312],[118.45217,24.565168],[118.45218,24.56491],[118.452371,24.564544],[118.452891,24.564582],[118.453079,24.564131],[118.453391,24.564148],[118.453612,24.563409],[118.453509,24.564166]]]}},{"type":"Feature","properties":{"id":"osm-coast-28","layer":"coastline","category":"land","referenceEra":"modern_reference","source":"OpenStreetMap contributors","license":"ODbL-1.0"},"geometry":{"type":"Polygon","coordinates":[[[118.132047,24.327022],[118.132494,24.327143],[118.132888,24.327519],[118.132829,24.327981],[118.132777,24.328302],[118.131888,24.328538],[118.131962,24.329197],[118.131698,24.329703],[118.131836,24.330022],[118.131491,24.331218],[118.130823,24.331656],[118.12938,24.33204],[118.129364,24.332241],[118.128876,24.332487],[118.128482,24.332327],[118.128196,24.332483],[118.127327,24.332074],[118.127289,24.331755],[118.126952,24.331569],[118.12689,24.33106],[118.127996,24.330669],[118.127926,24.330151],[118.128131,24.330181],[118.128183,24.329789],[118.128055,24.329525],[118.128777,24.329565],[118.129413,24.329845],[118.12944,24.32953],[118.129632,24.329452],[118.129799,24.329625],[118.130077,24.329417],[118.130259,24.328781],[118.131116,24.328849],[118.13118,24.328301],[118.13194,24.32711],[118.132047,24.327022]]]}},{"type":"Feature","properties":{"id":"osm-coast-29","layer":"coastline","category":"land","referenceEra":"modern_reference","source":"OpenStreetMap contributors","license":"ODbL-1.0"},"geometry":{"type":"Polygon","coordinates":[[[118.44384,24.57403],[118.443429,24.573921],[118.442863,24.574523],[118.442541,24.574475],[118.4426,24.574729],[118.442417,24.574478],[118.442026,24.574792],[118.441544,24.574412],[118.440768,24.574604],[118.440771,24.57344],[118.440547,24.573051],[118.441038,24.572834],[118.440967,24.572719],[118.442016,24.572872],[118.442081,24.572615],[118.443169,24.573592],[118.444188,24.573875],[118.443893,24.574051],[118.44384,24.57403]]]}},{"type":"Feature","properties":{"id":"osm-coast-30","layer":"coastline","category":"land","referenceEra":"modern_reference","source":"OpenStreetMap contributors","license":"ODbL-1.0"},"geometry":{"type":"Polygon","coordinates":[[[118.149495,24.326213],[118.149309,24.326685],[118.150003,24.327358],[118.149604,24.327372],[118.149186,24.326673],[118.149051,24.326715],[118.149166,24.3269],[118.148963,24.326884],[118.148308,24.326349],[118.148177,24.326468],[118.148306,24.326795],[118.148036,24.32671],[118.147969,24.326849],[118.148424,24.327431],[118.148066,24.327559],[118.147873,24.327392],[118.148141,24.327851],[118.148055,24.328169],[118.147273,24.327691],[118.146675,24.328395],[118.146306,24.328324],[118.145967,24.329026],[118.14634,24.329292],[118.146143,24.329777],[118.14622,24.330844],[118.146624,24.331983],[118.146974,24.332388],[118.148054,24.332936],[118.148709,24.333019],[118.149293,24.332826],[118.149541,24.332328],[118.150328,24.33268],[118.151109,24.333517],[118.151233,24.333896],[118.151014,24.334288],[118.150715,24.33478],[118.149147,24.335225],[118.149023,24.335477],[118.14941,24.336793],[118.149191,24.337298],[118.148863,24.337404],[118.148447,24.338208],[118.148082,24.338314],[118.148017,24.338534],[118.147113,24.33866],[118.146952,24.339012],[118.146682,24.338892],[118.146165,24.339118],[118.144608,24.339036],[118.144998,24.340035],[118.144721,24.340414],[118.144407,24.340394],[118.144087,24.340646],[118.143941,24.341098],[118.143649,24.341271],[118.142949,24.341031],[118.141107,24.341208],[118.140958,24.341061],[118.141068,24.340594],[118.14057,24.340052],[118.140644,24.33858],[118.140873,24.338257],[118.140704,24.338088],[118.141481,24.337356],[118.141323,24.337145],[118.141627,24.336637],[118.143114,24.334981],[118.143586,24.33391],[118.143357,24.332648],[118.142777,24.332018],[118.143432,24.331848],[118.143241,24.331624],[118.142193,24.332059],[118.14175,24.331608],[118.141717,24.331331],[118.142004,24.331339],[118.141979,24.331205],[118.141556,24.331172],[118.141535,24.330986],[118.14187,24.330959],[118.141556,24.330747],[118.141717,24.330548],[118.142264,24.330601],[118.143707,24.328408],[118.143745,24.32778],[118.143511,24.327784],[118.143604,24.327577],[118.142978,24.327152],[118.143002,24.326629],[118.142711,24.326444],[118.142886,24.326244],[118.143142,24.326411],[118.142948,24.326163],[118.143103,24.32598],[118.144028,24.326308],[118.144824,24.325165],[118.144094,24.324448],[118.14413,24.324143],[118.144437,24.324037],[118.144648,24.323664],[118.144655,24.323372],[118.14401,24.322515],[118.14417,24.32237],[118.144113,24.322017],[118.145025,24.321493],[118.146187,24.321313],[118.146886,24.322813],[118.14781,24.322459],[118.147956,24.32202],[118.148716,24.32191],[118.14915,24.322386],[118.149833,24.322733],[118.150098,24.323372],[118.150003,24.323897],[118.15058,24.324279],[118.150819,24.324093],[118.151154,24.324207],[118.151262,24.324614],[118.15095,24.32477],[118.150639,24.325349],[118.150238,24.325535],[118.149782,24.325207],[118.149516,24.325363],[118.149393,24.325748],[118.149495,24.326213]]]}},{"type":"Feature","properties":{"id":"osm-coast-31","layer":"coastline","category":"land","referenceEra":"modern_reference","source":"OpenStreetMap contributors","license":"ODbL-1.0"},"geometry":{"type":"Polygon","coordinates":[[[118.005557,24.431021],[118.006293,24.430951],[118.007216,24.431503],[118.011353,24.432507],[118.011996,24.432981],[118.011962,24.433567],[118.011746,24.433857],[118.010897,24.433845],[118.009353,24.435023],[118.008416,24.435061],[118.007914,24.435673],[118.00714,24.435822],[118.006547,24.436603],[118.00646,24.437084],[118.005691,24.43747],[118.005588,24.436923],[118.004923,24.436791],[118.00361,24.437062],[118.003086,24.436828],[118.003002,24.436547],[118.001255,24.435956],[118.001013,24.436059],[118.000708,24.435791],[118.000668,24.435519],[118.00099,24.435171],[118.00224,24.434311],[118.001236,24.432901],[118.000855,24.432114],[118.000891,24.431779],[118.001586,24.431688],[118.003957,24.432097],[118.004209,24.431993],[118.004411,24.431526],[118.005344,24.431311],[118.005468,24.431092],[118.005557,24.431021]]]}},{"type":"Feature","properties":{"id":"osm-coast-32","layer":"coastline","category":"land","referenceEra":"modern_reference","source":"OpenStreetMap contributors","license":"ODbL-1.0"},"geometry":{"type":"Polygon","coordinates":[[[118.062148,24.495928],[118.06191,24.49534],[118.061641,24.495345],[118.06017,24.49323],[118.05976,24.49282],[118.05921,24.49255],[118.059092,24.49266],[118.058589,24.492251],[118.05918,24.491488],[118.061049,24.490725],[118.06128,24.490594],[118.061245,24.490427],[118.063986,24.492162],[118.065027,24.493487],[118.064771,24.494546],[118.064876,24.494872],[118.064613,24.495234],[118.064956,24.495677],[118.064517,24.495784],[118.064184,24.496267],[118.064266,24.496474],[118.064059,24.49671],[118.064354,24.497403],[118.064379,24.498296],[118.06403,24.49862],[118.06374,24.49861],[118.06334,24.49822],[118.063065,24.497436],[118.062467,24.497303],[118.062186,24.496958],[118.062439,24.496861],[118.062351,24.49627],[118.062148,24.495928]]]}},{"type":"Feature","properties":{"id":"osm-coast-open-33","layer":"coastline","category":"mainland-crop","referenceEra":"modern_reference","source":"OpenStreetMap contributors","license":"ODbL-1.0"},"geometry":{"type":"Polygon","coordinates":[[[118.137147,24.28],[118.136955,24.2805],[118.13647,24.280832],[118.136617,24.281092],[118.13649,24.28129],[118.135499,24.281877],[118.134073,24.281904],[118.133786,24.281188],[118.133303,24.281262],[118.132871,24.281091],[118.13199,24.281434],[118.131383,24.281912],[118.130626,24.281623],[118.129711,24.281553],[118.128969,24.280677],[118.128649,24.28174],[118.12957,24.281952],[118.129697,24.281746],[118.130311,24.282103],[118.129801,24.283866],[118.129725,24.284944],[118.130264,24.285803],[118.12964,24.286307],[118.128967,24.286],[118.128563,24.286497],[118.128783,24.286797],[118.12856,24.2872],[118.12863,24.287587],[118.128908,24.287593],[118.128881,24.288083],[118.129238,24.288847],[118.129043,24.288874],[118.128621,24.288383],[118.128186,24.288546],[118.128072,24.288325],[118.127754,24.288558],[118.126611,24.287953],[118.125631,24.288635],[118.12496,24.28991],[118.124765,24.290729],[118.124694,24.293384],[118.12488,24.293685],[118.124606,24.294087],[118.124967,24.294074],[118.125275,24.294313],[118.125345,24.295191],[118.124891,24.297523],[118.125045,24.298465],[118.124285,24.299233],[118.124525,24.299492],[118.125645,24.298355],[118.125873,24.297897],[118.126441,24.29769],[118.127576,24.296611],[118.1278,24.296681],[118.130285,24.294275],[118.131154,24.294435],[118.133102,24.296255],[118.133275,24.296677],[118.133135,24.29711],[118.130432,24.299631],[118.130965,24.302992],[118.132454,24.306354],[118.136124,24.312006],[118.135845,24.312046],[118.133106,24.307893],[118.130856,24.309011],[118.128908,24.310716],[118.128961,24.311357],[118.128503,24.312123],[118.128121,24.311963],[118.126911,24.312916],[118.126581,24.312596],[118.126349,24.312723],[118.126015,24.312612],[118.125923,24.312869],[118.125284,24.31322],[118.124698,24.313276],[118.124479,24.313506],[118.12349,24.31348],[118.123457,24.314353],[118.1221,24.315408],[118.121977,24.315696],[118.121435,24.315399],[118.121239,24.315543],[118.120831,24.314821],[118.120442,24.314636],[118.118231,24.314379],[118.11756,24.313881],[118.116419,24.313454],[118.115926,24.313612],[118.115282,24.314893],[118.115546,24.315344],[118.115986,24.315608],[118.115734,24.316092],[118.115816,24.316456],[118.114963,24.316597],[118.11499,24.316761],[118.115461,24.31677],[118.115387,24.317887],[118.115224,24.317892],[118.115255,24.32213],[118.113415,24.322145],[118.113422,24.324058],[118.114413,24.32561],[118.116358,24.326311],[118.11855,24.325826],[118.120193,24.323753],[118.121082,24.321661],[118.121042,24.319464],[118.121293,24.31929],[118.121454,24.319549],[118.12133,24.322052],[118.120393,24.323903],[118.120066,24.325299],[118.119798,24.325605],[118.117068,24.326681],[118.117385,24.327355],[118.11727,24.327458],[118.116842,24.326874],[118.116179,24.327086],[118.115609,24.327752],[118.115194,24.327952],[118.114881,24.328503],[118.114828,24.330115],[118.115375,24.33069],[118.115828,24.330459],[118.115229,24.3311],[118.115458,24.331308],[118.115889,24.33105],[118.116768,24.331132],[118.116996,24.332058],[118.116953,24.332335],[118.116586,24.332477],[118.116435,24.332867],[118.116023,24.33278],[118.11621,24.332982],[118.115797,24.333555],[118.115784,24.334027],[118.115058,24.334706],[118.115284,24.335099],[118.114869,24.335314],[118.11478,24.335166],[118.114764,24.335468],[118.115264,24.335523],[118.114993,24.33562],[118.114983,24.335956],[118.114898,24.335789],[118.113523,24.33701],[118.112321,24.336912],[118.111998,24.337735],[118.111328,24.337198],[118.111449,24.336623],[118.111324,24.336553],[118.11148,24.336237],[118.111793,24.336144],[118.111822,24.335545],[118.111617,24.335284],[118.110327,24.335291],[118.110351,24.336104],[118.11123,24.336222],[118.110455,24.337155],[118.112163,24.338255],[118.112577,24.337708],[118.112798,24.337847],[118.112416,24.338266],[118.112769,24.338597],[118.112635,24.33871],[118.112254,24.338529],[118.111846,24.339096],[118.111584,24.339022],[118.110302,24.340596],[118.109904,24.340797],[118.108574,24.340875],[118.108397,24.341168],[118.10873,24.341696],[118.109148,24.341632],[118.109132,24.342317],[118.106449,24.345728],[118.106597,24.346349],[118.106195,24.347392],[118.10567,24.34759],[118.105339,24.3474],[118.105254,24.348011],[118.10571,24.348837],[118.102751,24.352946],[118.101933,24.354357],[118.098913,24.356968],[118.099708,24.358087],[118.100066,24.357643],[118.100249,24.35776],[118.09968,24.358386],[118.095957,24.360947],[118.095743,24.360839],[118.096279,24.360477],[118.095073,24.359194],[118.089336,24.363098],[118.084953,24.357821],[118.082528,24.359403],[118.081814,24.359554],[118.081386,24.360063],[118.078937,24.358781],[118.074817,24.357],[118.074621,24.35711],[118.074781,24.358002],[118.07194,24.361718],[118.063644,24.356937],[118.063075,24.356914],[118.063444,24.356661],[118.063577,24.356059],[118.063108,24.355654],[118.062104,24.35619],[118.061455,24.356248],[118.060558,24.357278],[118.059256,24.356929],[118.05877,24.35658],[118.058241,24.355794],[118.057674,24.355818],[118.056566,24.355337],[118.056017,24.355365],[118.055996,24.355215],[118.055359,24.355119],[118.054908,24.35576],[118.053939,24.355533],[118.053501,24.355274],[118.052771,24.354221],[118.052373,24.354288],[118.052302,24.354544],[118.052717,24.354795],[118.052442,24.355015],[118.050644,24.362083],[118.05158,24.36183],[118.052319,24.361871],[118.053517,24.361412],[118.055378,24.362959],[118.056281,24.363829],[118.056771,24.36551],[118.057846,24.366265],[118.057812,24.368355],[118.056567,24.369081],[118.054541,24.369564],[118.05405,24.369063],[118.053541,24.369502],[118.052535,24.373038],[118.05133,24.379584],[118.051517,24.384352],[118.052656,24.385233],[118.053818,24.386719],[118.054097,24.386826],[118.054147,24.386613],[118.054537,24.386755],[118.054412,24.38694],[118.059418,24.387099],[118.05986,24.387691],[118.061188,24.388341],[118.067568,24.391121],[118.067808,24.390984],[118.067951,24.391208],[118.068044,24.392123],[118.067695,24.392223],[118.067329,24.393186],[118.067227,24.395482],[118.068041,24.396294],[118.068213,24.396837],[118.068015,24.396882],[118.068195,24.39873],[118.068616,24.400145],[118.068545,24.401441],[118.068244,24.402521],[118.068403,24.402701],[118.068771,24.402658],[118.06891,24.403105],[118.068084,24.404195],[118.067838,24.404823],[118.067865,24.406336],[118.065785,24.408966],[118.064645,24.409073],[118.064684,24.409613],[118.061679,24.409868],[118.061656,24.410516],[118.049817,24.412496],[118.049652,24.411717],[118.049371,24.411757],[118.049032,24.410759],[118.0481,24.410937],[118.048068,24.410781],[118.047466,24.410644],[118.046225,24.410856],[118.045962,24.411205],[118.04639,24.413836],[118.046907,24.413877],[118.034975,24.415898],[118.034556,24.413414],[118.033553,24.413232],[118.033081,24.413549],[118.032826,24.413439],[118.032571,24.412919],[118.031748,24.412964],[118.031528,24.413222],[118.031476,24.413753],[118.030289,24.413952],[118.030077,24.414281],[118.027856,24.414477],[118.027692,24.414297],[118.027931,24.412433],[118.02777,24.412199],[118.027551,24.412541],[118.027439,24.413837],[118.027124,24.41417],[118.027098,24.414508],[118.026686,24.414639],[118.019707,24.415143],[118.018347,24.415523],[118.017996,24.415171],[118.017566,24.415487],[118.011245,24.414074],[118.005843,24.41273],[118.003882,24.411805],[118.001926,24.411227],[118.000674,24.409588],[118.000032,24.409575],[117.999849,24.409096],[117.999179,24.409018],[117.999325,24.408534],[118.000113,24.408467],[118.000488,24.407965],[118.000034,24.40737],[117.999157,24.407625],[117.998691,24.409788],[117.997304,24.409354],[117.995923,24.40956],[117.978463,24.413745],[117.977312,24.414216],[117.976497,24.414302],[117.974954,24.414013],[117.974179,24.414739],[117.972162,24.415301],[117.971798,24.415263],[117.970934,24.414575],[117.970349,24.413327],[117.969174,24.411911],[117.968901,24.411842],[117.968745,24.412111],[117.968879,24.412453],[117.970435,24.414304],[117.970199,24.415095],[117.969537,24.415757],[117.968348,24.416131],[117.964362,24.416707],[117.962699,24.417675],[117.961214,24.417596],[117.960489,24.417975],[117.959025,24.417557],[117.955545,24.417374],[117.923727,24.437539],[117.925465,24.438535],[117.932568,24.445235],[117.934456,24.446368],[117.939734,24.448556],[117.942696,24.451955],[117.943897,24.454807],[117.943382,24.459299],[117.942181,24.461448],[117.942417,24.46258],[117.942862,24.462961],[117.943854,24.463186],[117.945206,24.462112],[117.954913,24.459948],[117.955234,24.459698],[117.9549,24.458274],[117.955047,24.458088],[117.984254,24.452035],[117.984393,24.452446],[117.982095,24.452919],[117.982563,24.454946],[117.984955,24.454487],[117.985067,24.454813],[117.985368,24.454785],[117.987485,24.454318],[117.987525,24.453851],[117.98955,24.453386],[117.989102,24.451431],[117.988763,24.451376],[117.987062,24.45184],[117.98693,24.451483],[118.019517,24.444724],[118.019834,24.445161],[118.020073,24.446111],[118.020917,24.445985],[118.021632,24.445582],[118.02252,24.445426],[118.021938,24.444737],[118.022096,24.444388],[118.022427,24.444318],[118.022611,24.443911],[118.025508,24.441985],[118.041347,24.441114],[118.041337,24.449381],[118.039071,24.451679],[118.039178,24.452869],[118.040622,24.454264],[118.041736,24.454764],[118.041742,24.455071],[118.041169,24.455081],[118.041599,24.455372],[118.041788,24.456872],[118.04215,24.456872],[118.042149,24.457526],[118.040643,24.457424],[118.041,24.457725],[118.040256,24.457312],[118.04041,24.457704],[118.04026,24.457783],[118.040098,24.457542],[118.039901,24.457659],[118.039439,24.457033],[118.038967,24.456781],[118.037787,24.458494],[118.038898,24.458855],[118.039146,24.458679],[118.038794,24.458083],[118.039242,24.458568],[118.03995,24.457847],[118.039356,24.458692],[118.038929,24.458974],[118.037578,24.458541],[118.037457,24.45871],[118.034016,24.463716],[118.033151,24.467183],[118.032797,24.467376],[118.033346,24.467828],[118.033427,24.468432],[118.032979,24.468955],[118.033075,24.470612],[118.032743,24.470842],[118.032768,24.471014],[118.033107,24.471079],[118.033357,24.471482],[118.033883,24.473461],[118.034984,24.475766],[118.035493,24.476463],[118.038791,24.479023],[118.040135,24.480335],[118.04161,24.482668],[118.041366,24.482864],[118.044813,24.486225],[118.045051,24.486023],[118.048029,24.489032],[118.047876,24.489162],[118.048093,24.489348],[118.048711,24.489299],[118.04923,24.489837],[118.049059,24.490397],[118.049301,24.490638],[118.04946,24.490499],[118.051352,24.492378],[118.05158,24.492314],[118.05209,24.492784],[118.052048,24.492984],[118.053528,24.494235],[118.053362,24.494403],[118.054845,24.495701],[118.05485,24.495875],[118.055124,24.496072],[118.056124,24.495358],[118.057936,24.496284],[118.057956,24.496547],[118.058277,24.496447],[118.059318,24.49695],[118.059652,24.497438],[118.059504,24.498114],[118.05981,24.49861],[118.060306,24.499039],[118.060963,24.500056],[118.06124,24.499909],[118.06158,24.50021],[118.061221,24.5004],[118.062331,24.5017],[118.062028,24.501943],[118.062145,24.502068],[118.062445,24.501834],[118.063137,24.502646],[118.063951,24.502121],[118.062922,24.500736],[118.063158,24.500576],[118.06479,24.502753],[118.064155,24.503236],[118.064603,24.503726],[118.065414,24.503121],[118.066946,24.505171],[118.066594,24.505441],[118.066618,24.505688],[118.066822,24.50557],[118.066381,24.505989],[118.066689,24.506351],[118.067307,24.505992],[118.068091,24.507618],[118.067459,24.508369],[118.067747,24.508585],[118.068179,24.508202],[118.067954,24.508467],[118.068064,24.508549],[118.066493,24.510396],[118.066099,24.510125],[118.064449,24.513376],[118.064242,24.513294],[118.063719,24.51369],[118.062859,24.513585],[118.062097,24.513786],[118.061294,24.51432],[118.061025,24.514981],[118.060401,24.51485],[118.058306,24.519056],[118.059269,24.518994],[118.059362,24.519302],[118.058636,24.520591],[118.058839,24.520843],[118.058628,24.521326],[118.058119,24.521304],[118.057645,24.52229],[118.058323,24.523119],[118.058047,24.524024],[118.056713,24.524914],[118.056417,24.524936],[118.056546,24.525066],[118.056065,24.526157],[118.055548,24.526586],[118.055187,24.527289],[118.054089,24.528286],[118.053033,24.527612],[118.052761,24.527986],[118.053065,24.528235],[118.05259,24.52883],[118.053047,24.529456],[118.050094,24.532323],[118.049589,24.533023],[118.05008,24.533371],[118.049449,24.533791],[118.04937,24.53414],[118.048442,24.534659],[118.048209,24.534389],[118.047593,24.534928],[118.045621,24.535508],[118.044229,24.535044],[118.044821,24.535889],[118.042766,24.5364],[118.042543,24.535362],[118.042105,24.535778],[118.04221,24.536897],[118.041705,24.537258],[118.032404,24.538512],[118.031478,24.538238],[118.031137,24.537765],[118.030587,24.538007],[118.030668,24.538494],[118.029863,24.538783],[118.029317,24.538461],[118.028956,24.538591],[118.02896,24.538736],[118.03022,24.538995],[118.030704,24.539486],[118.030739,24.540814],[118.029713,24.541238],[118.028965,24.541286],[118.028994,24.543015],[118.029354,24.543647],[118.029097,24.5441],[118.0285,24.544318],[118.028491,24.546491],[118.028999,24.546536],[118.029362,24.54689],[118.029071,24.547508],[118.029107,24.549293],[118.0303,24.549926],[118.02995,24.550109],[118.029897,24.550583],[118.03036,24.550803],[118.029179,24.551059],[118.029208,24.551412],[118.029419,24.551431],[118.029218,24.551507],[118.029263,24.551865],[118.030336,24.551617],[118.030697,24.551834],[118.031349,24.551818],[118.031931,24.552435],[118.032398,24.552553],[118.034642,24.552588],[118.035044,24.553035],[118.037926,24.553486],[118.038267,24.553386],[118.03838,24.553542],[118.045123,24.554728],[118.048181,24.555635],[118.050044,24.556701],[118.054728,24.555065],[118.05586,24.555075],[118.056768,24.555882],[118.061846,24.562757],[118.062581,24.566295],[118.063527,24.569173],[118.06014,24.570806],[118.060036,24.571671],[118.077032,24.569073],[118.080868,24.568396],[118.081305,24.56796],[118.081712,24.567889],[118.082077,24.568106],[118.08257,24.567985],[118.083214,24.567525],[118.083964,24.566375],[118.083861,24.566698],[118.084124,24.566798],[118.084502,24.566161],[118.084271,24.566068],[118.083989,24.56629],[118.084617,24.565456],[118.085377,24.564922],[118.086694,24.564624],[118.088376,24.564579],[118.089359,24.56429],[118.090483,24.56317],[118.091271,24.56361],[118.091576,24.564044],[118.089351,24.565349],[118.089258,24.565808],[118.088223,24.566609],[118.088719,24.566941],[118.090962,24.564978],[118.091183,24.565098],[118.091173,24.565358],[118.090908,24.56556],[118.09763,24.566066],[118.098258,24.566596],[118.099351,24.566666],[118.099413,24.566999],[118.099766,24.567284],[118.100076,24.567103],[118.100427,24.567581],[118.100159,24.567715],[118.100871,24.568356],[118.101253,24.568428],[118.102097,24.568096],[118.102131,24.567245],[118.102843,24.567279],[118.102807,24.568345],[118.102064,24.568452],[118.101724,24.568836],[118.10181,24.569178],[118.101975,24.569201],[118.103024,24.571145],[118.10332,24.57128],[118.103423,24.571668],[118.104724,24.573414],[118.106195,24.575003],[118.105862,24.577044],[118.10334,24.582717],[118.103715,24.583188],[118.104036,24.583113],[118.107043,24.57818],[118.107308,24.578134],[118.108386,24.581031],[118.109856,24.582817],[118.110445,24.583157],[118.110756,24.5841],[118.111728,24.5857],[118.116484,24.58939],[118.121417,24.595074],[118.121671,24.594794],[118.122016,24.59499],[118.122624,24.595946],[118.125887,24.599358],[118.127342,24.601186],[118.126585,24.602387],[118.125531,24.603351],[118.125561,24.603635],[118.127154,24.60444],[118.128019,24.603915],[118.128016,24.603767],[118.126367,24.60336],[118.127814,24.601735],[118.131251,24.603976],[118.132493,24.602944],[118.131343,24.604048],[118.131625,24.604767],[118.135831,24.609483],[118.138333,24.612861],[118.139092,24.614441],[118.139542,24.614773],[118.139105,24.615222],[118.139529,24.615389],[118.140128,24.616523],[118.140737,24.618589],[118.141587,24.620503],[118.142209,24.623909],[118.144323,24.628503],[118.145001,24.629736],[118.14604,24.630851],[118.147737,24.630906],[118.145342,24.63107],[118.145374,24.631191],[118.148589,24.635701],[118.149405,24.636458],[118.149391,24.636674],[118.154276,24.640593],[118.155111,24.641197],[118.155541,24.641238],[118.155421,24.641668],[118.155906,24.642047],[118.156828,24.641748],[118.157539,24.642557],[118.16054,24.641579],[118.162321,24.641221],[118.16189,24.638693],[118.161553,24.638735],[118.161023,24.635628],[118.161082,24.634899],[118.160432,24.632458],[118.159338,24.632857],[118.159076,24.632395],[118.159649,24.632679],[118.16002,24.632325],[118.160295,24.631727],[118.160294,24.629773],[118.16059,24.629216],[118.162236,24.628486],[118.163083,24.628344],[118.164427,24.628739],[118.165194,24.629569],[118.166659,24.630072],[118.166512,24.630487],[118.166963,24.630902],[118.167379,24.630921],[118.16824,24.632238],[118.168363,24.632653],[118.167889,24.632959],[118.16799,24.6336],[118.170216,24.63591],[118.170257,24.63626],[118.170627,24.63623],[118.170935,24.635681],[118.171548,24.635548],[118.17197,24.635951],[118.171901,24.636802],[118.172062,24.637002],[118.172518,24.636824],[118.172958,24.637045],[118.172993,24.637902],[118.172502,24.63805],[118.172464,24.638399],[118.174961,24.640808],[118.175061,24.640003],[118.175369,24.640061],[118.175777,24.641222],[118.176737,24.642471],[118.177375,24.642573],[118.178253,24.643078],[118.178325,24.64375],[118.177805,24.644367],[118.178518,24.645664],[118.178686,24.646688],[118.179064,24.647533],[118.179765,24.64829],[118.179663,24.64916],[118.181305,24.653433],[118.181558,24.654706],[118.181589,24.656171],[118.181345,24.657317],[118.182073,24.657814],[118.181831,24.657986],[118.181235,24.657761],[118.181251,24.658165],[118.180559,24.658009],[118.180954,24.659095],[118.180398,24.659814],[118.180275,24.660517],[118.179658,24.661061],[118.178904,24.661171],[118.177582,24.662896],[118.176753,24.663013],[118.175908,24.664549],[118.174752,24.665805],[118.176233,24.66698],[118.17811,24.667957],[118.178519,24.666735],[118.179658,24.665014],[118.18154,24.663022],[118.182705,24.662089],[118.183153,24.661454],[118.183838,24.661181],[118.183884,24.660452],[118.184215,24.660409],[118.185262,24.659029],[118.185478,24.658387],[118.186752,24.657143],[118.188773,24.655858],[118.188821,24.655646],[118.190997,24.655165],[118.194304,24.65494],[118.194663,24.654812],[118.19502,24.654248],[118.195843,24.65438],[118.196125,24.653359],[118.196562,24.65347],[118.196254,24.654447],[118.196726,24.654534],[118.196887,24.653136],[118.197699,24.652113],[118.198064,24.651983],[118.198278,24.652213],[118.198245,24.652929],[118.197894,24.654721],[118.198021,24.654754],[118.198354,24.653283],[118.198697,24.653036],[118.199563,24.653146],[118.199588,24.654169],[118.200969,24.654218],[118.201081,24.653263],[118.19993,24.653005],[118.200498,24.652154],[118.201598,24.652352],[118.201691,24.651898],[118.20193,24.651754],[118.203563,24.652744],[118.204317,24.651343],[118.204298,24.651094],[118.202081,24.649409],[118.20263,24.648873],[118.203211,24.648706],[118.20355,24.648819],[118.203606,24.648386],[118.202691,24.648377],[118.201681,24.648886],[118.201202,24.648587],[118.198143,24.645586],[118.197921,24.644105],[118.197288,24.644192],[118.196984,24.643723],[118.19564,24.642578],[118.195687,24.64162],[118.195995,24.641201],[118.194997,24.641443],[118.194429,24.641306],[118.194155,24.640596],[118.193525,24.639869],[118.194676,24.639196],[118.193715,24.638928],[118.193308,24.637821],[118.192372,24.637356],[118.191916,24.637346],[118.188753,24.636251],[118.188507,24.636601],[118.188983,24.637213],[118.187992,24.63701],[118.187436,24.637251],[118.187089,24.636966],[118.187092,24.636532],[118.18677,24.636577],[118.186657,24.636414],[118.185759,24.636617],[118.18538,24.635832],[118.185838,24.635608],[118.185073,24.6348],[118.184835,24.634],[118.184613,24.63383],[118.184167,24.634352],[118.183778,24.634391],[118.183806,24.633166],[118.183384,24.632893],[118.182465,24.632838],[118.182022,24.633131],[118.182259,24.632375],[118.181388,24.631582],[118.180913,24.631945],[118.180606,24.631774],[118.180602,24.631477],[118.179669,24.630256],[118.179894,24.629919],[118.179787,24.629585],[118.179186,24.629471],[118.179041,24.629766],[118.178505,24.629683],[118.178148,24.629556],[118.177888,24.629142],[118.1781,24.628674],[118.178419,24.628788],[118.178674,24.628585],[118.179572,24.627247],[118.179511,24.626935],[118.17869,24.626199],[118.178577,24.625611],[118.178333,24.62544],[118.177665,24.62593],[118.177738,24.627625],[118.178059,24.628329],[118.177689,24.62765],[118.177614,24.625916],[118.178172,24.624791],[118.178446,24.624816],[118.178144,24.624217],[118.178199,24.623768],[118.179051,24.623343],[118.178913,24.622944],[118.183504,24.620671],[118.183862,24.620833],[118.184083,24.620452],[118.186222,24.619595],[118.186863,24.619674],[118.187202,24.619242],[118.19058,24.617987],[118.190746,24.606742],[118.190529,24.605784],[118.189975,24.605228],[118.190605,24.605505],[118.19082,24.605524],[118.190809,24.60538],[118.190511,24.60533],[118.190028,24.604802],[118.189733,24.605069],[118.189088,24.604691],[118.189092,24.604093],[118.188885,24.603945],[118.188976,24.603575],[118.188617,24.603767],[118.188284,24.603506],[118.187871,24.602589],[118.187511,24.602499],[118.188118,24.602389],[118.188043,24.601963],[118.186277,24.602069],[118.185905,24.601053],[118.186272,24.60035],[118.18745,24.600129],[118.187206,24.599426],[118.18647,24.599307],[118.186372,24.598017],[118.187067,24.597926],[118.186638,24.596461],[118.18694,24.596326],[118.186921,24.596153],[118.186552,24.596054],[118.186468,24.595285],[118.185835,24.595329],[118.185924,24.594627],[118.186321,24.594478],[118.185929,24.594324],[118.185849,24.593571],[118.186047,24.593432],[118.186074,24.592919],[118.185789,24.592485],[118.186956,24.592049],[118.187421,24.592295],[118.187343,24.592768],[118.187506,24.592334],[118.187911,24.592432],[118.18793,24.592293],[118.187067,24.591983],[118.187394,24.590552],[118.186178,24.589941],[118.186696,24.589491],[118.187791,24.589883],[118.189094,24.590778],[118.188327,24.5901],[118.187104,24.589537],[118.187182,24.589095],[118.186798,24.588966],[118.187021,24.588271],[118.18734,24.588349],[118.187372,24.58873],[118.189714,24.589834],[118.189773,24.589703],[118.189381,24.589483],[118.187743,24.588756],[118.188067,24.58811],[118.188732,24.588337],[118.18873,24.588071],[118.189456,24.587676],[118.190191,24.588103],[118.190194,24.589056],[118.190535,24.589242],[118.190271,24.588859],[118.190467,24.58829],[118.190263,24.587776],[118.189754,24.587664],[118.189547,24.5871],[118.189998,24.587093],[118.189518,24.586344],[118.189795,24.586708],[118.190494,24.586671],[118.190701,24.58649],[118.190328,24.585703],[118.189751,24.585822],[118.189072,24.584649],[118.189231,24.584061],[118.188794,24.583727],[118.188638,24.583347],[118.188633,24.582193],[118.188697,24.581891],[118.189191,24.581951],[118.189888,24.581624],[118.191218,24.582076],[118.19121,24.581471],[118.190832,24.581251],[118.190912,24.58059],[118.191293,24.580629],[118.191425,24.579407],[118.190283,24.579242],[118.190406,24.577675],[118.189115,24.577422],[118.188915,24.577093],[118.189169,24.576102],[118.188981,24.5759],[118.189072,24.575551],[118.188798,24.575435],[118.189046,24.575246],[118.189116,24.575395],[118.188949,24.575475],[118.189317,24.57568],[118.1894,24.574892],[118.18925,24.57467],[118.189529,24.573824],[118.189279,24.573653],[118.189314,24.573102],[118.189086,24.572704],[118.189279,24.572753],[118.189435,24.572246],[118.187713,24.571855],[118.18753,24.572167],[118.187753,24.571333],[118.187726,24.571799],[118.189596,24.572224],[118.189727,24.572119],[118.189875,24.570547],[118.189739,24.569713],[118.190212,24.569669],[118.189585,24.569463],[118.189655,24.569209],[118.18852,24.568994],[118.188338,24.569599],[118.188193,24.56957],[118.188415,24.568565],[118.188563,24.568592],[118.188534,24.568916],[118.189665,24.569128],[118.189757,24.568757],[118.189652,24.568526],[118.189354,24.568494],[118.189343,24.568247],[118.189756,24.568433],[118.190071,24.56675],[118.189036,24.566531],[118.188748,24.567187],[118.189078,24.565786],[118.189501,24.565835],[118.189778,24.565042],[118.189431,24.566507],[118.190117,24.566661],[118.190517,24.565751],[118.192276,24.563977],[118.192768,24.563971],[118.19277,24.563503],[118.194548,24.561596],[118.19529,24.560937],[118.195903,24.560907],[118.195739,24.56053],[118.196222,24.559935],[118.197481,24.559866],[118.198537,24.559239],[118.202179,24.554361],[118.202283,24.553764],[118.207383,24.548499],[118.208606,24.549035],[118.210331,24.550618],[118.211141,24.549865],[118.212088,24.54993],[118.213095,24.550794],[118.215057,24.553555],[118.215505,24.553835],[118.215905,24.554421],[118.216681,24.554206],[118.217145,24.553833],[118.217303,24.553695],[118.216651,24.55397],[118.216002,24.553801],[118.213831,24.550878],[118.214031,24.550555],[118.219464,24.549167],[118.220623,24.54769],[118.220463,24.547361],[118.220557,24.546988],[118.220874,24.546791],[118.219696,24.545482],[118.218617,24.543583],[118.219237,24.543323],[118.220287,24.544502],[118.220831,24.544478],[118.221386,24.545269],[118.224349,24.5432],[118.224521,24.541892],[118.224342,24.541864],[118.224063,24.541058],[118.224231,24.540897],[118.224767,24.541214],[118.225047,24.541892],[118.225276,24.541859],[118.22504,24.539989],[118.225399,24.540019],[118.225667,24.540932],[118.226245,24.540765],[118.226433,24.541117],[118.226297,24.541629],[118.226622,24.541904],[118.22698,24.541417],[118.226667,24.541316],[118.2266,24.540839],[118.226944,24.540849],[118.227249,24.54056],[118.227251,24.539775],[118.226976,24.53915],[118.226224,24.538435],[118.226012,24.538535],[118.226243,24.538355],[118.225096,24.537659],[118.226067,24.537662],[118.225368,24.53739],[118.225255,24.536883],[118.222219,24.534148],[118.232393,24.529569],[118.233029,24.530776],[118.234784,24.529978],[118.234899,24.530197],[118.233155,24.530988],[118.235001,24.534341],[118.239057,24.532568],[118.239201,24.532838],[118.232024,24.536078],[118.233627,24.539317],[118.234156,24.538719],[118.234617,24.537076],[118.234776,24.537398],[118.234114,24.539431],[118.23485,24.539998],[118.235286,24.540112],[118.236282,24.539533],[118.237024,24.535422],[118.23673,24.535256],[118.237228,24.5353],[118.236394,24.539711],[118.238049,24.539381],[118.238069,24.536725],[118.239788,24.53649],[118.240441,24.536618],[118.240586,24.53653],[118.240507,24.536046],[118.242046,24.535954],[118.244684,24.536432],[118.246697,24.537584],[118.248698,24.539355],[118.248677,24.54017],[118.247545,24.53955],[118.246781,24.539509],[118.246229,24.540234],[118.24566,24.540267],[118.245656,24.541297],[118.245876,24.541448],[118.243885,24.542644],[118.243997,24.543059],[118.244401,24.543366],[118.24492,24.542605],[118.245957,24.541756],[118.245887,24.5416],[118.246342,24.541722],[118.246617,24.540931],[118.246729,24.539701],[118.247667,24.539712],[118.248997,24.540736],[118.249583,24.540199],[118.259412,24.54881],[118.263269,24.551188],[118.264109,24.551987],[118.264978,24.553343],[118.265457,24.554596],[118.265604,24.555946],[118.264515,24.557868],[118.26263,24.559641],[118.261895,24.560632],[118.261707,24.562283],[118.262149,24.56464],[118.265253,24.565569],[118.266283,24.564935],[118.267084,24.563995],[118.267678,24.562852],[118.267742,24.561493],[118.267255,24.559175],[118.267746,24.557804],[118.269107,24.556359],[118.270478,24.555716],[118.271687,24.555444],[118.273384,24.555611],[118.274147,24.555841],[118.27597,24.557069],[118.275695,24.5572],[118.275669,24.557476],[118.275104,24.558159],[118.273468,24.561188],[118.273463,24.561551],[118.27394,24.561834],[118.274241,24.561549],[118.277206,24.555665],[118.277541,24.555323],[118.277961,24.555253],[118.283423,24.557223],[118.283705,24.557825],[118.283206,24.562959],[118.282579,24.564466],[118.281177,24.566367],[118.281557,24.566617],[118.283131,24.564663],[118.285332,24.567867],[118.285801,24.568845],[118.287364,24.570726],[118.287674,24.570756],[118.287756,24.571158],[118.29063,24.574482],[118.291965,24.577039],[118.292092,24.578623],[118.291326,24.578833],[118.290789,24.578719],[118.28987,24.57911],[118.287125,24.579669],[118.287235,24.58119],[118.287717,24.581692],[118.287585,24.582295],[118.287861,24.583189],[118.2895,24.582968],[118.290207,24.582691],[118.290339,24.5829],[118.290203,24.583137],[118.288275,24.583744],[118.288055,24.584063],[118.288153,24.584244],[118.289602,24.583827],[118.292995,24.583832],[118.301298,24.581961],[118.301406,24.581696],[118.301725,24.581796],[118.305919,24.579757],[118.311301,24.580655],[118.311717,24.58079],[118.311955,24.581163],[118.312552,24.58126],[118.312101,24.581723],[118.314485,24.587196],[118.31583,24.586672],[118.314859,24.58432],[118.315572,24.583948],[118.321513,24.58221],[118.321563,24.581763],[118.321824,24.581674],[118.322161,24.579563],[118.325083,24.578917],[118.329898,24.57845],[118.33795,24.579307],[118.342957,24.580207],[118.343054,24.57941],[118.343202,24.579427],[118.343017,24.580216],[118.348889,24.581108],[118.349528,24.582293],[118.353935,24.582158],[118.354306,24.583007],[118.353584,24.585226],[118.353774,24.585449],[118.353238,24.58667],[118.353386,24.586743],[118.353304,24.587079],[118.353504,24.587125],[118.353751,24.58708],[118.354593,24.584349],[118.354809,24.584264],[118.355125,24.584595],[118.355485,24.58453],[118.35514,24.58018],[118.355935,24.579954],[118.355639,24.578775],[118.355085,24.578826],[118.35494,24.57866],[118.356557,24.578342],[118.356765,24.579566],[118.356973,24.579821],[118.360535,24.578653],[118.365,24.579505],[118.368336,24.581821],[118.368442,24.582937],[118.366198,24.591328],[118.366641,24.591401],[118.367907,24.586064],[118.368179,24.585413],[118.369289,24.584246],[118.36898,24.584121],[118.369252,24.583355],[118.370293,24.583697],[118.372185,24.583388],[118.376085,24.584712],[118.385613,24.590606],[118.388174,24.580617],[118.388605,24.580375],[118.389823,24.580327],[118.392167,24.5809],[118.394646,24.58207],[118.394938,24.582674],[118.392664,24.586701],[118.391698,24.586785],[118.389417,24.595813],[118.39338,24.596679],[118.397641,24.597924],[118.398845,24.59719],[118.400321,24.597862],[118.401422,24.598054],[118.401876,24.598519],[118.403246,24.599273],[118.401601,24.602049],[118.401804,24.60203],[118.402224,24.601487],[118.401985,24.602045],[118.402411,24.602338],[118.403267,24.602621],[118.40373,24.602453],[118.404167,24.602845],[118.404553,24.602836],[118.404902,24.603134],[118.406326,24.603638],[118.406703,24.603721],[118.407462,24.603438],[118.409915,24.604006],[118.409888,24.604877],[118.410071,24.605123],[118.411047,24.605172],[118.4111,24.604679],[118.41301,24.604296],[118.415057,24.605143],[118.417527,24.605677],[118.418117,24.605712],[118.419017,24.605367],[118.419378,24.605935],[118.4202,24.606173],[118.420856,24.607108],[118.420817,24.607636],[118.420994,24.60785],[118.421361,24.607864],[118.421498,24.608318],[118.422403,24.608454],[118.422659,24.60884],[118.42307,24.608591],[118.42353,24.608781],[118.423629,24.608988],[118.423073,24.609452],[118.422256,24.610898],[118.423476,24.609264],[118.423688,24.609154],[118.424619,24.610242],[118.426274,24.609035],[118.42703,24.608103],[118.427698,24.608318],[118.433946,24.608678],[118.433755,24.610841],[118.433337,24.611426],[118.433464,24.611606],[118.432208,24.611805],[118.425698,24.611398],[118.424596,24.611034],[118.423597,24.611812],[118.423736,24.612183],[118.424206,24.612465],[118.424973,24.612078],[118.425382,24.612305],[118.426179,24.614319],[118.42627,24.615025],[118.426979,24.616249],[118.42719,24.617131],[118.427799,24.617001],[118.427431,24.617406],[118.42763,24.617857],[118.427903,24.617962],[118.42777,24.6184],[118.427923,24.618708],[118.430217,24.617487],[118.432264,24.617241],[118.432836,24.62104],[118.431932,24.621323],[118.432038,24.622273],[118.431507,24.621364],[118.430082,24.621601],[118.429851,24.622121],[118.430033,24.622602],[118.431721,24.62236],[118.432598,24.624112],[118.433099,24.624404],[118.433357,24.625205],[118.433085,24.625905],[118.433625,24.626608],[118.433655,24.626917],[118.433515,24.627014],[118.43336,24.626659],[118.432791,24.626339],[118.432441,24.626857],[118.43314,24.627258],[118.43355,24.627257],[118.432986,24.628583],[118.432612,24.628472],[118.432278,24.628799],[118.43246,24.629],[118.432188,24.629912],[118.432429,24.630268],[118.431449,24.631238],[118.431025,24.630928],[118.430716,24.631187],[118.430453,24.630977],[118.430195,24.631206],[118.430749,24.631746],[118.428909,24.63437],[118.428647,24.635308],[118.42881,24.635725],[118.427966,24.636702],[118.427816,24.637387],[118.427406,24.63768],[118.427475,24.647575],[118.426928,24.64778],[118.423047,24.647914],[118.42301,24.648234],[118.427089,24.64818],[118.427631,24.648436],[118.427851,24.648789],[118.430498,24.65924],[118.430203,24.659813],[118.43325,24.671035],[118.433459,24.671115],[118.438345,24.668802],[118.438786,24.669005],[118.439438,24.673172],[118.439307,24.674786],[118.438068,24.676583],[118.435251,24.679266],[118.435598,24.680298],[118.435495,24.680511],[118.435873,24.682592],[118.437068,24.687704],[118.437076,24.688601],[118.437928,24.689471],[118.438347,24.69133],[118.437607,24.691565],[118.437268,24.692025],[118.437342,24.692304],[118.437995,24.693206],[118.440054,24.694018],[118.440319,24.694913],[118.440023,24.696162],[118.437194,24.700165],[118.436239,24.700898],[118.435198,24.701391],[118.435031,24.701956],[118.434877,24.701973],[118.434797,24.702975],[118.435148,24.703378],[118.435025,24.70377],[118.435259,24.704044],[118.43611,24.702522],[118.43782,24.701117],[118.438877,24.700646],[118.439074,24.699627],[118.439536,24.698771],[118.441613,24.697897],[118.442678,24.700456],[118.442998,24.702717],[118.444193,24.706837],[118.44523,24.706675],[118.44518,24.706216],[118.445452,24.706144],[118.445049,24.705523],[118.445176,24.705407],[118.444123,24.700396],[118.444049,24.7002],[118.44371,24.700323],[118.443427,24.700105],[118.44265,24.698543],[118.442724,24.698263],[118.442423,24.69786],[118.442453,24.697445],[118.44225,24.697401],[118.442447,24.697222],[118.442484,24.695447],[118.442675,24.694797],[118.442879,24.69473],[118.442891,24.693655],[118.442626,24.693381],[118.442735,24.692512],[118.442884,24.692498],[118.442587,24.69056],[118.443325,24.690819],[118.444992,24.689904],[118.444844,24.689579],[118.44501,24.689227],[118.445818,24.6887],[118.44628,24.688784],[118.446489,24.689003],[118.446181,24.689428],[118.446255,24.689579],[118.446479,24.689501],[118.446716,24.691469],[118.447155,24.691617],[118.447703,24.692407],[118.448042,24.693437],[118.448504,24.694075],[118.448468,24.694433],[118.449004,24.695346],[118.449305,24.695626],[118.450181,24.695256],[118.449817,24.694417],[118.449275,24.69398],[118.448227,24.691724],[118.449188,24.691976],[118.449818,24.691989],[118.449865,24.691842],[118.449482,24.691528],[118.448904,24.689804],[118.447794,24.689954],[118.447568,24.689803],[118.447445,24.689311],[118.44767,24.6891],[118.44813,24.68423],[118.44994,24.68096],[118.45081,24.6802],[118.45097,24.67969],[118.452325,24.677914],[118.45259,24.678082],[118.452928,24.677601],[118.453614,24.675917],[118.453505,24.67334],[118.452962,24.671946],[118.453117,24.671413],[118.451874,24.670166],[118.451618,24.670299],[118.450494,24.668756],[118.451108,24.668454],[118.450789,24.66801],[118.451748,24.667672],[118.451475,24.667447],[118.449569,24.667753],[118.446954,24.665117],[118.446972,24.664921],[118.448223,24.663854],[118.448135,24.663546],[118.447595,24.663043],[118.44594,24.6595],[118.44513,24.65845],[118.444081,24.656004],[118.44251,24.65323],[118.44227,24.6522],[118.44174,24.65116],[118.44164,24.65013],[118.442948,24.647756],[118.44305,24.64606],[118.44337,24.64504],[118.44342,24.64376],[118.444464,24.63782],[118.445247,24.636032],[118.443972,24.635715],[118.44376,24.635461],[118.443655,24.635197],[118.444002,24.633459],[118.444828,24.632987],[118.444814,24.632755],[118.445717,24.632516],[118.446588,24.63273],[118.446895,24.632545],[118.447027,24.632121],[118.44457,24.63134],[118.444268,24.6309],[118.442256,24.630359],[118.441391,24.63027],[118.44067,24.63045],[118.440557,24.630794],[118.440161,24.63092],[118.440299,24.629578],[118.439854,24.629051],[118.440916,24.628439],[118.442175,24.628252],[118.443179,24.627779],[118.445771,24.627706],[118.44751,24.62783],[118.44806,24.62809],[118.45169,24.62873],[118.454031,24.629438],[118.460875,24.630558],[118.467577,24.631152],[118.470343,24.631236],[118.4725,24.631043],[118.472654,24.631176],[118.472763,24.630896],[118.477501,24.630904],[118.48086,24.63038],[118.487263,24.62982],[118.487668,24.629129],[118.487224,24.628432],[118.487299,24.62817],[118.487964,24.627908],[118.488637,24.627839],[118.488161,24.628407],[118.488423,24.628909],[118.48877,24.62907],[118.492861,24.628143],[118.494459,24.627402],[118.495739,24.627312],[118.495857,24.627091],[118.497585,24.626563],[118.498447,24.625827],[118.498567,24.625523],[118.498331,24.624724],[118.49794,24.62434],[118.498317,24.624038],[118.49838,24.62359],[118.498965,24.623111],[118.498983,24.622316],[118.498475,24.621607],[118.49834,24.62101],[118.49778,24.621],[118.49752,24.620497],[118.497795,24.620086],[118.498308,24.620188],[118.500946,24.619691],[118.50106,24.619851],[118.50346,24.61911],[118.50333,24.61885],[118.503528,24.618726],[118.5033,24.618394],[118.503682,24.617687],[118.50344,24.617333],[118.503524,24.616398],[118.509596,24.615203],[118.512145,24.614066],[118.51182,24.61345],[118.512606,24.613387],[118.512759,24.613608],[118.514028,24.613036],[118.51313,24.61195],[118.513293,24.611845],[118.513963,24.612435],[118.514615,24.614258],[118.514956,24.614287],[118.51531,24.613494],[118.51884,24.61341],[118.51899,24.61315],[118.518881,24.612809],[118.52001,24.61228],[118.522693,24.611874],[118.524927,24.611297],[118.526567,24.610327],[118.52649,24.61009],[118.527067,24.610088],[118.526513,24.608286],[118.527204,24.60901],[118.529295,24.608687],[118.529488,24.609842],[118.53135,24.60928],[118.531966,24.60886],[118.53137,24.607642],[118.53231,24.607516],[118.533951,24.606495],[118.535581,24.605967],[118.535891,24.606999],[118.539151,24.602993],[118.539779,24.603353],[118.537813,24.606007],[118.537942,24.606648],[118.538866,24.606451],[118.53959,24.6067],[118.54044,24.6066],[118.541717,24.606055],[118.541604,24.605431],[118.542588,24.604277],[118.54291,24.60437],[118.54322,24.60335],[118.5438,24.60285],[118.54398,24.60182],[118.543335,24.601332],[118.543981,24.600532],[118.543829,24.600205],[118.543484,24.600277],[118.543004,24.599948],[118.542863,24.599619],[118.542535,24.599716],[118.540074,24.603022],[118.539395,24.602651],[118.543536,24.597095],[118.543364,24.596152],[118.544205,24.595919],[118.543718,24.595179],[118.545638,24.593934],[118.54616,24.594482],[118.546912,24.594469],[118.54852,24.593545],[118.548817,24.593173],[118.549296,24.59317],[118.555876,24.589997],[118.558287,24.588547],[118.56221,24.58682],[118.563136,24.586211],[118.563797,24.585306],[118.566024,24.583932],[118.566513,24.583375],[118.567133,24.58351],[118.568101,24.582842],[118.569393,24.584009],[118.570315,24.58414],[118.570299,24.5838],[118.569753,24.582968],[118.56804,24.576923],[118.567554,24.576431],[118.567556,24.576197],[118.567811,24.575956],[118.568007,24.576029],[118.56839,24.57481],[118.57112,24.56923],[118.572406,24.566027],[118.572046,24.565905],[118.572323,24.565308],[118.572696,24.565408],[118.577274,24.555221],[118.577324,24.554942],[118.576478,24.555048],[118.576091,24.554918],[118.575952,24.55412],[118.576111,24.553291],[118.577155,24.552685],[118.578333,24.552476],[118.578218,24.552329],[118.577209,24.552251],[118.576924,24.552018],[118.575336,24.552369],[118.573835,24.551697],[118.573675,24.551514],[118.5753,24.550215],[118.575193,24.550154],[118.574621,24.550477],[118.57417,24.55044],[118.57388,24.55069],[118.573041,24.550839],[118.572405,24.550664],[118.57222,24.55012],[118.571463,24.54952],[118.573039,24.547332],[118.57273,24.54691],[118.571563,24.54847],[118.56858,24.55002],[118.565953,24.551072],[118.565214,24.551572],[118.564928,24.552198],[118.565011,24.552917],[118.565774,24.553615],[118.565376,24.554026],[118.56449,24.554041],[118.563762,24.553522],[118.563512,24.552826],[118.564271,24.551512],[118.565272,24.550588],[118.568403,24.549022],[118.57193,24.54639],[118.572108,24.546094],[118.57169,24.54509],[118.57259,24.54333],[118.57353,24.54053],[118.57357,24.5395],[118.572718,24.537913],[118.572814,24.536265],[118.571488,24.534244],[118.569224,24.533014],[118.568594,24.532398],[118.567436,24.530176],[118.568327,24.529652],[118.56891,24.52832],[118.56892,24.528042],[118.568483,24.52805],[118.568477,24.527371],[118.567999,24.526374],[118.568033,24.525945],[118.56963,24.525002],[118.569933,24.524485],[118.569789,24.524156],[118.570043,24.52426],[118.57049,24.522953],[118.563694,24.522984],[118.563689,24.522799],[118.566926,24.52259],[118.569835,24.522687],[118.570368,24.522516],[118.570295,24.520776],[118.569404,24.520854],[118.569342,24.520704],[118.570418,24.520524],[118.570428,24.519306],[118.569433,24.51788],[118.564583,24.518575],[118.564302,24.516986],[118.564149,24.516912],[118.56215,24.517176],[118.561828,24.517714],[118.555628,24.515102],[118.556039,24.515109],[118.556246,24.514671],[118.55652,24.514615],[118.559969,24.516096],[118.560113,24.516376],[118.561562,24.51686],[118.567979,24.516064],[118.567941,24.515631],[118.567559,24.515487],[118.56782,24.51531],[118.567877,24.51495],[118.567941,24.515127],[118.568439,24.515026],[118.568734,24.515183],[118.569445,24.515046],[118.570601,24.514482],[118.571521,24.513565],[118.57165,24.513013],[118.570795,24.512746],[118.570155,24.512029],[118.570207,24.511739],[118.572373,24.511828],[118.572934,24.512263],[118.572956,24.51273],[118.572693,24.512871],[118.572694,24.513147],[118.57314,24.51312],[118.573028,24.513296],[118.57322,24.51355],[118.574006,24.513755],[118.574103,24.514358],[118.574332,24.514454],[118.574243,24.514769],[118.574642,24.514981],[118.574387,24.515329],[118.57458,24.515529],[118.574357,24.515497],[118.574353,24.515646],[118.5751,24.51604],[118.575653,24.5167],[118.575727,24.517025],[118.575483,24.517381],[118.575198,24.517364],[118.574672,24.516873],[118.574423,24.517093],[118.57401,24.51765],[118.573843,24.518416],[118.575208,24.522032],[118.576485,24.523448],[118.577815,24.523661],[118.578036,24.524104],[118.578954,24.523961],[118.579678,24.524525],[118.580399,24.525756],[118.581153,24.526598],[118.58322,24.527922],[118.583462,24.528263],[118.585063,24.529021],[118.587246,24.529624],[118.588201,24.530078],[118.589164,24.530352],[118.589839,24.530167],[118.589958,24.530506],[118.590384,24.530521],[118.590288,24.530402],[118.590882,24.529913],[118.591356,24.529902],[118.591054,24.529813],[118.591125,24.529635],[118.591856,24.529369],[118.591838,24.529696],[118.592115,24.529549],[118.592197,24.529233],[118.592814,24.529357],[118.592431,24.529447],[118.592978,24.529657],[118.593888,24.529691],[118.595537,24.529411],[118.59584,24.529093],[118.595899,24.529291],[118.596162,24.529225],[118.596611,24.529546],[118.597481,24.52917],[118.597978,24.529207],[118.598077,24.528817],[118.598851,24.527926],[118.599448,24.528104],[118.59959,24.527911],[118.598913,24.52722],[118.599024,24.526952],[118.59944,24.526743],[118.599563,24.526112],[118.599346,24.526327],[118.599308,24.526093],[118.599475,24.525877],[118.6,24.52581],[118.6,24.72],[117.84,24.72],[117.84,24.28],[118.137147,24.28]]]}}]}
