{"type":"FeatureCollection","metadata":{"version":"0.5","source":{"name":"OpenStreetMap contributors","url":"https://www.openstreetmap.org/copyright","license":"Open Database License (ODbL) 1.0","acquired":"2026-08-23","referenceEra":"modern_reference"},"bounds":[117.95,24.3,118.6,24.7],"scale":"regional strategic context","simplificationToleranceDegrees":0.00024,"note":"Scale-filtered modern cartographic context; not a reconstruction of 1949 land use or buildings."},"features":[{"type":"Feature","properties":{"id":"osm-way-1098763049","layer":"land-cover","category":"agriculture","name":null,"referenceEra":"modern_reference","source":"OpenStreetMap contributors","license":"ODbL-1.0","sourceAreaDegrees":0.000108792},"geometry":{"type":"Polygon","coordinates":[[[118.292756,24.477697],[118.29222,24.476149],[118.292783,24.476257],[118.293282,24.475744],[118.292488,24.473376],[118.291678,24.472453],[118.292541,24.471809],[118.292209,24.471574],[118.2923,24.470998],[118.292944,24.470779],[118.293094,24.471311],[118.294183,24.471096],[118.298174,24.472468],[118.30393,24.472946],[118.307675,24.474841],[118.307862,24.475788],[118.305561,24.478678],[118.305164,24.478327],[118.304767,24.478839],[118.305239,24.479245],[118.304896,24.47966],[118.301092,24.482643],[118.299832,24.48089],[118.295926,24.479899],[118.294746,24.478527],[118.294408,24.478703],[118.2934,24.478122],[118.292756,24.477697]]]}},{"type":"Feature","properties":{"id":"osm-way-973408619","layer":"land-cover","category":"agriculture","name":null,"referenceEra":"modern_reference","source":"OpenStreetMap contributors","license":"ODbL-1.0","sourceAreaDegrees":0.000102749},"geometry":{"type":"Polygon","coordinates":[[[118.423336,24.51932],[118.423953,24.517963],[118.425364,24.51688],[118.425804,24.517085],[118.429312,24.512536],[118.428711,24.511618],[118.42914,24.510994],[118.428872,24.510613],[118.429473,24.509851],[118.427842,24.508407],[118.42707,24.509266],[118.423025,24.506679],[118.414592,24.517173],[118.415869,24.517954],[118.416727,24.517124],[118.418841,24.517632],[118.419903,24.51811],[118.420246,24.51851],[118.420021,24.518774],[118.422435,24.520365],[118.423336,24.51932]]]}},{"type":"Feature","properties":{"id":"osm-way-973408620","layer":"land-cover","category":"agriculture","name":null,"referenceEra":"modern_reference","source":"OpenStreetMap contributors","license":"ODbL-1.0","sourceAreaDegrees":0.000099417},"geometry":{"type":"Polygon","coordinates":[[[118.4125,24.515591],[118.414066,24.514732],[118.415193,24.514615],[118.415096,24.515377],[118.415708,24.515396],[118.423443,24.505703],[118.423197,24.504843],[118.421587,24.504502],[118.421555,24.503857],[118.420225,24.503955],[118.419978,24.502432],[118.417403,24.500733],[118.412532,24.501143],[118.412908,24.503975],[118.413401,24.504394],[118.414056,24.504306],[118.41412,24.505185],[118.413229,24.505302],[118.413111,24.505634],[118.413326,24.507235],[118.412403,24.515045],[118.4125,24.515591]]]}},{"type":"Feature","properties":{"id":"osm-way-975333415","layer":"land-cover","category":"agriculture","name":null,"referenceEra":"modern_reference","source":"OpenStreetMap contributors","license":"ODbL-1.0","sourceAreaDegrees":0.000066064},"geometry":{"type":"Polygon","coordinates":[[[118.408332,24.488367],[118.410445,24.490642],[118.407489,24.493137],[118.410853,24.492761],[118.4114,24.493224],[118.412478,24.501972],[118.412167,24.502392],[118.411604,24.502031],[118.41044,24.502211],[118.410574,24.503295],[118.409356,24.5041],[118.409764,24.503192],[118.40948,24.502607],[118.410021,24.502089],[118.409233,24.500439],[118.407028,24.500044],[118.406379,24.499429],[118.406454,24.498501],[118.405966,24.498497],[118.405816,24.497994],[118.405376,24.498008],[118.404603,24.497252],[118.404619,24.496573],[118.405049,24.49652],[118.405086,24.496905],[118.406529,24.496495],[118.406154,24.496934],[118.406599,24.497071],[118.406186,24.497262],[118.407307,24.49731],[118.407125,24.495768],[118.405499,24.49566],[118.405274,24.493727],[118.405767,24.493674],[118.405746,24.493264],[118.406234,24.493029],[118.405167,24.492243],[118.403241,24.492448],[118.403209,24.492175],[118.40823,24.488299],[118.408332,24.488367]]]}},{"type":"Feature","properties":{"id":"osm-way-1098794384","layer":"land-cover","category":"agriculture","name":null,"referenceEra":"modern_reference","source":"OpenStreetMap contributors","license":"ODbL-1.0","sourceAreaDegrees":0.000064892},"geometry":{"type":"Polygon","coordinates":[[[118.36218,24.454059],[118.370181,24.455686],[118.371093,24.455144],[118.370433,24.454128],[118.366662,24.45089],[118.362193,24.447648],[118.35744,24.449435],[118.357065,24.448947],[118.356582,24.449367],[118.355573,24.449357],[118.355863,24.451779],[118.356679,24.453044],[118.36218,24.454059]]]}},{"type":"Feature","properties":{"id":"osm-way-541120728","layer":"land-cover","category":"agriculture","name":null,"referenceEra":"modern_reference","source":"OpenStreetMap contributors","license":"ODbL-1.0","sourceAreaDegrees":0.000059687},"geometry":{"type":"Polygon","coordinates":[[[118.2471,24.563918],[118.247019,24.553379],[118.247108,24.552796],[118.248049,24.551983],[118.250073,24.554521],[118.250753,24.556333],[118.253613,24.558369],[118.255945,24.558673],[118.255449,24.560277],[118.254085,24.561024],[118.252711,24.561122],[118.251879,24.560536],[118.251965,24.561551],[118.252512,24.562],[118.252424,24.562863],[118.25408,24.563654],[118.253725,24.564108],[118.253035,24.564347],[118.251911,24.563925],[118.249943,24.563862],[118.2471,24.563918]]]}},{"type":"Feature","properties":{"id":"osm-way-1098794380","layer":"land-cover","category":"agriculture","name":null,"referenceEra":"modern_reference","source":"OpenStreetMap contributors","license":"ODbL-1.0","sourceAreaDegrees":0.000041832},"geometry":{"type":"Polygon","coordinates":[[[118.376194,24.457404],[118.380362,24.452766],[118.382814,24.453879],[118.384139,24.454069],[118.384692,24.455969],[118.385711,24.456843],[118.386322,24.458742],[118.384396,24.459988],[118.383576,24.459558],[118.38291,24.460202],[118.380679,24.458913],[118.376253,24.457483],[118.376194,24.457404]]]}},{"type":"Feature","properties":{"id":"osm-way-1098795753","layer":"land-cover","category":"agriculture","name":null,"referenceEra":"modern_reference","source":"OpenStreetMap contributors","license":"ODbL-1.0","sourceAreaDegrees":0.000041324},"geometry":{"type":"Polygon","coordinates":[[[118.30121,24.411622],[118.302144,24.410411],[118.303479,24.410577],[118.305856,24.409693],[118.307213,24.411383],[118.31151,24.412038],[118.311966,24.413132],[118.311542,24.414397],[118.311886,24.415515],[118.311768,24.415828],[118.309783,24.415789],[118.308613,24.415296],[118.307599,24.415423],[118.307776,24.415682],[118.307186,24.416253],[118.302664,24.413361],[118.301157,24.411764],[118.30121,24.411622]]]}},{"type":"Feature","properties":{"id":"osm-way-541120725","layer":"land-cover","category":"agriculture","name":null,"referenceEra":"modern_reference","source":"OpenStreetMap contributors","license":"ODbL-1.0","sourceAreaDegrees":0.000036889},"geometry":{"type":"Polygon","coordinates":[[[118.238314,24.564345],[118.236491,24.560284],[118.246503,24.560248],[118.246358,24.564357],[118.238314,24.564345]]]}},{"type":"Feature","properties":{"id":"osm-way-1098763048","layer":"land-cover","category":"agriculture","name":null,"referenceEra":"modern_reference","source":"OpenStreetMap contributors","license":"ODbL-1.0","sourceAreaDegrees":0.00003629},"geometry":{"type":"Polygon","coordinates":[[[118.301092,24.482643],[118.302273,24.484078],[118.30378,24.485064],[118.304622,24.484981],[118.305481,24.486441],[118.30695,24.486831],[118.308206,24.486192],[118.311054,24.487368],[118.311365,24.485528],[118.308377,24.482887],[118.306371,24.481969],[118.304896,24.47966],[118.301092,24.482643]]]}},{"type":"Feature","properties":{"id":"osm-way-1098804687","layer":"land-cover","category":"agriculture","name":null,"referenceEra":"modern_reference","source":"OpenStreetMap contributors","license":"ODbL-1.0","sourceAreaDegrees":0.000035996},"geometry":{"type":"Polygon","coordinates":[[[118.404816,24.465879],[118.41128,24.469222],[118.409636,24.472976],[118.408287,24.47279],[118.402448,24.470598],[118.404159,24.46719],[118.404816,24.465879]]]}},{"type":"Feature","properties":{"id":"osm-way-541120719","layer":"land-cover","category":"agriculture","name":null,"referenceEra":"modern_reference","source":"OpenStreetMap contributors","license":"ODbL-1.0","sourceAreaDegrees":0.000035412},"geometry":{"type":"Polygon","coordinates":[[[118.227958,24.609542],[118.227324,24.610875],[118.230349,24.614154],[118.227932,24.615919],[118.229622,24.617997],[118.231022,24.618561],[118.233479,24.618441],[118.233757,24.614334],[118.231814,24.611493],[118.230907,24.611083],[118.230688,24.60987],[118.229239,24.60958],[118.229152,24.609824],[118.227958,24.609542]]]}},{"type":"Feature","properties":{"id":"osm-way-1098763047","layer":"land-cover","category":"agriculture","name":null,"referenceEra":"modern_reference","source":"OpenStreetMap contributors","license":"ODbL-1.0","sourceAreaDegrees":0.000033773},"geometry":{"type":"Polygon","coordinates":[[[118.31136,24.487661],[118.313345,24.488935],[118.317422,24.48667],[118.317642,24.486416],[118.315383,24.484639],[118.315571,24.484156],[118.316255,24.484014],[118.316885,24.482511],[118.314047,24.480336],[118.31328,24.481466],[118.313972,24.482091],[118.313463,24.482545],[118.312814,24.481993],[118.310265,24.484356],[118.311789,24.48564],[118.31151,24.486084],[118.31136,24.487661]]]}},{"type":"Feature","properties":{"id":"osm-way-1098794381","layer":"land-cover","category":"agriculture","name":null,"referenceEra":"modern_reference","source":"OpenStreetMap contributors","license":"ODbL-1.0","sourceAreaDegrees":0.000033281},"geometry":{"type":"Polygon","coordinates":[[[118.376583,24.453898],[118.377267,24.454333],[118.379896,24.452834],[118.379834,24.452262],[118.381135,24.45152],[118.384799,24.447438],[118.378522,24.44713],[118.377771,24.44924],[118.37657,24.449672],[118.375749,24.449291],[118.375462,24.449757],[118.375907,24.450031],[118.375872,24.450661],[118.376538,24.451662],[118.376237,24.45301],[118.376849,24.45362],[118.376583,24.453898]]]}},{"type":"Feature","properties":{"id":"osm-way-1098804689","layer":"land-cover","category":"agriculture","name":null,"referenceEra":"modern_reference","source":"OpenStreetMap contributors","license":"ODbL-1.0","sourceAreaDegrees":0.000030303},"geometry":{"type":"Polygon","coordinates":[[[118.396439,24.466985],[118.397239,24.467365],[118.397411,24.466521],[118.398585,24.467663],[118.398162,24.468088],[118.398789,24.469055],[118.402088,24.470466],[118.405519,24.464184],[118.4044,24.463955],[118.404395,24.464343],[118.402391,24.464753],[118.401222,24.464385],[118.401005,24.464866],[118.39983,24.464231],[118.399964,24.464812],[118.398483,24.466404],[118.396541,24.465754],[118.396477,24.466233],[118.396439,24.466985]]]}},{"type":"Feature","properties":{"id":"osm-way-541120732","layer":"land-cover","category":"agriculture","name":null,"referenceEra":"modern_reference","source":"OpenStreetMap contributors","license":"ODbL-1.0","sourceAreaDegrees":0.000029967},"geometry":{"type":"Polygon","coordinates":[[[118.229461,24.553366],[118.228051,24.550466],[118.234454,24.548755],[118.234733,24.549938],[118.234381,24.557196],[118.232504,24.557176],[118.232456,24.553045],[118.229461,24.553366]]]}},{"type":"Feature","properties":{"id":"osm-way-1098795752","layer":"land-cover","category":"agriculture","name":null,"referenceEra":"modern_reference","source":"OpenStreetMap contributors","license":"ODbL-1.0","sourceAreaDegrees":0.000029862},"geometry":{"type":"Polygon","coordinates":[[[118.307707,24.410733],[118.307819,24.409654],[118.30996,24.409229],[118.311751,24.410943],[118.312245,24.410767],[118.313366,24.409575],[118.313173,24.408906],[118.314691,24.40852],[118.315717,24.40728],[118.315891,24.407688],[118.316356,24.406785],[118.316837,24.407055],[118.316129,24.411109],[118.317019,24.412399],[118.316934,24.41361],[118.315206,24.4134],[118.313372,24.413723],[118.312594,24.414226],[118.312529,24.415081],[118.312073,24.415227],[118.311757,24.414368],[118.312148,24.41321],[118.311827,24.412091],[118.310684,24.411349],[118.310995,24.411163],[118.310555,24.410606],[118.309976,24.410987],[118.310217,24.411383],[118.309654,24.411373],[118.309616,24.411085],[118.307707,24.410733]]]}},{"type":"Feature","properties":{"id":"osm-way-1451543164","layer":"land-cover","category":"agriculture","name":null,"referenceEra":"modern_reference","source":"OpenStreetMap contributors","license":"ODbL-1.0","sourceAreaDegrees":0.000027669},"geometry":{"type":"Polygon","coordinates":[[[118.217629,24.578029],[118.216519,24.579702],[118.210809,24.578199],[118.21107,24.577211],[118.210517,24.576904],[118.211194,24.576372],[118.210675,24.574956],[118.2101,24.574633],[118.209781,24.57337],[118.210301,24.572911],[118.211299,24.573462],[118.211417,24.57297],[118.214115,24.57337],[118.213928,24.57555],[118.214207,24.575999],[118.215376,24.576589],[118.21617,24.576458],[118.217511,24.577736],[118.217629,24.578029]]]}},{"type":"Feature","properties":{"id":"osm-way-1098804676","layer":"land-cover","category":"agriculture","name":null,"referenceEra":"modern_reference","source":"OpenStreetMap contributors","license":"ODbL-1.0","sourceAreaDegrees":0.000027189},"geometry":{"type":"Polygon","coordinates":[[[118.411149,24.478917],[118.413083,24.480882],[118.412946,24.481173],[118.413842,24.482247],[118.409491,24.485594],[118.408051,24.484026],[118.407241,24.484639],[118.406661,24.483992],[118.406208,24.484327],[118.405597,24.483573],[118.405723,24.482984],[118.409285,24.480731],[118.41024,24.479747],[118.411149,24.478917]]]}},{"type":"Feature","properties":{"id":"osm-way-1098794386","layer":"land-cover","category":"agriculture","name":null,"referenceEra":"modern_reference","source":"OpenStreetMap contributors","license":"ODbL-1.0","sourceAreaDegrees":0.00002648},"geometry":{"type":"Polygon","coordinates":[[[118.358497,24.458645],[118.363963,24.458181],[118.361287,24.454103],[118.356711,24.453244],[118.356212,24.453454],[118.356957,24.454992],[118.356319,24.455422],[118.357279,24.456726],[118.358497,24.458645]]]}},{"type":"Feature","properties":{"id":"osm-way-1098804665","layer":"land-cover","category":"agriculture","name":null,"referenceEra":"modern_reference","source":"OpenStreetMap contributors","license":"ODbL-1.0","sourceAreaDegrees":0.000025303},"geometry":{"type":"Polygon","coordinates":[[[118.392966,24.475761],[118.395251,24.47402],[118.39019,24.468481],[118.389045,24.468481],[118.389485,24.469023],[118.387596,24.470451],[118.388224,24.47133],[118.387677,24.471948],[118.388165,24.472155],[118.388114,24.472853],[118.390582,24.473181],[118.392966,24.475761]]]}},{"type":"Feature","properties":{"id":"osm-way-1098797646","layer":"land-cover","category":"agriculture","name":null,"referenceEra":"modern_reference","source":"OpenStreetMap contributors","license":"ODbL-1.0","sourceAreaDegrees":0.00002443},"geometry":{"type":"Polygon","coordinates":[[[118.32122,24.416683],[118.321423,24.415022],[118.320737,24.41383],[118.321381,24.41298],[118.326589,24.413474],[118.32527,24.415838],[118.325012,24.417762],[118.326166,24.420063],[118.322915,24.419892],[118.322807,24.419667],[118.323344,24.41954],[118.323162,24.419027],[118.324052,24.41912],[118.3235,24.417977],[118.322014,24.417611],[118.322132,24.416829],[118.32122,24.416683]]]}},{"type":"Feature","properties":{"id":"osm-way-1098794378","layer":"land-cover","category":"agriculture","name":null,"referenceEra":"modern_reference","source":"OpenStreetMap contributors","license":"ODbL-1.0","sourceAreaDegrees":0.000024376},"geometry":{"type":"Polygon","coordinates":[[[118.373576,24.436747],[118.375084,24.437519],[118.37598,24.437524],[118.376049,24.437114],[118.376892,24.437031],[118.377026,24.436298],[118.377729,24.435775],[118.378453,24.435849],[118.378399,24.436249],[118.381859,24.436552],[118.381838,24.437016],[118.385319,24.436318],[118.385367,24.435605],[118.376677,24.433563],[118.374885,24.43392],[118.373984,24.43621],[118.373576,24.436747]]]}},{"type":"Feature","properties":{"id":"osm-way-1098797638","layer":"land-cover","category":"agriculture","name":null,"referenceEra":"modern_reference","source":"OpenStreetMap contributors","license":"ODbL-1.0","sourceAreaDegrees":0.000023696},"geometry":{"type":"Polygon","coordinates":[[[118.337774,24.418559],[118.340612,24.417235],[118.341089,24.415564],[118.337973,24.413127],[118.336653,24.41449],[118.336095,24.413825],[118.334598,24.416141],[118.334792,24.417391],[118.335811,24.417714],[118.336637,24.418539],[118.336701,24.418896],[118.335988,24.419164],[118.336396,24.419477],[118.337297,24.41894],[118.337774,24.418559]]]}},{"type":"Feature","properties":{"id":"osm-way-1098818647","layer":"land-cover","category":"agriculture","name":null,"referenceEra":"modern_reference","source":"OpenStreetMap contributors","license":"ODbL-1.0","sourceAreaDegrees":0.00002338},"geometry":{"type":"Polygon","coordinates":[[[118.330001,24.461926],[118.331654,24.462346],[118.335033,24.461804],[118.33602,24.46032],[118.335768,24.460124],[118.336106,24.459143],[118.333252,24.457375],[118.332447,24.458503],[118.330506,24.458537],[118.329685,24.459094],[118.328907,24.460642],[118.329712,24.461658],[118.330001,24.461926]]]}},{"type":"Feature","properties":{"id":"osm-way-1098763043","layer":"land-cover","category":"agriculture","name":null,"referenceEra":"modern_reference","source":"OpenStreetMap contributors","license":"ODbL-1.0","sourceAreaDegrees":0.000022918},"geometry":{"type":"Polygon","coordinates":[[[118.321525,24.478414],[118.322636,24.477624],[118.322893,24.477878],[118.324647,24.475597],[118.319857,24.470842],[118.318114,24.473205],[118.320866,24.475905],[118.319836,24.477199],[118.320678,24.477819],[118.321525,24.478414]]]}},{"type":"Feature","properties":{"id":"osm-way-490460326","layer":"land-cover","category":"agriculture","name":null,"referenceEra":"modern_reference","source":"OpenStreetMap contributors","license":"ODbL-1.0","sourceAreaDegrees":0.000022715},"geometry":{"type":"Polygon","coordinates":[[[118.239397,24.428632],[118.239343,24.428043],[118.235706,24.428124],[118.23487,24.428502],[118.234505,24.428351],[118.234644,24.427975],[118.23271,24.427738],[118.231519,24.43012],[118.233024,24.431643],[118.233453,24.432662],[118.236897,24.43093],[118.236366,24.430649],[118.237764,24.430337],[118.23937,24.428677],[118.239397,24.428632]]]}},{"type":"Feature","properties":{"id":"osm-way-1098763035","layer":"land-cover","category":"agriculture","name":null,"referenceEra":"modern_reference","source":"OpenStreetMap contributors","license":"ODbL-1.0","sourceAreaDegrees":0.00002223},"geometry":{"type":"Polygon","coordinates":[[[118.331391,24.464485],[118.332152,24.463611],[118.33322,24.463171],[118.332887,24.462741],[118.334148,24.462097],[118.338767,24.468093],[118.338026,24.468918],[118.337219,24.468449],[118.336557,24.469358],[118.332978,24.465954],[118.331391,24.464485]]]}},{"type":"Feature","properties":{"id":"osm-way-1098804675","layer":"land-cover","category":"agriculture","name":null,"referenceEra":"modern_reference","source":"OpenStreetMap contributors","license":"ODbL-1.0","sourceAreaDegrees":0.00002215},"geometry":{"type":"Polygon","coordinates":[[[118.406184,24.481681],[118.409341,24.480013],[118.411186,24.478097],[118.410513,24.477934],[118.408424,24.476025],[118.407568,24.47458],[118.405288,24.476867],[118.405956,24.479913],[118.406184,24.481681]]]}},{"type":"Feature","properties":{"id":"osm-way-1098815885","layer":"land-cover","category":"agriculture","name":null,"referenceEra":"modern_reference","source":"OpenStreetMap contributors","license":"ODbL-1.0","sourceAreaDegrees":0.000022027},"geometry":{"type":"Polygon","coordinates":[[[118.453163,24.430936],[118.453388,24.431282],[118.454295,24.431048],[118.454949,24.43161],[118.4554,24.431483],[118.4554,24.431048],[118.456172,24.43136],[118.456258,24.430877],[118.455411,24.430486],[118.455652,24.430183],[118.455089,24.429246],[118.45599,24.428503],[118.455196,24.427746],[118.447182,24.427297],[118.449461,24.430501],[118.450615,24.430379],[118.451586,24.429495],[118.452852,24.43073],[118.453163,24.430936]]]}},{"type":"Feature","properties":{"id":"osm-way-1084506538","layer":"land-cover","category":"agriculture","name":null,"referenceEra":"modern_reference","source":"OpenStreetMap contributors","license":"ODbL-1.0","sourceAreaDegrees":0.000021813},"geometry":{"type":"Polygon","coordinates":[[[118.016812,24.325928],[118.01493,24.32293],[118.015404,24.321488],[118.013958,24.32083],[118.014643,24.319592],[118.016376,24.319649],[118.020887,24.321931],[118.018559,24.324407],[118.017703,24.324475],[118.016812,24.325928]]]}},{"type":"Feature","properties":{"id":"osm-way-1098794379","layer":"land-cover","category":"agriculture","name":null,"referenceEra":"modern_reference","source":"OpenStreetMap contributors","license":"ODbL-1.0","sourceAreaDegrees":0.000021559},"geometry":{"type":"Polygon","coordinates":[[[118.375331,24.457487],[118.380985,24.459392],[118.382841,24.460461],[118.384219,24.461936],[118.383602,24.462556],[118.382154,24.462737],[118.381736,24.46344],[118.382342,24.463894],[118.382095,24.464104],[118.381017,24.46385],[118.38011,24.46282],[118.379574,24.461326],[118.378254,24.461286],[118.377541,24.460793],[118.378608,24.460168],[118.377567,24.459944],[118.377745,24.459607],[118.376784,24.459006],[118.376672,24.459616],[118.376301,24.459529],[118.375068,24.457541],[118.375331,24.457487]]]}},{"type":"Feature","properties":{"id":"osm-way-1098794389","layer":"land-cover","category":"agriculture","name":null,"referenceEra":"modern_reference","source":"OpenStreetMap contributors","license":"ODbL-1.0","sourceAreaDegrees":0.000021149},"geometry":{"type":"Polygon","coordinates":[[[118.349927,24.45998],[118.350826,24.459404],[118.357108,24.459104],[118.357708,24.461702],[118.355855,24.462092],[118.355595,24.462612],[118.354549,24.463034],[118.353583,24.462995],[118.353138,24.462475],[118.352328,24.462634],[118.349927,24.45998]]]}},{"type":"Feature","properties":{"id":"osm-way-1098817156","layer":"land-cover","category":"agriculture","name":null,"referenceEra":"modern_reference","source":"OpenStreetMap contributors","license":"ODbL-1.0","sourceAreaDegrees":0.000021051},"geometry":{"type":"Polygon","coordinates":[[[118.315732,24.4736],[118.317282,24.473898],[118.322427,24.467175],[118.321949,24.46675],[118.319144,24.468816],[118.316204,24.468811],[118.316161,24.469709],[118.315732,24.469753],[118.315485,24.473215],[118.315732,24.4736]]]}},{"type":"Feature","properties":{"id":"osm-way-1508773416","layer":"land-cover","category":"agriculture","name":null,"referenceEra":"modern_reference","source":"OpenStreetMap contributors","license":"ODbL-1.0","sourceAreaDegrees":0.000020785},"geometry":{"type":"Polygon","coordinates":[[[118.320844,24.627665],[118.321703,24.627468],[118.322222,24.628613],[118.321234,24.628756],[118.319578,24.630242],[118.319202,24.630091],[118.319307,24.630484],[118.316307,24.632996],[118.313646,24.634065],[118.312749,24.632444],[118.317313,24.62932],[118.317544,24.62845],[118.320485,24.628159],[118.320908,24.627835],[118.320844,24.627665]]]}},{"type":"Feature","properties":{"id":"osm-way-1098804672","layer":"land-cover","category":"agriculture","name":null,"referenceEra":"modern_reference","source":"OpenStreetMap contributors","license":"ODbL-1.0","sourceAreaDegrees":0.000020472},"geometry":{"type":"Polygon","coordinates":[[[118.403555,24.475995],[118.405487,24.478632],[118.405792,24.481708],[118.404899,24.483179],[118.404897,24.483826],[118.403124,24.482345],[118.403459,24.482098],[118.402837,24.481332],[118.403212,24.481051],[118.401176,24.478773],[118.40156,24.478429],[118.401061,24.477848],[118.403555,24.475995]]]}},{"type":"Feature","properties":{"id":"osm-way-1098798654","layer":"land-cover","category":"agriculture","name":null,"referenceEra":"modern_reference","source":"OpenStreetMap contributors","license":"ODbL-1.0","sourceAreaDegrees":0.000020427},"geometry":{"type":"Polygon","coordinates":[[[118.34802,24.447067],[118.347656,24.446764],[118.347924,24.445563],[118.347446,24.444718],[118.348825,24.444068],[118.349292,24.4442],[118.349018,24.444512],[118.350016,24.4467],[118.350847,24.447037],[118.351974,24.448297],[118.353299,24.448463],[118.353599,24.448034],[118.35332,24.44921],[118.352875,24.449958],[118.351936,24.449997],[118.351974,24.45068],[118.350483,24.45049],[118.350161,24.450885],[118.348557,24.450607],[118.347843,24.448976],[118.348288,24.448507],[118.347956,24.44798],[118.348428,24.447272],[118.34802,24.447067]]]}},{"type":"Feature","properties":{"id":"osm-way-1499834762","layer":"land-cover","category":"agriculture","name":null,"referenceEra":"modern_reference","source":"OpenStreetMap contributors","license":"ODbL-1.0","sourceAreaDegrees":0.000020117},"geometry":{"type":"Polygon","coordinates":[[[118.32282,24.612462],[118.321823,24.61132],[118.320061,24.605812],[118.319358,24.604627],[118.319369,24.604075],[118.320787,24.603063],[118.321972,24.603009],[118.32213,24.605124],[118.323919,24.610899],[118.323743,24.611849],[118.322872,24.612534],[118.32282,24.612462]]]}},{"type":"Feature","properties":{"id":"osm-way-1098763039","layer":"land-cover","category":"agriculture","name":null,"referenceEra":"modern_reference","source":"OpenStreetMap contributors","license":"ODbL-1.0","sourceAreaDegrees":0.000019678},"geometry":{"type":"Polygon","coordinates":[[[118.325171,24.469465],[118.325045,24.469255],[118.326369,24.46841],[118.32534,24.467571],[118.32778,24.466423],[118.330854,24.469113],[118.329052,24.472272],[118.328531,24.472585],[118.327357,24.471418],[118.325171,24.469465]]]}},{"type":"Feature","properties":{"id":"osm-way-1098763033","layer":"land-cover","category":"agriculture","name":null,"referenceEra":"modern_reference","source":"OpenStreetMap contributors","license":"ODbL-1.0","sourceAreaDegrees":0.000019352},"geometry":{"type":"Polygon","coordinates":[[[118.340918,24.461003],[118.342527,24.460827],[118.344689,24.462366],[118.345268,24.462034],[118.345392,24.460896],[118.345982,24.461433],[118.346513,24.46116],[118.345714,24.460183],[118.346529,24.459997],[118.350493,24.463137],[118.349903,24.463025],[118.348825,24.463772],[118.347967,24.46324],[118.346502,24.464182],[118.344598,24.464162],[118.343825,24.463288],[118.343493,24.463493],[118.342211,24.463017],[118.340993,24.461413],[118.340918,24.461003]]]}},{"type":"Feature","properties":{"id":"osm-way-1098811214","layer":"land-cover","category":"agriculture","name":null,"referenceEra":"modern_reference","source":"OpenStreetMap contributors","license":"ODbL-1.0","sourceAreaDegrees":0.000018058},"geometry":{"type":"Polygon","coordinates":[[[118.428597,24.49213],[118.429474,24.488469],[118.429833,24.488718],[118.431249,24.488288],[118.431158,24.487844],[118.431818,24.488232],[118.43281,24.488125],[118.433465,24.488867],[118.433218,24.489233],[118.434619,24.490253],[118.433787,24.49061],[118.433717,24.491293],[118.434256,24.491689],[118.433181,24.492928],[118.43183,24.492615],[118.431024,24.491215],[118.430074,24.491542],[118.430133,24.492323],[118.429779,24.492489],[118.428841,24.492099],[118.428597,24.49213]]]}},{"type":"Feature","properties":{"id":"osm-way-1467923504","layer":"land-cover","category":"agriculture","name":null,"referenceEra":"modern_reference","source":"OpenStreetMap contributors","license":"ODbL-1.0","sourceAreaDegrees":0.000017552},"geometry":{"type":"Polygon","coordinates":[[[118.314635,24.603361],[118.314255,24.602176],[118.313085,24.602571],[118.31271,24.60202],[118.312345,24.602205],[118.312629,24.602786],[118.312162,24.603039],[118.31109,24.602098],[118.31058,24.600869],[118.30808,24.599679],[118.306487,24.600581],[118.306396,24.602981],[118.308831,24.603278],[118.309303,24.603634],[118.313386,24.603469],[118.314635,24.603361]]]}},{"type":"Feature","properties":{"id":"osm-way-1098794387","layer":"land-cover","category":"agriculture","name":null,"referenceEra":"modern_reference","source":"OpenStreetMap contributors","license":"ODbL-1.0","sourceAreaDegrees":0.000017285},"geometry":{"type":"Polygon","coordinates":[[[118.355117,24.458948],[118.358272,24.458835],[118.356459,24.456066],[118.355273,24.456213],[118.354431,24.457063],[118.352349,24.454074],[118.351891,24.454377],[118.351765,24.45405],[118.350086,24.4553],[118.350214,24.456115],[118.352022,24.45696],[118.35331,24.458215],[118.354484,24.458108],[118.355117,24.458948]]]}},{"type":"Feature","properties":{"id":"osm-way-975333414","layer":"land-cover","category":"agriculture","name":null,"referenceEra":"modern_reference","source":"OpenStreetMap contributors","license":"ODbL-1.0","sourceAreaDegrees":0.000017176},"geometry":{"type":"Polygon","coordinates":[[[118.41257,24.500952],[118.417408,24.500473],[118.414629,24.49607],[118.411926,24.496266],[118.41257,24.500952]]]}},{"type":"Feature","properties":{"id":"osm-way-1344472946","layer":"land-cover","category":"agriculture","name":null,"referenceEra":"modern_reference","source":"OpenStreetMap contributors","license":"ODbL-1.0","sourceAreaDegrees":0.000016962},"geometry":{"type":"Polygon","coordinates":[[[118.002918,24.388858],[118.004485,24.390469],[118.005323,24.390378],[118.004761,24.39101],[118.005566,24.391114],[118.005606,24.391433],[118.005006,24.39159],[118.005078,24.392237],[118.005877,24.392705],[118.006141,24.392328],[118.007047,24.392249],[118.006614,24.393034],[118.005615,24.393393],[118.0065,24.393853],[118.006861,24.394423],[118.006547,24.394814],[118.006008,24.394886],[118.005198,24.393858],[118.004837,24.394028],[118.003542,24.391237],[118.003262,24.391301],[118.002061,24.389732],[118.001027,24.38947],[118.000247,24.389809],[117.999918,24.390509],[117.999037,24.390341],[117.999923,24.389848],[117.999253,24.389213],[118.000586,24.388269],[118.00031,24.387278],[118.000834,24.386498],[118.001716,24.386678],[118.002352,24.38638],[118.002195,24.387645],[118.002755,24.388724],[118.002918,24.388858]]]}},{"type":"Feature","properties":{"id":"osm-way-541120621","layer":"land-cover","category":"agriculture","name":null,"referenceEra":"modern_reference","source":"OpenStreetMap contributors","license":"ODbL-1.0","sourceAreaDegrees":0.000016931},"geometry":{"type":"Polygon","coordinates":[[[118.19277,24.583],[118.190546,24.583027],[118.190627,24.584738],[118.192558,24.587262],[118.193662,24.589552],[118.195054,24.589824],[118.195606,24.588346],[118.195836,24.585683],[118.193602,24.585981],[118.192481,24.585097],[118.19277,24.583]]]}},{"type":"Feature","properties":{"id":"osm-way-1098810279","layer":"land-cover","category":"agriculture","name":null,"referenceEra":"modern_reference","source":"OpenStreetMap contributors","license":"ODbL-1.0","sourceAreaDegrees":0.000016876},"geometry":{"type":"Polygon","coordinates":[[[118.388479,24.473576],[118.390855,24.47364],[118.392835,24.475812],[118.392888,24.477013],[118.392352,24.477941],[118.391826,24.478082],[118.39159,24.477433],[118.389106,24.477921],[118.387814,24.474665],[118.387776,24.473864],[118.388345,24.473713],[118.388479,24.473576]]]}},{"type":"Feature","properties":{"id":"osm-way-1098804686","layer":"land-cover","category":"agriculture","name":null,"referenceEra":"modern_reference","source":"OpenStreetMap contributors","license":"ODbL-1.0","sourceAreaDegrees":0.000015347},"geometry":{"type":"Polygon","coordinates":[[[118.411337,24.469387],[118.411964,24.469768],[118.411798,24.470183],[118.41293,24.470725],[118.413032,24.471301],[118.415188,24.472619],[118.414207,24.474936],[118.410256,24.473505],[118.410234,24.47281],[118.409915,24.472675],[118.411337,24.469387]]]}},{"type":"Feature","properties":{"id":"osm-way-1098796083","layer":"land-cover","category":"agriculture","name":null,"referenceEra":"modern_reference","source":"OpenStreetMap contributors","license":"ODbL-1.0","sourceAreaDegrees":0.000015296},"geometry":{"type":"Polygon","coordinates":[[[118.301395,24.424154],[118.303683,24.424994],[118.306516,24.420229],[118.30592,24.419892],[118.306317,24.418778],[118.306923,24.417982],[118.307615,24.418451],[118.307825,24.418094],[118.306709,24.417333],[118.304719,24.418866],[118.303764,24.420307],[118.304016,24.420503],[118.303195,24.421592],[118.303464,24.421821],[118.303211,24.422237],[118.301329,24.424085],[118.301395,24.424154]]]}},{"type":"Feature","properties":{"id":"osm-way-1098795754","layer":"land-cover","category":"agriculture","name":null,"referenceEra":"modern_reference","source":"OpenStreetMap contributors","license":"ODbL-1.0","sourceAreaDegrees":0.000015255},"geometry":{"type":"Polygon","coordinates":[[[118.30047,24.417086],[118.303753,24.414841],[118.30356,24.414299],[118.300513,24.411666],[118.298861,24.412638],[118.29818,24.413513],[118.299386,24.414534],[118.29958,24.415134],[118.299156,24.415545],[118.300121,24.416429],[118.30047,24.417086]]]}},{"type":"Feature","properties":{"id":"osm-way-354381022","layer":"land-cover","category":"agriculture","name":null,"referenceEra":"modern_reference","source":"OpenStreetMap contributors","license":"ODbL-1.0","sourceAreaDegrees":0.000015116},"geometry":{"type":"Polygon","coordinates":[[[118.401587,24.655292],[118.402839,24.654668],[118.403477,24.653296],[118.405253,24.651975],[118.405977,24.650691],[118.408097,24.650295],[118.408448,24.649928],[118.406995,24.649466],[118.403636,24.649381],[118.402933,24.651179],[118.401985,24.651638],[118.401738,24.652309],[118.40209,24.653241],[118.401391,24.653898],[118.401419,24.654892],[118.401587,24.655292]]]}},{"type":"Feature","properties":{"id":"osm-way-1098815896","layer":"land-cover","category":"agriculture","name":null,"referenceEra":"modern_reference","source":"OpenStreetMap contributors","license":"ODbL-1.0","sourceAreaDegrees":0.000014861},"geometry":{"type":"Polygon","coordinates":[[[118.452417,24.453642],[118.453834,24.452475],[118.453547,24.452138],[118.453807,24.451672],[118.452661,24.450671],[118.453096,24.45027],[118.452315,24.449203],[118.448397,24.452534],[118.450483,24.454567],[118.450725,24.453613],[118.451605,24.454335],[118.452417,24.453642]]]}},{"type":"Feature","properties":{"id":"osm-way-1098794385","layer":"land-cover","category":"agriculture","name":null,"referenceEra":"modern_reference","source":"OpenStreetMap contributors","license":"ODbL-1.0","sourceAreaDegrees":0.000014687},"geometry":{"type":"Polygon","coordinates":[[[118.364494,24.457795],[118.365669,24.457907],[118.369752,24.455813],[118.362279,24.454304],[118.361871,24.454753],[118.364162,24.457644],[118.364494,24.457795]]]}},{"type":"Feature","properties":{"id":"osm-way-1098804688","layer":"land-cover","category":"agriculture","name":null,"referenceEra":"modern_reference","source":"OpenStreetMap contributors","license":"ODbL-1.0","sourceAreaDegrees":0.000014673},"geometry":{"type":"Polygon","coordinates":[[[118.405599,24.464223],[118.406495,24.4651],[118.406965,24.465085],[118.407104,24.464675],[118.408622,24.4649],[118.411009,24.466189],[118.412125,24.469673],[118.408282,24.467324],[118.404832,24.465769],[118.405599,24.464223]]]}},{"type":"Feature","properties":{"id":"osm-way-1098797640","layer":"land-cover","category":"agriculture","name":null,"referenceEra":"modern_reference","source":"OpenStreetMap contributors","license":"ODbL-1.0","sourceAreaDegrees":0.000014639},"geometry":{"type":"Polygon","coordinates":[[[118.330066,24.414934],[118.335725,24.420283],[118.333724,24.421157],[118.332501,24.422295],[118.332083,24.421944],[118.331691,24.421333],[118.332179,24.420473],[118.333413,24.420483],[118.333874,24.419628],[118.331353,24.418329],[118.331326,24.419071],[118.329803,24.418246],[118.329492,24.41682],[118.329942,24.415169],[118.330066,24.414934]]]}},{"type":"Feature","properties":{"id":"osm-way-1098815886","layer":"land-cover","category":"agriculture","name":null,"referenceEra":"modern_reference","source":"OpenStreetMap contributors","license":"ODbL-1.0","sourceAreaDegrees":0.000014489},"geometry":{"type":"Polygon","coordinates":[[[118.449054,24.433793],[118.450143,24.434559],[118.451452,24.434794],[118.456387,24.434872],[118.455947,24.433754],[118.455475,24.434291],[118.454649,24.43368],[118.455046,24.433167],[118.454402,24.432655],[118.454483,24.432279],[118.453378,24.431697],[118.452659,24.430652],[118.451613,24.431062],[118.451897,24.43222],[118.450813,24.433138],[118.451575,24.433934],[118.449343,24.433475],[118.449054,24.433793]]]}},{"type":"Feature","properties":{"id":"osm-way-1098798651","layer":"land-cover","category":"agriculture","name":null,"referenceEra":"modern_reference","source":"OpenStreetMap contributors","license":"ODbL-1.0","sourceAreaDegrees":0.000014431},"geometry":{"type":"Polygon","coordinates":[[[118.368877,24.459841],[118.371651,24.459475],[118.372085,24.459973],[118.372107,24.459646],[118.372729,24.459573],[118.372589,24.45864],[118.373104,24.458401],[118.374065,24.458957],[118.375352,24.458825],[118.374977,24.458176],[118.374579,24.458225],[118.374285,24.457155],[118.371967,24.456301],[118.368952,24.45778],[118.369,24.458342],[118.36833,24.459006],[118.368995,24.459641],[118.368877,24.459841]]]}},{"type":"Feature","properties":{"id":"osm-way-1098794388","layer":"land-cover","category":"agriculture","name":null,"referenceEra":"modern_reference","source":"OpenStreetMap contributors","license":"ODbL-1.0","sourceAreaDegrees":0.000014333},"geometry":{"type":"Polygon","coordinates":[[[118.357955,24.4623],[118.358513,24.462947],[118.359269,24.462795],[118.359543,24.46258],[118.359141,24.46219],[118.36267,24.461018],[118.36215,24.458904],[118.357199,24.459074],[118.357955,24.4623]]]}},{"type":"Feature","properties":{"id":"osm-way-1098763040","layer":"land-cover","category":"agriculture","name":null,"referenceEra":"modern_reference","source":"OpenStreetMap contributors","license":"ODbL-1.0","sourceAreaDegrees":0.000014308},"geometry":{"type":"Polygon","coordinates":[[[118.322268,24.470932],[118.325077,24.4736],[118.327255,24.471491],[118.324776,24.469382],[118.32616,24.468425],[118.325061,24.467488],[118.323977,24.468625],[118.322268,24.470932]]]}},{"type":"Feature","properties":{"id":"osm-way-1098794383","layer":"land-cover","category":"agriculture","name":null,"referenceEra":"modern_reference","source":"OpenStreetMap contributors","license":"ODbL-1.0","sourceAreaDegrees":0.000014307},"geometry":{"type":"Polygon","coordinates":[[[118.36657,24.45047],[118.36693,24.450749],[118.367311,24.450251],[118.367584,24.450558],[118.369537,24.450729],[118.367965,24.449499],[118.368169,24.448283],[118.36929,24.44837],[118.36862,24.447071],[118.36759,24.446378],[118.367107,24.446774],[118.366538,24.446754],[118.366726,24.446344],[118.365825,24.446266],[118.365653,24.44671],[118.364613,24.446617],[118.364661,24.446285],[118.364242,24.446549],[118.36414,24.447467],[118.365621,24.448917],[118.365315,24.449464],[118.36657,24.45047]]]}},{"type":"Feature","properties":{"id":"osm-way-1098763034","layer":"land-cover","category":"agriculture","name":null,"referenceEra":"modern_reference","source":"OpenStreetMap contributors","license":"ODbL-1.0","sourceAreaDegrees":0.00001419},"geometry":{"type":"Polygon","coordinates":[[[118.338767,24.467634],[118.339123,24.467409],[118.339418,24.467754],[118.341041,24.46718],[118.339936,24.466687],[118.341106,24.465203],[118.341867,24.465823],[118.342334,24.465593],[118.342227,24.464504],[118.340446,24.462268],[118.340387,24.462854],[118.339657,24.462991],[118.339899,24.463723],[118.338305,24.465412],[118.337705,24.464582],[118.337383,24.464748],[118.336412,24.463694],[118.336084,24.463879],[118.335172,24.463186],[118.338767,24.467634]]]}},{"type":"Feature","properties":{"id":"osm-way-1098804667","layer":"land-cover","category":"agriculture","name":null,"referenceEra":"modern_reference","source":"OpenStreetMap contributors","license":"ODbL-1.0","sourceAreaDegrees":0.000013588},"geometry":{"type":"Polygon","coordinates":[[[118.395474,24.470964],[118.396356,24.470298],[118.396075,24.469963],[118.396643,24.469533],[118.396308,24.469175],[118.396614,24.468708],[118.395839,24.468886],[118.394538,24.468179],[118.394023,24.468479],[118.39247,24.467663],[118.390946,24.468918],[118.394004,24.472255],[118.394508,24.471674],[118.394044,24.471525],[118.395182,24.470632],[118.395474,24.470964]]]}},{"type":"Feature","properties":{"id":"osm-way-1098818644","layer":"land-cover","category":"agriculture","name":null,"referenceEra":"modern_reference","source":"OpenStreetMap contributors","license":"ODbL-1.0","sourceAreaDegrees":0.000013216},"geometry":{"type":"Polygon","coordinates":[[[118.320823,24.456252],[118.32247,24.454956],[118.325066,24.45633],[118.326466,24.457815],[118.324444,24.459182],[118.32343,24.459333],[118.321407,24.457092],[118.320823,24.456252]]]}},{"type":"Feature","properties":{"id":"osm-way-1098811213","layer":"land-cover","category":"agriculture","name":null,"referenceEra":"modern_reference","source":"OpenStreetMap contributors","license":"ODbL-1.0","sourceAreaDegrees":0.000013127},"geometry":{"type":"Polygon","coordinates":[[[118.427076,24.491796],[118.427907,24.49165],[118.428175,24.491938],[118.428798,24.491127],[118.429232,24.488267],[118.428386,24.488425],[118.427954,24.488063],[118.427046,24.48835],[118.426513,24.487954],[118.425005,24.488584],[118.425338,24.489233],[118.423803,24.489384],[118.425118,24.491127],[118.426255,24.48998],[118.426904,24.491615],[118.427076,24.491796]]]}},{"type":"Feature","properties":{"id":"osm-way-1098763044","layer":"land-cover","category":"agriculture","name":null,"referenceEra":"modern_reference","source":"OpenStreetMap contributors","license":"ODbL-1.0","sourceAreaDegrees":0.000013087},"geometry":{"type":"Polygon","coordinates":[[[118.317663,24.480812],[118.318462,24.481305],[118.31872,24.48107],[118.318301,24.480641],[118.320528,24.4784],[118.319128,24.47673],[118.316762,24.478668],[118.316478,24.478082],[118.315791,24.478331],[118.314745,24.477404],[118.314026,24.477912],[118.316934,24.48067],[118.317518,24.480685],[118.317663,24.480812]]]}},{"type":"Feature","properties":{"id":"osm-way-541120741","layer":"land-cover","category":"agriculture","name":null,"referenceEra":"modern_reference","source":"OpenStreetMap contributors","license":"ODbL-1.0","sourceAreaDegrees":0.000012748},"geometry":{"type":"Polygon","coordinates":[[[118.241797,24.547318],[118.245962,24.547345],[118.244614,24.544209],[118.241893,24.542406],[118.242237,24.544569],[118.241444,24.545939],[118.241797,24.547318]]]}},{"type":"Feature","properties":{"id":"osm-way-1331639950","layer":"land-cover","category":"agriculture","name":null,"referenceEra":"modern_reference","source":"OpenStreetMap contributors","license":"ODbL-1.0","sourceAreaDegrees":0.000012713},"geometry":{"type":"Polygon","coordinates":[[[118.324005,24.55858],[118.325898,24.558192],[118.326014,24.557282],[118.327108,24.556648],[118.32688,24.555801],[118.326341,24.555848],[118.326132,24.555038],[118.326856,24.554786],[118.327486,24.555067],[118.328157,24.554057],[118.328921,24.554943],[118.327395,24.555448],[118.327687,24.556575],[118.329246,24.55624],[118.330287,24.556682],[118.330257,24.557011],[118.329908,24.557004],[118.329887,24.556643],[118.329627,24.557041],[118.327049,24.557233],[118.326918,24.560258],[118.328063,24.560432],[118.328326,24.560985],[118.324308,24.561281],[118.324096,24.559439],[118.325778,24.560422],[118.326116,24.559168],[118.32474,24.558724],[118.324005,24.55858]]]}},{"type":"Feature","properties":{"id":"osm-way-1098804679","layer":"land-cover","category":"agriculture","name":null,"referenceEra":"modern_reference","source":"OpenStreetMap contributors","license":"ODbL-1.0","sourceAreaDegrees":0.000012676},"geometry":{"type":"Polygon","coordinates":[[[118.418485,24.480538],[118.422983,24.482245],[118.420362,24.48492],[118.419126,24.484283],[118.41893,24.483433],[118.417252,24.482447],[118.418047,24.480953],[118.418485,24.480538]]]}},{"type":"Feature","properties":{"id":"osm-way-538510124","layer":"land-cover","category":"agriculture","name":null,"referenceEra":"modern_reference","source":"OpenStreetMap contributors","license":"ODbL-1.0","sourceAreaDegrees":0.000012281},"geometry":{"type":"Polygon","coordinates":[[[118.106925,24.645739],[118.109337,24.646667],[118.108228,24.649249],[118.108753,24.649452],[118.108267,24.650531],[118.105465,24.649647],[118.105485,24.647631],[118.106925,24.645739]]]}},{"type":"Feature","properties":{"id":"osm-way-541120744","layer":"land-cover","category":"agriculture","name":null,"referenceEra":"modern_reference","source":"OpenStreetMap contributors","license":"ODbL-1.0","sourceAreaDegrees":0.000011846},"geometry":{"type":"Polygon","coordinates":[[[118.242461,24.559647],[118.242383,24.558926],[118.243932,24.556158],[118.246437,24.555868],[118.246239,24.559589],[118.242461,24.559647]]]}},{"type":"Feature","properties":{"id":"osm-way-1098795755","layer":"land-cover","category":"agriculture","name":null,"referenceEra":"modern_reference","source":"OpenStreetMap contributors","license":"ODbL-1.0","sourceAreaDegrees":0.000011536},"geometry":{"type":"Polygon","coordinates":[[[118.302262,24.418822],[118.303512,24.419633],[118.305733,24.417899],[118.305507,24.417714],[118.306505,24.416727],[118.306291,24.416209],[118.305143,24.415174],[118.304896,24.415423],[118.304306,24.415042],[118.302562,24.416141],[118.302868,24.417357],[118.302659,24.418168],[118.302262,24.418822]]]}},{"type":"Feature","properties":{"id":"osm-way-1551665906","layer":"land-cover","category":"agriculture","name":null,"referenceEra":"modern_reference","source":"OpenStreetMap contributors","license":"ODbL-1.0","sourceAreaDegrees":0.000011261},"geometry":{"type":"Polygon","coordinates":[[[117.981432,24.487422],[117.979866,24.486763],[117.978219,24.485213],[117.978691,24.4848],[117.978431,24.484354],[117.979351,24.485113],[117.97964,24.484727],[117.979418,24.484005],[117.978141,24.484009],[117.979485,24.483492],[117.982505,24.484034],[117.983065,24.486214],[117.982159,24.486451],[117.981563,24.48719],[117.981432,24.487422]]]}},{"type":"Feature","properties":{"id":"osm-way-1098817155","layer":"land-cover","category":"agriculture","name":null,"referenceEra":"modern_reference","source":"OpenStreetMap contributors","license":"ODbL-1.0","sourceAreaDegrees":0.000011183},"geometry":{"type":"Polygon","coordinates":[[[118.312954,24.47477],[118.313762,24.474859],[118.313946,24.473049],[118.315228,24.473176],[118.315608,24.468528],[118.313645,24.468318],[118.312994,24.473011],[118.313439,24.473052],[118.313372,24.473429],[118.312941,24.473392],[118.312949,24.474328],[118.312954,24.47477]]]}},{"type":"Feature","properties":{"id":"osm-way-1098818642","layer":"land-cover","category":"agriculture","name":null,"referenceEra":"modern_reference","source":"OpenStreetMap contributors","license":"ODbL-1.0","sourceAreaDegrees":0.000010725},"geometry":{"type":"Polygon","coordinates":[[[118.321681,24.454221],[118.322711,24.453425],[118.322271,24.451808],[118.321413,24.451608],[118.318521,24.448253],[118.318017,24.449376],[118.318688,24.450519],[118.318393,24.450754],[118.321681,24.454221]]]}},{"type":"Feature","properties":{"id":"osm-way-541120735","layer":"land-cover","category":"agriculture","name":null,"referenceEra":"modern_reference","source":"OpenStreetMap contributors","license":"ODbL-1.0","sourceAreaDegrees":0.000010521},"geometry":{"type":"Polygon","coordinates":[[[118.224035,24.55137],[118.221816,24.548126],[118.22381,24.546804],[118.226531,24.550288],[118.224035,24.55137]]]}},{"type":"Feature","properties":{"id":"osm-way-1098798652","layer":"land-cover","category":"agriculture","name":null,"referenceEra":"modern_reference","source":"OpenStreetMap contributors","license":"ODbL-1.0","sourceAreaDegrees":0.000010421},"geometry":{"type":"Polygon","coordinates":[[[118.34493,24.451164],[118.347784,24.451652],[118.347994,24.452126],[118.349276,24.452389],[118.349324,24.45194],[118.349737,24.452038],[118.350048,24.452453],[118.349748,24.452624],[118.34993,24.453268],[118.350831,24.454392],[118.350595,24.454897],[118.349528,24.455564],[118.349265,24.455261],[118.348766,24.456096],[118.348305,24.45572],[118.348557,24.455188],[118.34721,24.452394],[118.345054,24.451979],[118.344829,24.451256],[118.34493,24.451164]]]}},{"type":"Feature","properties":{"id":"osm-way-1370818315","layer":"land-cover","category":"agriculture","name":null,"referenceEra":"modern_reference","source":"OpenStreetMap contributors","license":"ODbL-1.0","sourceAreaDegrees":0.000010255},"geometry":{"type":"Polygon","coordinates":[[[118.001971,24.340119],[118.002959,24.339525],[118.002983,24.339122],[118.004135,24.339164],[118.006271,24.339966],[118.008239,24.341612],[118.007781,24.342454],[118.0065,24.342699],[118.005836,24.343309],[118.00534,24.341188],[118.001969,24.340069],[118.001971,24.340119]]]}},{"type":"Feature","properties":{"id":"osm-way-1098797637","layer":"land-cover","category":"agriculture","name":null,"referenceEra":"modern_reference","source":"OpenStreetMap contributors","license":"ODbL-1.0","sourceAreaDegrees":0.00001024},"geometry":{"type":"Polygon","coordinates":[[[118.333547,24.421599],[118.335781,24.420461],[118.338504,24.422828],[118.336685,24.424454],[118.334888,24.424059],[118.335156,24.423209],[118.335677,24.423018],[118.334196,24.422237],[118.333547,24.421599]]]}},{"type":"Feature","properties":{"id":"osm-way-1098817152","layer":"land-cover","category":"agriculture","name":null,"referenceEra":"modern_reference","source":"OpenStreetMap contributors","license":"ODbL-1.0","sourceAreaDegrees":0.00001002},"geometry":{"type":"Polygon","coordinates":[[[118.319232,24.4631],[118.320745,24.464206],[118.320903,24.463916],[118.321303,24.464138],[118.321528,24.464829],[118.322513,24.464504],[118.323127,24.462895],[118.320935,24.459973],[118.320179,24.461355],[118.319232,24.4631]]]}},{"type":"Feature","properties":{"id":"osm-way-1098817149","layer":"land-cover","category":"agriculture","name":null,"referenceEra":"modern_reference","source":"OpenStreetMap contributors","license":"ODbL-1.0","sourceAreaDegrees":0.000010005},"geometry":{"type":"Polygon","coordinates":[[[118.309364,24.460427],[118.311145,24.459553],[118.312406,24.462224],[118.31239,24.462976],[118.311601,24.464421],[118.309858,24.463113],[118.308613,24.460925],[118.309364,24.460427]]]}},{"type":"Feature","properties":{"id":"osm-way-1551665911","layer":"land-cover","category":"agriculture","name":null,"referenceEra":"modern_reference","source":"OpenStreetMap contributors","license":"ODbL-1.0","sourceAreaDegrees":0.000009971},"geometry":{"type":"Polygon","coordinates":[[[117.973447,24.482984],[117.976911,24.484091],[117.976671,24.484849],[117.976011,24.484993],[117.976669,24.485162],[117.976449,24.486042],[117.976931,24.486543],[117.976312,24.487893],[117.975933,24.487515],[117.97595,24.488242],[117.97463,24.487324],[117.974748,24.487017],[117.974045,24.486399],[117.974796,24.486065],[117.974088,24.484615],[117.974338,24.484217],[117.973828,24.48418],[117.973528,24.483289],[117.973447,24.482984]]]}},{"type":"Feature","properties":{"id":"osm-way-1098805252","layer":"land-cover","category":"agriculture","name":null,"referenceEra":"modern_reference","source":"OpenStreetMap contributors","license":"ODbL-1.0","sourceAreaDegrees":0.000009876},"geometry":{"type":"Polygon","coordinates":[[[118.403046,24.488308],[118.403915,24.487781],[118.404797,24.48872],[118.405586,24.488193],[118.405927,24.488581],[118.406884,24.488149],[118.40693,24.487603],[118.405028,24.48523],[118.401066,24.487625],[118.401367,24.487961],[118.402196,24.487388],[118.403046,24.488308]]]}},{"type":"Feature","properties":{"id":"osm-way-1098797639","layer":"land-cover","category":"agriculture","name":null,"referenceEra":"modern_reference","source":"OpenStreetMap contributors","license":"ODbL-1.0","sourceAreaDegrees":0.000009826},"geometry":{"type":"Polygon","coordinates":[[[118.329899,24.414363],[118.331138,24.412907],[118.332946,24.413991],[118.33469,24.416776],[118.333762,24.416639],[118.333815,24.41704],[118.334566,24.417445],[118.334008,24.418065],[118.333322,24.416595],[118.332812,24.41661],[118.333139,24.417357],[118.329899,24.414363]]]}},{"type":"Feature","properties":{"id":"osm-way-1098804683","layer":"land-cover","category":"agriculture","name":null,"referenceEra":"modern_reference","source":"OpenStreetMap contributors","license":"ODbL-1.0","sourceAreaDegrees":0.00000971},"geometry":{"type":"Polygon","coordinates":[[[118.4164,24.478912],[118.417425,24.47944],[118.417672,24.479118],[118.418788,24.479923],[118.421006,24.477697],[118.417565,24.47644],[118.41731,24.47703],[118.416462,24.476554],[118.416312,24.476784],[118.4164,24.478912]]]}},{"type":"Feature","properties":{"id":"osm-way-1098815895","layer":"land-cover","category":"agriculture","name":null,"referenceEra":"modern_reference","source":"OpenStreetMap contributors","license":"ODbL-1.0","sourceAreaDegrees":0.000009705},"geometry":{"type":"Polygon","coordinates":[[[118.449169,24.45705],[118.45098,24.455769],[118.451309,24.456277],[118.451538,24.45581],[118.453072,24.457292],[118.452117,24.457605],[118.453056,24.458034],[118.452771,24.458215],[118.452884,24.459407],[118.451618,24.460183],[118.449169,24.45705]]]}},{"type":"Feature","properties":{"id":"osm-way-1098817153","layer":"land-cover","category":"agriculture","name":null,"referenceEra":"modern_reference","source":"OpenStreetMap contributors","license":"ODbL-1.0","sourceAreaDegrees":0.000009683},"geometry":{"type":"Polygon","coordinates":[[[118.319138,24.46301],[118.320849,24.459919],[118.319519,24.458811],[118.31917,24.457917],[118.31695,24.461487],[118.319138,24.46301]]]}},{"type":"Feature","properties":{"id":"osm-way-1098797645","layer":"land-cover","category":"agriculture","name":null,"referenceEra":"modern_reference","source":"OpenStreetMap contributors","license":"ODbL-1.0","sourceAreaDegrees":0.000009667},"geometry":{"type":"Polygon","coordinates":[[[118.32424,24.413058],[118.326128,24.413254],[118.326799,24.407485],[118.324631,24.409199],[118.32424,24.413058]]]}},{"type":"Feature","properties":{"id":"osm-way-1098805255","layer":"land-cover","category":"agriculture","name":null,"referenceEra":"modern_reference","source":"OpenStreetMap contributors","license":"ODbL-1.0","sourceAreaDegrees":0.0000093},"geometry":{"type":"Polygon","coordinates":[[[118.3913,24.487149],[118.392038,24.487481],[118.392604,24.487151],[118.392816,24.487385],[118.3924,24.487673],[118.393165,24.488142],[118.393071,24.487666],[118.394321,24.488847],[118.396214,24.487483],[118.395528,24.486585],[118.396244,24.486099],[118.395925,24.484625],[118.39368,24.486177],[118.391939,24.486883],[118.3913,24.487149]]]}},{"type":"Feature","properties":{"id":"osm-way-1098797644","layer":"land-cover","category":"agriculture","name":null,"referenceEra":"modern_reference","source":"OpenStreetMap contributors","license":"ODbL-1.0","sourceAreaDegrees":0.000009234},"geometry":{"type":"Polygon","coordinates":[[[118.326514,24.41213],[118.32814,24.412238],[118.327711,24.411002],[118.328703,24.411046],[118.329068,24.407695],[118.326901,24.407475],[118.326396,24.412001],[118.326514,24.41213]]]}},{"type":"Feature","properties":{"id":"osm-way-1098805257","layer":"land-cover","category":"agriculture","name":null,"referenceEra":"modern_reference","source":"OpenStreetMap contributors","license":"ODbL-1.0","sourceAreaDegrees":0.000008997},"geometry":{"type":"Polygon","coordinates":[[[118.382661,24.481712],[118.383144,24.482716],[118.386303,24.482845],[118.387596,24.481381],[118.386835,24.480629],[118.386344,24.480951],[118.385815,24.479909],[118.383023,24.481361],[118.382661,24.481712]]]}},{"type":"Feature","properties":{"id":"osm-way-1098818643","layer":"land-cover","category":"agriculture","name":null,"referenceEra":"modern_reference","source":"OpenStreetMap contributors","license":"ODbL-1.0","sourceAreaDegrees":0.000008894},"geometry":{"type":"Polygon","coordinates":[[[118.320791,24.456164],[118.32225,24.455036],[118.31813,24.45068],[118.317304,24.450719],[118.31696,24.451442],[118.317915,24.452585],[118.317121,24.453762],[118.3185,24.454172],[118.319771,24.453171],[118.320909,24.454631],[118.320453,24.454953],[118.320839,24.455471],[118.320597,24.455866],[118.320791,24.456164]]]}},{"type":"Feature","properties":{"id":"osm-way-1098804684","layer":"land-cover","category":"agriculture","name":null,"referenceEra":"modern_reference","source":"OpenStreetMap contributors","license":"ODbL-1.0","sourceAreaDegrees":0.00000871},"geometry":{"type":"Polygon","coordinates":[[[118.419406,24.475149],[118.421609,24.475744],[118.421279,24.476527],[118.421765,24.47693],[118.422167,24.475951],[118.425314,24.476371],[118.425273,24.477018],[118.423881,24.477072],[118.423007,24.477975],[118.422371,24.477987],[118.419019,24.476739],[118.419341,24.475416],[118.419406,24.475149]]]}},{"type":"Feature","properties":{"id":"osm-way-975333924","layer":"land-cover","category":"agriculture","name":null,"referenceEra":"modern_reference","source":"OpenStreetMap contributors","license":"ODbL-1.0","sourceAreaDegrees":0.000008702},"geometry":{"type":"Polygon","coordinates":[[[118.407645,24.511642],[118.408465,24.51235],[118.408551,24.513072],[118.408943,24.512755],[118.409345,24.513136],[118.409002,24.513365],[118.409238,24.513668],[118.409619,24.513428],[118.409957,24.513717],[118.410633,24.513077],[118.411459,24.513843],[118.411008,24.51438],[118.411448,24.514859],[118.412016,24.514507],[118.41222,24.514717],[118.41259,24.511857],[118.407875,24.511403],[118.407645,24.511642]]]}},{"type":"Feature","properties":{"id":"osm-way-1098815884","layer":"land-cover","category":"agriculture","name":null,"referenceEra":"modern_reference","source":"OpenStreetMap contributors","license":"ODbL-1.0","sourceAreaDegrees":0.000008652},"geometry":{"type":"Polygon","coordinates":[[[118.449826,24.427206],[118.44984,24.42559],[118.450191,24.425407],[118.4505,24.425761],[118.450202,24.426054],[118.450829,24.426452],[118.451237,24.425548],[118.451629,24.425851],[118.451865,24.42525],[118.452219,24.42568],[118.452423,24.424991],[118.452718,24.425284],[118.453168,24.424938],[118.453431,24.425309],[118.453002,24.425763],[118.453426,24.426198],[118.454123,24.425626],[118.455137,24.427634],[118.450883,24.427292],[118.449826,24.427206]]]}},{"type":"Feature","properties":{"id":"osm-way-1098811212","layer":"land-cover","category":"agriculture","name":null,"referenceEra":"modern_reference","source":"OpenStreetMap contributors","license":"ODbL-1.0","sourceAreaDegrees":0.000008589},"geometry":{"type":"Polygon","coordinates":[[[118.42445,24.488681],[118.426089,24.48833],[118.427027,24.487671],[118.426271,24.486841],[118.426502,24.486719],[118.425933,24.485494],[118.42611,24.48459],[118.425483,24.484327],[118.424597,24.485728],[118.423943,24.485962],[118.423449,24.487144],[118.424163,24.48833],[118.42445,24.488681]]]}},{"type":"Feature","properties":{"id":"osm-way-1369810361","layer":"land-cover","category":"agriculture","name":null,"referenceEra":"modern_reference","source":"OpenStreetMap contributors","license":"ODbL-1.0","sourceAreaDegrees":0.000008514},"geometry":{"type":"Polygon","coordinates":[[[117.95712,24.404188],[117.958924,24.406015],[117.959181,24.407021],[117.959787,24.406861],[117.959886,24.408046],[117.958941,24.407591],[117.958835,24.407933],[117.960426,24.408601],[117.960864,24.409313],[117.960619,24.409133],[117.960208,24.409537],[117.960203,24.409133],[117.959374,24.408625],[117.958382,24.408844],[117.957394,24.407998],[117.957064,24.407345],[117.957069,24.405298],[117.95712,24.404188]]]}},{"type":"Feature","properties":{"id":"osm-way-1098815898","layer":"land-cover","category":"agriculture","name":null,"referenceEra":"modern_reference","source":"OpenStreetMap contributors","license":"ODbL-1.0","sourceAreaDegrees":0.00000847},"geometry":{"type":"Polygon","coordinates":[[[118.449719,24.463127],[118.45224,24.461487],[118.449086,24.457273],[118.448045,24.457951],[118.450191,24.460379],[118.449231,24.462263],[118.449483,24.462927],[118.449719,24.463127]]]}},{"type":"Feature","properties":{"id":"osm-way-1098815893","layer":"land-cover","category":"agriculture","name":null,"referenceEra":"modern_reference","source":"OpenStreetMap contributors","license":"ODbL-1.0","sourceAreaDegrees":0.000008423},"geometry":{"type":"Polygon","coordinates":[[[118.445454,24.446791],[118.446506,24.446019],[118.442917,24.442444],[118.441501,24.443467],[118.443504,24.445457],[118.445454,24.446791]]]}},{"type":"Feature","properties":{"id":"osm-way-1098797641","layer":"land-cover","category":"agriculture","name":null,"referenceEra":"modern_reference","source":"OpenStreetMap contributors","license":"ODbL-1.0","sourceAreaDegrees":0.000008189},"geometry":{"type":"Polygon","coordinates":[[[118.3188,24.412345],[118.31924,24.412003],[118.318983,24.411451],[118.319358,24.411173],[118.321129,24.411793],[118.322051,24.41087],[118.321193,24.410157],[118.320855,24.410342],[118.3199,24.409199],[118.319133,24.409234],[118.317878,24.409927],[118.317695,24.410465],[118.31688,24.410562],[118.317223,24.411222],[118.318564,24.411769],[118.3188,24.412345]]]}},{"type":"Feature","properties":{"id":"osm-way-1370822912","layer":"land-cover","category":"agriculture","name":null,"referenceEra":"modern_reference","source":"OpenStreetMap contributors","license":"ODbL-1.0","sourceAreaDegrees":0.000008078},"geometry":{"type":"Polygon","coordinates":[[[117.993114,24.340822],[117.993589,24.341334],[117.993712,24.340566],[117.99399,24.340647],[117.99448,24.339835],[117.993606,24.337557],[117.993126,24.337423],[117.993505,24.337266],[117.993248,24.336629],[117.992632,24.337299],[117.991716,24.337553],[117.991634,24.337133],[117.989865,24.337038],[117.990612,24.337791],[117.990617,24.337222],[117.991222,24.337581],[117.990919,24.337564],[117.990912,24.338067],[117.992089,24.338838],[117.992638,24.339757],[117.992547,24.340361],[117.993101,24.340366],[117.99308,24.340709],[117.993114,24.340822]]]}},{"type":"Feature","properties":{"id":"osm-way-993194004","layer":"vegetation","category":"forest","name":null,"referenceEra":"modern_reference","source":"OpenStreetMap contributors","license":"ODbL-1.0","sourceAreaDegrees":0.00119992},"geometry":{"type":"Polygon","coordinates":[[[118.042324,24.6616],[118.042991,24.661546],[118.042241,24.660327],[118.042547,24.659778],[118.041833,24.659225],[118.041055,24.659494],[118.039984,24.661312],[118.039197,24.661251],[118.038996,24.65963],[118.038402,24.660764],[118.037699,24.661053],[118.037389,24.660011],[118.037799,24.659167],[118.040051,24.656474],[118.039917,24.655987],[118.03733,24.654762],[118.035815,24.65296],[118.035899,24.652594],[118.037774,24.651507],[118.040749,24.651027],[118.04117,24.65049],[118.041032,24.649171],[118.039498,24.647178],[118.039716,24.646349],[118.040603,24.646243],[118.041297,24.646699],[118.043214,24.646996],[118.045089,24.649628],[118.045214,24.648738],[118.049148,24.647665],[118.049701,24.648297],[118.049985,24.650396],[118.051918,24.651028],[118.052581,24.651719],[118.05294,24.651132],[118.05083,24.649879],[118.051291,24.648609],[118.051717,24.648958],[118.05666,24.649269],[118.056689,24.648426],[118.056103,24.64781],[118.057007,24.647886],[118.055768,24.646228],[118.052847,24.644858],[118.053358,24.643489],[118.051877,24.641831],[118.052161,24.641047],[118.054521,24.643778],[118.055542,24.643459],[118.057208,24.644402],[118.056873,24.646106],[118.059828,24.647171],[118.061083,24.647353],[118.061368,24.647026],[118.06161,24.647673],[118.060966,24.649194],[118.061476,24.649605],[118.061552,24.651142],[118.061083,24.651849],[118.061167,24.652511],[118.061284,24.652983],[118.062338,24.65264],[118.062924,24.653325],[118.062271,24.654451],[118.059945,24.65569],[118.06033,24.656192],[118.063452,24.656132],[118.065561,24.657037],[118.064675,24.655581],[118.066146,24.654864],[118.067159,24.655576],[118.07092,24.652613],[118.071562,24.652747],[118.072658,24.652275],[118.073796,24.65137],[118.074859,24.651461],[118.07537,24.651636],[118.075989,24.652922],[118.075649,24.655863],[118.076817,24.655932],[118.077133,24.65638],[118.076707,24.656873],[118.077431,24.656591],[118.077081,24.657453],[118.075953,24.658353],[118.076622,24.658716],[118.076527,24.659074],[118.075045,24.6585],[118.075143,24.659123],[118.074644,24.659381],[118.075969,24.659474],[118.076261,24.659886],[118.078349,24.660604],[118.078914,24.661356],[118.080596,24.659926],[118.081192,24.658376],[118.081138,24.656899],[118.079008,24.656765],[118.077714,24.656051],[118.077715,24.655571],[118.078373,24.65527],[118.078248,24.654727],[118.077019,24.654765],[118.076997,24.65372],[118.076176,24.653212],[118.076471,24.652043],[118.076063,24.650463],[118.076546,24.649781],[118.079217,24.649742],[118.079829,24.650102],[118.081749,24.649771],[118.087254,24.65092],[118.08796,24.650404],[118.089107,24.65135],[118.089957,24.65333],[118.091384,24.654588],[118.091673,24.65528],[118.090613,24.657285],[118.091641,24.657318],[118.091985,24.657776],[118.091759,24.6588],[118.092768,24.660721],[118.092865,24.661998],[118.094452,24.662378],[118.094109,24.662963],[118.094302,24.663363],[118.094785,24.663002],[118.095354,24.664163],[118.095075,24.664718],[118.094195,24.665138],[118.09,24.663646],[118.088487,24.663509],[118.087822,24.662915],[118.088541,24.66193],[118.089185,24.659814],[118.086084,24.656128],[118.086921,24.65491],[118.086577,24.654178],[118.086041,24.6541],[118.083509,24.656284],[118.083348,24.656811],[118.085247,24.657065],[118.08529,24.65765],[118.083938,24.658868],[118.085193,24.660019],[118.085537,24.661316],[118.086921,24.663685],[118.08868,24.664153],[118.088358,24.665079],[118.089463,24.664631],[118.095504,24.66581],[118.09545,24.666386],[118.093058,24.666512],[118.090708,24.665654],[118.090708,24.666512],[118.090365,24.666805],[118.089378,24.666532],[118.089195,24.66777],[118.086674,24.668677],[118.086138,24.668414],[118.085,24.668794],[118.083734,24.668628],[118.082994,24.668024],[118.083584,24.669116],[118.084303,24.669262],[118.08794,24.669203],[118.090976,24.668345],[118.092189,24.668443],[118.091954,24.670961],[118.090697,24.671085],[118.089335,24.672167],[118.089571,24.673386],[118.088659,24.674039],[118.087875,24.676554],[118.086867,24.677042],[118.084689,24.67713],[118.083756,24.677568],[118.082758,24.678767],[118.081535,24.678748],[118.079722,24.679733],[118.078713,24.679625],[118.076879,24.67829],[118.072351,24.676662],[118.069036,24.67711],[118.067877,24.676301],[118.067705,24.675326],[118.065248,24.67593],[118.062716,24.674254],[118.062395,24.672674],[118.061279,24.672947],[118.060817,24.673678],[118.059337,24.674449],[118.056955,24.673581],[118.054128,24.671554],[118.053531,24.672158],[118.053385,24.672591],[118.053758,24.672742],[118.053254,24.673454],[118.051773,24.673171],[118.050432,24.673766],[118.049026,24.673581],[118.046452,24.671689],[118.047127,24.670256],[118.044715,24.668595],[118.04507,24.668176],[118.044813,24.666752],[118.044394,24.666353],[118.043536,24.666626],[118.042699,24.665641],[118.041648,24.666099],[118.040049,24.664705],[118.04035,24.663915],[118.042195,24.663496],[118.042366,24.662472],[118.042324,24.6616]]]}},{"type":"Feature","properties":{"id":"osm-way-1084506636","layer":"vegetation","category":"forest","name":null,"referenceEra":"modern_reference","source":"OpenStreetMap contributors","license":"ODbL-1.0","sourceAreaDegrees":0.000752116},"geometry":{"type":"Polygon","coordinates":[[[118.0171,24.312882],[118.018559,24.314155],[118.018893,24.317061],[118.020498,24.318239],[118.020144,24.319492],[118.020665,24.320024],[118.024104,24.320309],[118.02623,24.321126],[118.028711,24.322798],[118.030337,24.327129],[118.030525,24.328971],[118.034798,24.330224],[118.034694,24.330889],[118.037049,24.331649],[118.038071,24.330965],[118.040635,24.331934],[118.041093,24.331117],[118.042969,24.331801],[118.042636,24.333264],[118.043386,24.335106],[118.045512,24.337784],[118.047576,24.339683],[118.055217,24.341713],[118.055102,24.342204],[118.05566,24.341952],[118.055342,24.341269],[118.056558,24.341896],[118.056775,24.342223],[118.056379,24.342543],[118.056967,24.342474],[118.056909,24.342793],[118.06246,24.342703],[118.061584,24.338221],[118.059818,24.334612],[118.058061,24.332884],[118.057019,24.329864],[118.057712,24.329039],[118.057892,24.327851],[118.059108,24.327537],[118.059148,24.32607],[118.05881,24.325872],[118.058236,24.326289],[118.057728,24.32578],[118.057123,24.324621],[118.056956,24.322057],[118.053439,24.32155],[118.052739,24.319735],[118.053636,24.319506],[118.054498,24.318328],[118.054713,24.317363],[118.052901,24.318181],[118.051519,24.317854],[118.050729,24.315384],[118.048916,24.314992],[118.047588,24.312915],[118.044864,24.313581],[118.043142,24.313138],[118.040787,24.309833],[118.03595,24.309016],[118.034989,24.313147],[118.031842,24.315769],[118.029299,24.315427],[118.027339,24.313204],[118.023316,24.314762],[118.023212,24.31178],[118.027339,24.310545],[118.025505,24.308588],[118.02219,24.309253],[118.015682,24.305424],[118.013451,24.306393],[118.013347,24.308445],[118.0171,24.312882]]]}},{"type":"Feature","properties":{"id":"osm-way-1250002011","layer":"vegetation","category":"forest","name":null,"referenceEra":"modern_reference","source":"OpenStreetMap contributors","license":"ODbL-1.0","sourceAreaDegrees":0.000683485},"geometry":{"type":"Polygon","coordinates":[[[117.95,24.519469],[117.950236,24.519193],[117.951806,24.519488],[117.953554,24.520165],[117.954266,24.520784],[117.954088,24.522374],[117.957066,24.522963],[117.95993,24.521888],[117.96498,24.517294],[117.966016,24.515718],[117.967149,24.515983],[117.968411,24.514143],[117.967958,24.513038],[117.966615,24.512376],[117.965223,24.512626],[117.963507,24.513833],[117.961743,24.514467],[117.961306,24.513701],[117.962374,24.512891],[117.961694,24.512302],[117.96239,24.511153],[117.966874,24.509843],[117.967537,24.508444],[117.968395,24.507663],[117.97092,24.50756],[117.971518,24.510918],[117.973088,24.511595],[117.973995,24.511242],[117.976034,24.511845],[117.976762,24.511698],[117.977701,24.513127],[117.978478,24.512847],[117.98029,24.51055],[117.980161,24.508473],[117.978575,24.508591],[117.978494,24.508282],[117.976212,24.507752],[117.976066,24.506426],[117.976908,24.505587],[117.978704,24.506073],[117.978818,24.505425],[117.979675,24.505307],[117.979724,24.504689],[117.982605,24.502318],[117.983738,24.499932],[117.984644,24.499048],[117.983641,24.498459],[117.98398,24.498076],[117.983722,24.495027],[117.982896,24.494674],[117.979384,24.49703],[117.979546,24.498754],[117.978996,24.49949],[117.977329,24.50005],[117.976341,24.499829],[117.975338,24.498489],[117.974707,24.498223],[117.973946,24.498474],[117.973849,24.499814],[117.973363,24.500285],[117.972068,24.499605],[117.971604,24.501066],[117.970325,24.501728],[117.96939,24.503178],[117.968421,24.502243],[117.968769,24.501845],[117.96786,24.500566],[117.968139,24.500063],[117.967624,24.499834],[117.967513,24.497914],[117.96639,24.497743],[117.966255,24.496902],[117.967852,24.495799],[117.9697,24.495746],[117.971047,24.495046],[117.971933,24.491911],[117.970439,24.489776],[117.969804,24.489599],[117.967647,24.490297],[117.96688,24.490107],[117.964934,24.491125],[117.964689,24.490854],[117.96505,24.490599],[117.967819,24.489301],[117.967824,24.488174],[117.966357,24.487736],[117.96598,24.488611],[117.964824,24.488861],[117.964275,24.486861],[117.96202,24.48459],[117.959216,24.487465],[117.958358,24.489819],[117.957726,24.489848],[117.954934,24.492012],[117.954898,24.494244],[117.95353,24.493997],[117.953243,24.494682],[117.95,24.495543],[117.95,24.519469]]]}},{"type":"Feature","properties":{"id":"osm-way-1084506639","layer":"vegetation","category":"forest","name":null,"referenceEra":"modern_reference","source":"OpenStreetMap contributors","license":"ODbL-1.0","sourceAreaDegrees":0.000637212},"geometry":{"type":"Polygon","coordinates":[[[117.95,24.336394],[117.952255,24.335584],[117.953457,24.334701],[117.955019,24.33457],[117.955575,24.333687],[117.959003,24.333033],[117.95999,24.331038],[117.962162,24.328699],[117.962987,24.328895],[117.963203,24.327015],[117.963705,24.32672],[117.965105,24.327375],[117.966289,24.326312],[117.967743,24.326606],[117.969825,24.32605],[117.970812,24.326541],[117.971494,24.324644],[117.97293,24.324496],[117.973809,24.325935],[117.975873,24.325527],[117.975981,24.324693],[117.979839,24.32224],[117.981239,24.324022],[117.98292,24.32199],[117.981993,24.32134],[117.980037,24.321406],[117.980712,24.319522],[117.981991,24.319179],[117.98006,24.318149],[117.980396,24.317399],[117.9828,24.317611],[117.982855,24.31711],[117.981248,24.314561],[117.979487,24.312885],[117.977046,24.311773],[117.972934,24.31074],[117.97098,24.309647],[117.969729,24.310605],[117.96772,24.30907],[117.966484,24.310929],[117.961957,24.310901],[117.961092,24.309788],[117.962142,24.307775],[117.960551,24.304916],[117.958094,24.304761],[117.957893,24.303466],[117.956116,24.30317],[117.953984,24.30224],[117.951019,24.303762],[117.950915,24.300628],[117.95,24.300387],[117.95,24.336394]]]}},{"type":"Feature","properties":{"id":"osm-way-1029259697","layer":"vegetation","category":"forest","name":null,"referenceEra":"modern_reference","source":"OpenStreetMap contributors","license":"ODbL-1.0","sourceAreaDegrees":0.000426418},"geometry":{"type":"Polygon","coordinates":[[[118.391075,24.673694],[118.391075,24.672446],[118.39159,24.671978],[118.391418,24.671354],[118.389873,24.671042],[118.389873,24.67073],[118.391247,24.67073],[118.39159,24.670262],[118.39056,24.669483],[118.390388,24.668235],[118.38953,24.667922],[118.38953,24.66761],[118.390388,24.667766],[118.390388,24.666518],[118.391418,24.666518],[118.391418,24.665739],[118.390732,24.665427],[118.391075,24.664335],[118.390732,24.664179],[118.390217,24.662463],[118.389702,24.662775],[118.388328,24.662619],[118.387985,24.663711],[118.38747,24.663711],[118.387298,24.664335],[118.386955,24.664335],[118.387127,24.663399],[118.38644,24.662931],[118.38644,24.66215],[118.384895,24.66215],[118.384037,24.661371],[118.383007,24.661839],[118.381977,24.661527],[118.381977,24.661994],[118.382664,24.662619],[118.384895,24.662931],[118.385067,24.663399],[118.38438,24.663243],[118.38438,24.663711],[118.384895,24.664023],[118.384895,24.664647],[118.384552,24.664647],[118.383865,24.662931],[118.38232,24.662931],[118.380947,24.660746],[118.380089,24.661527],[118.38026,24.663087],[118.379745,24.663243],[118.379745,24.661839],[118.377685,24.660279],[118.378715,24.658874],[118.377685,24.65591],[118.378029,24.65591],[118.378372,24.65669],[118.379059,24.65669],[118.379917,24.65513],[118.3782,24.652166],[118.37717,24.652478],[118.37717,24.653414],[118.376827,24.65357],[118.373909,24.654038],[118.372879,24.65513],[118.373051,24.655754],[118.373737,24.655754],[118.373222,24.656222],[118.372535,24.65591],[118.372535,24.65513],[118.371677,24.654506],[118.371334,24.654974],[118.369446,24.654974],[118.369446,24.653414],[118.365326,24.65357],[118.366012,24.654506],[118.366012,24.655286],[118.364982,24.655598],[118.364982,24.656534],[118.364639,24.65669],[118.366012,24.657938],[118.366012,24.65747],[118.367386,24.65747],[118.367386,24.657782],[118.366356,24.657782],[118.366356,24.65903],[118.365326,24.659186],[118.365326,24.659966],[118.364639,24.661058],[118.364124,24.661214],[118.364296,24.660435],[118.363781,24.660435],[118.363438,24.661214],[118.363094,24.661214],[118.363266,24.65981],[118.364124,24.660122],[118.363438,24.657314],[118.364639,24.656222],[118.364639,24.655442],[118.364124,24.655442],[118.363952,24.654506],[118.362579,24.654506],[118.362579,24.654194],[118.363952,24.654194],[118.364811,24.65357],[118.364296,24.653102],[118.364296,24.652166],[118.364811,24.65201],[118.364982,24.650762],[118.365497,24.650762],[118.365154,24.652166],[118.364639,24.652478],[118.365154,24.653258],[118.365669,24.652946],[118.369789,24.653102],[118.370476,24.652322],[118.371162,24.652478],[118.371677,24.65201],[118.371334,24.650294],[118.372021,24.650138],[118.372535,24.650606],[118.372879,24.65045],[118.372707,24.649826],[118.3709,24.649054],[118.370495,24.649652],[118.369497,24.648732],[118.368102,24.649428],[118.367783,24.64923],[118.368072,24.648422],[118.366527,24.647953],[118.366527,24.647329],[118.365841,24.647017],[118.364296,24.647797],[118.362751,24.647017],[118.362751,24.647485],[118.362236,24.647797],[118.362579,24.648733],[118.361378,24.648577],[118.360519,24.649046],[118.360863,24.651074],[118.360176,24.650294],[118.360176,24.64889],[118.360863,24.648266],[118.361892,24.648266],[118.362408,24.646861],[118.360519,24.646861],[118.359489,24.647329],[118.358459,24.648422],[118.358631,24.649202],[118.358116,24.64889],[118.356743,24.650138],[118.357086,24.650762],[118.356228,24.651074],[118.356914,24.651074],[118.357258,24.651698],[118.356571,24.651698],[118.356056,24.652946],[118.357086,24.653258],[118.357086,24.654662],[118.355369,24.654506],[118.354683,24.655286],[118.355026,24.656066],[118.354168,24.655442],[118.353138,24.656846],[118.353138,24.657626],[118.354339,24.657626],[118.354339,24.657938],[118.353138,24.658094],[118.353653,24.659966],[118.353309,24.660435],[118.354168,24.661214],[118.355198,24.660902],[118.355369,24.661527],[118.356056,24.661527],[118.357086,24.660591],[118.357944,24.66215],[118.358631,24.662619],[118.360176,24.661839],[118.360176,24.660746],[118.360863,24.660279],[118.360519,24.661683],[118.363609,24.665271],[118.363609,24.666207],[118.364296,24.666674],[118.366012,24.666674],[118.366012,24.665739],[118.367042,24.665115],[118.366184,24.663867],[118.365562,24.661514],[118.366184,24.661054],[118.366687,24.661587],[118.366383,24.662086],[118.367853,24.663863],[118.369102,24.663399],[118.368587,24.663087],[118.368587,24.662463],[118.369446,24.663243],[118.371171,24.662662],[118.372167,24.6629],[118.372535,24.662306],[118.373394,24.662306],[118.373565,24.661839],[118.375111,24.661683],[118.375454,24.660279],[118.374767,24.65981],[118.374595,24.65903],[118.372879,24.659343],[118.372192,24.660122],[118.371677,24.660122],[118.373565,24.658874],[118.373394,24.65825],[118.372192,24.65825],[118.371849,24.658718],[118.370991,24.658562],[118.372192,24.657938],[118.374767,24.657782],[118.375111,24.659654],[118.376312,24.660122],[118.375454,24.661683],[118.376655,24.663555],[118.37627,24.667139],[118.376468,24.667813],[118.37733,24.668558],[118.376542,24.669425],[118.376312,24.671354],[118.376981,24.672038],[118.377641,24.671916],[118.379557,24.674483],[118.379574,24.675566],[118.38026,24.676034],[118.380947,24.676034],[118.38129,24.675566],[118.382835,24.675566],[118.382835,24.676034],[118.383865,24.676814],[118.385067,24.676658],[118.385754,24.67697],[118.386612,24.67619],[118.386268,24.675722],[118.387127,24.67541],[118.386612,24.674006],[118.387298,24.674006],[118.38747,24.672446],[118.385067,24.672602],[118.385067,24.673538],[118.384552,24.673382],[118.384552,24.672134],[118.384037,24.671978],[118.38438,24.67073],[118.382835,24.67073],[118.382664,24.669794],[118.381634,24.669327],[118.381805,24.667766],[118.383007,24.66761],[118.383007,24.667299],[118.383865,24.667455],[118.384208,24.66683],[118.383522,24.666207],[118.383522,24.665427],[118.384037,24.665115],[118.385754,24.665427],[118.386612,24.667299],[118.387298,24.66761],[118.387813,24.667143],[118.387298,24.668858],[118.387813,24.670262],[118.387813,24.672134],[118.388843,24.67307],[118.388843,24.67385],[118.38953,24.674162],[118.391075,24.673694]]]}},{"type":"Feature","properties":{"id":"osm-way-915136180","layer":"vegetation","category":"forest","name":null,"referenceEra":"modern_reference","source":"OpenStreetMap contributors","license":"ODbL-1.0","sourceAreaDegrees":0.000339577},"geometry":{"type":"Polygon","coordinates":[[[118.3076,24.393447],[118.308008,24.392763],[118.308823,24.392548],[118.309724,24.390594],[118.310947,24.390379],[118.312621,24.391004],[118.314874,24.390046],[118.315089,24.390398],[118.31629,24.38987],[118.316741,24.388796],[118.318007,24.388854],[118.319166,24.388385],[118.32026,24.386294],[118.322298,24.386294],[118.323135,24.387115],[118.322771,24.38774],[118.323007,24.388698],[118.324938,24.389597],[118.325732,24.388502],[118.327749,24.388053],[118.327502,24.388789],[118.327877,24.389362],[118.326804,24.389773],[118.326333,24.390398],[118.327448,24.390808],[118.330109,24.388991],[118.330291,24.389367],[118.329821,24.38975],[118.330298,24.39032],[118.330909,24.390246],[118.330602,24.391219],[118.332491,24.393818],[118.332813,24.39628],[118.333285,24.396847],[118.334486,24.400833],[118.333821,24.401185],[118.332856,24.401009],[118.331375,24.399622],[118.329143,24.400521],[118.324208,24.400853],[118.323307,24.402162],[118.322234,24.402279],[118.322642,24.401205],[118.32232,24.400677],[118.320947,24.400091],[118.319209,24.398137],[118.318286,24.396026],[118.317299,24.395284],[118.313436,24.398488],[118.312814,24.399974],[118.314466,24.400697],[118.314938,24.401908],[118.314209,24.402827],[118.316183,24.403745],[118.311183,24.404839],[118.310883,24.405171],[118.310346,24.403765],[118.308501,24.402787],[118.310132,24.401283],[118.309982,24.400149],[118.311634,24.398723],[118.311655,24.398215],[118.310819,24.397668],[118.310046,24.397902],[118.30966,24.398469],[118.310153,24.398996],[118.309746,24.399426],[118.30885,24.398278],[118.308308,24.398254],[118.308072,24.398996],[118.304875,24.397433],[118.301999,24.399172],[118.302793,24.399837],[118.301914,24.400618],[118.301613,24.401595],[118.302321,24.402221],[118.301227,24.402729],[118.301656,24.40394],[118.301399,24.404683],[118.295605,24.405875],[118.292858,24.403295],[118.293481,24.402397],[118.293781,24.400911],[118.294811,24.40099],[118.296092,24.399521],[118.296038,24.398951],[118.296933,24.397698],[118.296545,24.39652],[118.29843,24.396615],[118.299841,24.397416],[118.304722,24.396362],[118.306526,24.394966],[118.306727,24.393631],[118.307261,24.393481],[118.3076,24.393447]]]}},{"type":"Feature","properties":{"id":"osm-way-1389212698","layer":"vegetation","category":"forest","name":null,"referenceEra":"modern_reference","source":"OpenStreetMap contributors","license":"ODbL-1.0","sourceAreaDegrees":0.000281431},"geometry":{"type":"Polygon","coordinates":[[[118.077271,24.333504],[118.076804,24.334322],[118.074844,24.334278],[118.074064,24.335333],[118.075909,24.338846],[118.073216,24.340054],[118.074143,24.341684],[118.073391,24.342016],[118.072214,24.340512],[118.072178,24.341834],[118.070994,24.341506],[118.071779,24.34299],[118.071576,24.343332],[118.071015,24.343135],[118.070107,24.344099],[118.069936,24.343616],[118.070378,24.342612],[118.070906,24.342402],[118.070381,24.341974],[118.069747,24.342094],[118.069583,24.343902],[118.069905,24.344253],[118.069238,24.344969],[118.069668,24.345194],[118.069446,24.346469],[118.070326,24.346526],[118.071545,24.345324],[118.073801,24.344911],[118.076921,24.346474],[118.079273,24.344224],[118.078769,24.343274],[118.079821,24.342885],[118.080559,24.343572],[118.083152,24.340686],[118.082943,24.33942],[118.083401,24.338209],[118.083875,24.337986],[118.084105,24.336699],[118.085572,24.336699],[118.085859,24.335612],[118.08853,24.333472],[118.089114,24.333417],[118.088948,24.333852],[118.08946,24.334667],[118.09058,24.332102],[118.094408,24.329625],[118.101529,24.326261],[118.10389,24.324082],[118.104017,24.323494],[118.101043,24.32074],[118.100712,24.320618],[118.099343,24.321637],[118.099164,24.32064],[118.098306,24.32052],[118.09824,24.319184],[118.097647,24.318545],[118.096659,24.318662],[118.096612,24.319264],[118.098133,24.320854],[118.096432,24.321751],[118.094779,24.321429],[118.094401,24.320423],[118.093358,24.319549],[118.092757,24.319624],[118.092574,24.321079],[118.09393,24.32206],[118.092773,24.323544],[118.090593,24.322311],[118.089775,24.322963],[118.090153,24.324497],[118.089547,24.325021],[118.087918,24.324476],[118.088044,24.324039],[118.08758,24.323823],[118.086226,24.324648],[118.086714,24.325365],[118.086147,24.32596],[118.084377,24.326928],[118.083755,24.329466],[118.079546,24.332348],[118.079522,24.333151],[118.078405,24.333352],[118.077531,24.332951],[118.0775,24.332492],[118.078751,24.331732],[118.077901,24.331029],[118.077217,24.331976],[118.077271,24.333504]]]}},{"type":"Feature","properties":{"id":"osm-way-915115784","layer":"vegetation","category":"forest","name":null,"referenceEra":"modern_reference","source":"OpenStreetMap contributors","license":"ODbL-1.0","sourceAreaDegrees":0.000270159},"geometry":{"type":"Polygon","coordinates":[[[118.436509,24.475384],[118.436809,24.47677],[118.435908,24.47845],[118.432089,24.477239],[118.430351,24.477512],[118.429063,24.478606],[118.4302,24.480461],[118.429407,24.482609],[118.429171,24.484601],[118.429836,24.486027],[118.429321,24.486554],[118.430329,24.486535],[118.43093,24.486945],[118.431295,24.487862],[118.433741,24.488487],[118.434492,24.487804],[118.434556,24.48714],[118.432861,24.486554],[118.43284,24.485558],[118.433441,24.48505],[118.435243,24.486339],[118.440414,24.484309],[118.442968,24.482473],[118.444427,24.482688],[118.445092,24.482082],[118.446723,24.481594],[118.447238,24.482277],[118.447023,24.482863],[118.447324,24.483391],[118.448912,24.485031],[118.448654,24.485832],[118.448976,24.487081],[118.451143,24.490889],[118.451765,24.491338],[118.452731,24.490635],[118.454297,24.484894],[118.456529,24.481086],[118.455349,24.480168],[118.453954,24.479934],[118.452924,24.479251],[118.453117,24.477415],[118.453654,24.477024],[118.454426,24.4772],[118.454855,24.476829],[118.454834,24.476224],[118.453611,24.474583],[118.452645,24.474818],[118.450671,24.474271],[118.449276,24.474427],[118.446895,24.472689],[118.444115,24.472263],[118.436509,24.475384]]]}},{"type":"Feature","properties":{"id":"osm-way-915115785","layer":"vegetation","category":"forest","name":"中山紀念林","referenceEra":"modern_reference","source":"OpenStreetMap contributors","license":"ODbL-1.0","sourceAreaDegrees":0.000254897},"geometry":{"type":"Polygon","coordinates":[[[118.352137,24.428895],[118.351966,24.42829],[118.351408,24.428524],[118.351215,24.428016],[118.351644,24.427488],[118.351151,24.425965],[118.355936,24.428075],[118.355592,24.428739],[118.355957,24.429208],[118.360678,24.4312],[118.360871,24.431689],[118.362351,24.432548],[118.362115,24.433291],[118.36366,24.433994],[118.36654,24.434151],[118.366305,24.434351],[118.366608,24.435292],[118.365985,24.434952],[118.36579,24.435741],[118.36485,24.435312],[118.36432,24.436327],[118.363459,24.435914],[118.363392,24.435178],[118.362993,24.434981],[118.362622,24.435764],[118.363043,24.436125],[118.362238,24.436407],[118.361907,24.437273],[118.363668,24.438164],[118.361257,24.441515],[118.362759,24.442648],[118.364733,24.441867],[118.364604,24.445715],[118.355914,24.444817],[118.354562,24.444465],[118.354219,24.443586],[118.352953,24.443254],[118.353382,24.442668],[118.351665,24.442375],[118.34997,24.443254],[118.345808,24.440538],[118.344456,24.440206],[118.341559,24.440538],[118.344692,24.4371],[118.346322,24.430907],[118.349219,24.431298],[118.350378,24.430966],[118.351623,24.429872],[118.352137,24.428895]]]}},{"type":"Feature","properties":{"id":"osm-way-915115782","layer":"vegetation","category":"forest","name":null,"referenceEra":"modern_reference","source":"OpenStreetMap contributors","license":"ODbL-1.0","sourceAreaDegrees":0.00024276},"geometry":{"type":"Polygon","coordinates":[[[118.468374,24.450354],[118.468988,24.450295],[118.469857,24.449468],[118.47114,24.45029],[118.472088,24.449062],[118.471096,24.450246],[118.469125,24.448934],[118.468253,24.448774],[118.467875,24.444948],[118.469289,24.44398],[118.469896,24.443958],[118.469639,24.443775],[118.4701,24.442933],[118.471292,24.443322],[118.471871,24.442795],[118.469769,24.441291],[118.469275,24.44131],[118.468116,24.442599],[118.466829,24.442931],[118.464662,24.442521],[118.461958,24.44133],[118.462301,24.442033],[118.460971,24.442697],[118.460713,24.443439],[118.459919,24.4434],[118.455714,24.446623],[118.457709,24.447034],[118.458332,24.447854],[118.457495,24.448264],[118.457473,24.448811],[118.458503,24.448323],[118.459319,24.449358],[118.457859,24.451565],[118.453632,24.454124],[118.453632,24.454573],[118.454448,24.45512],[118.454319,24.456351],[118.453139,24.457601],[118.454405,24.460628],[118.454491,24.461957],[118.453804,24.463011],[118.45625,24.464828],[118.457387,24.466839],[118.454255,24.468988],[118.456164,24.471624],[118.458433,24.472204],[118.459251,24.473788],[118.460005,24.474066],[118.460585,24.474886],[118.459876,24.476936],[118.460585,24.477405],[118.462258,24.476214],[118.461331,24.475694],[118.460971,24.47346],[118.460027,24.472445],[118.459941,24.47137],[118.461164,24.471605],[118.461207,24.471273],[118.460048,24.469847],[118.460112,24.469437],[118.461207,24.469496],[118.461529,24.461156],[118.462366,24.459691],[118.461529,24.457269],[118.46155,24.456117],[118.463181,24.453401],[118.46376,24.454163],[118.46449,24.454066],[118.465005,24.452093],[118.467709,24.450257],[118.468374,24.450354]]]}},{"type":"Feature","properties":{"id":"osm-way-1362444418","layer":"vegetation","category":"forest","name":null,"referenceEra":"modern_reference","source":"OpenStreetMap contributors","license":"ODbL-1.0","sourceAreaDegrees":0.000215398},"geometry":{"type":"Polygon","coordinates":[[[118.094393,24.33239],[118.093647,24.332683],[118.091905,24.332412],[118.089446,24.337268],[118.089768,24.338092],[118.089076,24.338573],[118.089022,24.339192],[118.090157,24.34115],[118.088797,24.3424],[118.088002,24.342488],[118.087443,24.345181],[118.086551,24.345215],[118.08538,24.345845],[118.085088,24.346658],[118.089683,24.346719],[118.093301,24.349865],[118.097289,24.347959],[118.09689,24.347577],[118.09901,24.34657],[118.099888,24.345047],[118.10306,24.342481],[118.103594,24.34054],[118.103118,24.340223],[118.103287,24.339396],[118.097856,24.336186],[118.100827,24.332149],[118.102765,24.333281],[118.103496,24.332595],[118.105954,24.334006],[118.106632,24.332915],[118.10184,24.328901],[118.100887,24.3289],[118.099496,24.327999],[118.097819,24.328799],[118.098022,24.329644],[118.09568,24.330321],[118.094509,24.331748],[118.094393,24.33239]]]}},{"type":"Feature","properties":{"id":"osm-way-127478040","layer":"vegetation","category":"forest","name":"仙岳山","referenceEra":"modern_reference","source":"OpenStreetMap contributors","license":"ODbL-1.0","sourceAreaDegrees":0.000201841},"geometry":{"type":"Polygon","coordinates":[[[118.118028,24.506881],[118.1164,24.506901],[118.114528,24.506141],[118.114139,24.505171],[118.114465,24.504684],[118.113727,24.503988],[118.112956,24.504117],[118.112663,24.505066],[118.110875,24.504831],[118.110912,24.505791],[118.110419,24.506106],[118.109912,24.506173],[118.109981,24.505779],[118.109078,24.505485],[118.107303,24.505384],[118.107184,24.504709],[118.106455,24.504646],[118.104248,24.504579],[118.103858,24.505605],[118.103948,24.505197],[118.103331,24.505233],[118.101663,24.50429],[118.102119,24.503912],[118.101271,24.503653],[118.100949,24.503053],[118.099893,24.503321],[118.098119,24.50226],[118.097538,24.502252],[118.097861,24.503606],[118.096953,24.503665],[118.097101,24.504776],[118.096419,24.504801],[118.096294,24.504193],[118.095649,24.503829],[118.09452,24.503762],[118.093723,24.503896],[118.093594,24.504407],[118.092225,24.504244],[118.092031,24.504688],[118.091386,24.504298],[118.091276,24.503548],[118.091796,24.502961],[118.091589,24.503489],[118.091898,24.503963],[118.092418,24.503451],[118.092018,24.5019],[118.092617,24.500919],[118.092119,24.500369],[118.090589,24.500252],[118.090497,24.500663],[118.091926,24.501556],[118.092313,24.503233],[118.092008,24.503879],[118.091879,24.502638],[118.090492,24.503103],[118.088212,24.502201],[118.087732,24.503235],[118.088353,24.504706],[118.087948,24.504905],[118.086532,24.50447],[118.086135,24.505348],[118.084387,24.50525],[118.082905,24.503777],[118.083753,24.503331],[118.083175,24.502391],[118.086945,24.501769],[118.086721,24.500518],[118.08884,24.499602],[118.088914,24.497379],[118.088528,24.496409],[118.089254,24.496404],[118.088902,24.495067],[118.088128,24.495516],[118.086875,24.495381],[118.086855,24.493722],[118.087887,24.493307],[118.088478,24.494139],[118.089686,24.494051],[118.08979,24.494433],[118.092613,24.494779],[118.093586,24.49524],[118.094254,24.495193],[118.094352,24.494512],[118.096558,24.494648],[118.097065,24.493647],[118.097417,24.493657],[118.097232,24.494161],[118.098309,24.494271],[118.09888,24.494837],[118.098771,24.496349],[118.09914,24.496458],[118.099957,24.495475],[118.100859,24.495498],[118.102221,24.495843],[118.103269,24.497002],[118.104087,24.496708],[118.105153,24.497819],[118.104898,24.499465],[118.106,24.500194],[118.106466,24.499775],[118.108029,24.500967],[118.108954,24.500931],[118.111545,24.502171],[118.111769,24.501873],[118.112501,24.502476],[118.112904,24.502329],[118.112656,24.50268],[118.113226,24.502885],[118.113152,24.502418],[118.114602,24.502298],[118.114588,24.501801],[118.115615,24.501999],[118.115525,24.502733],[118.117282,24.503414],[118.11723,24.503917],[118.117034,24.503519],[118.116349,24.503786],[118.116233,24.50484],[118.116959,24.505264],[118.11651,24.505678],[118.11689,24.505846],[118.116717,24.506103],[118.117656,24.506119],[118.117829,24.506538],[118.118028,24.506881]]]}},{"type":"Feature","properties":{"id":"osm-way-1014375449","layer":"vegetation","category":"forest","name":null,"referenceEra":"modern_reference","source":"OpenStreetMap contributors","license":"ODbL-1.0","sourceAreaDegrees":0.000170886},"geometry":{"type":"Polygon","coordinates":[[[118.381526,24.640815],[118.380454,24.636914],[118.380904,24.635237],[118.382642,24.635588],[118.383608,24.636524],[118.383436,24.638143],[118.384788,24.63986],[118.384981,24.64064],[118.387084,24.642297],[118.387599,24.645242],[118.388479,24.646159],[118.388908,24.646237],[118.389795,24.645193],[118.392223,24.644521],[118.393296,24.647476],[118.395522,24.645883],[118.397948,24.644955],[118.398392,24.648499],[118.397985,24.649748],[118.396525,24.651464],[118.393993,24.652302],[118.393006,24.653785],[118.390775,24.653492],[118.388779,24.657997],[118.386462,24.657958],[118.384681,24.655793],[118.382385,24.655696],[118.381805,24.655052],[118.381977,24.653336],[118.383887,24.650781],[118.384488,24.648811],[118.381569,24.641459],[118.381526,24.640815]]]}},{"type":"Feature","properties":{"id":"osm-way-896470758","layer":"vegetation","category":"forest","name":null,"referenceEra":"modern_reference","source":"OpenStreetMap contributors","license":"ODbL-1.0","sourceAreaDegrees":0.000151798},"geometry":{"type":"Polygon","coordinates":[[[118.042722,24.502012],[118.046766,24.501005],[118.046851,24.501456],[118.049335,24.500734],[118.049852,24.501172],[118.050963,24.50058],[118.053646,24.500374],[118.055564,24.499781],[118.056783,24.502244],[118.056877,24.503196],[118.056344,24.503111],[118.055039,24.503877],[118.053895,24.503861],[118.053417,24.505127],[118.053533,24.505938],[118.054211,24.506806],[118.053523,24.508364],[118.051908,24.510556],[118.051581,24.51025],[118.050507,24.51031],[118.050563,24.510964],[118.049881,24.511457],[118.050012,24.512239],[118.049535,24.512307],[118.049274,24.511814],[118.048237,24.511916],[118.04847,24.513845],[118.047228,24.513531],[118.046789,24.513879],[118.04678,24.514499],[118.046164,24.514678],[118.045005,24.514414],[118.044501,24.513199],[118.04254,24.513242],[118.040158,24.509936],[118.040541,24.509052],[118.039579,24.507539],[118.041092,24.504879],[118.042652,24.504216],[118.042054,24.502593],[118.042722,24.502012]]]}},{"type":"Feature","properties":{"id":"osm-way-915115783","layer":"vegetation","category":"forest","name":null,"referenceEra":"modern_reference","source":"OpenStreetMap contributors","license":"ODbL-1.0","sourceAreaDegrees":0.000130191},"geometry":{"type":"Polygon","coordinates":[[[118.432325,24.472982],[118.435651,24.466341],[118.437625,24.464212],[118.439599,24.463783],[118.439642,24.462982],[118.439213,24.462416],[118.440672,24.460619],[118.441702,24.464017],[118.442582,24.464564],[118.446594,24.463041],[118.446208,24.462435],[118.447002,24.461341],[118.44874,24.461595],[118.44989,24.464174],[118.449184,24.464367],[118.448982,24.46506],[118.450964,24.464973],[118.450715,24.465525],[118.451208,24.466012],[118.450712,24.466888],[118.450863,24.46931],[118.449251,24.470256],[118.446013,24.468712],[118.444608,24.467071],[118.444133,24.465422],[118.441277,24.467314],[118.442553,24.468767],[118.443516,24.471888],[118.444115,24.472263],[118.436509,24.475384],[118.432325,24.472982]]]}},{"type":"Feature","properties":{"id":"osm-way-915348307","layer":"vegetation","category":"forest","name":null,"referenceEra":"modern_reference","source":"OpenStreetMap contributors","license":"ODbL-1.0","sourceAreaDegrees":0.000127139},"geometry":{"type":"Polygon","coordinates":[[[118.315258,24.40776],[118.315003,24.404116],[118.316183,24.403745],[118.31545,24.403538],[118.315883,24.403313],[118.315336,24.402463],[118.316237,24.402707],[118.316827,24.402336],[118.315293,24.400997],[118.31525,24.400294],[118.316548,24.399385],[118.315733,24.399082],[118.316291,24.398623],[118.31672,24.399649],[118.317621,24.400255],[118.317439,24.400577],[118.318909,24.40174],[118.318726,24.403811],[118.319048,24.404124],[118.319209,24.403372],[118.321548,24.403508],[118.322234,24.402279],[118.323307,24.402162],[118.324208,24.400853],[118.329143,24.400521],[118.331375,24.399622],[118.332856,24.401009],[118.335206,24.401886],[118.336643,24.404192],[118.335753,24.404974],[118.337727,24.405873],[118.339326,24.408687],[118.339143,24.409058],[118.340849,24.410181],[118.344529,24.415877],[118.343628,24.416229],[118.342426,24.415613],[118.34116,24.414128],[118.340903,24.412868],[118.339959,24.412184],[118.339766,24.411442],[118.337641,24.41067],[118.336086,24.408794],[118.335603,24.409214],[118.332416,24.409292],[118.332481,24.406606],[118.331955,24.406],[118.332642,24.405316],[118.332524,24.404906],[118.33158,24.405433],[118.331354,24.404515],[118.330732,24.404456],[118.330142,24.405433],[118.330281,24.40599],[118.329477,24.406127],[118.327374,24.404671],[118.326483,24.404515],[118.326076,24.403919],[118.325303,24.403762],[118.322846,24.405453],[118.321355,24.405785],[118.318837,24.407147],[118.317263,24.405688],[118.317123,24.406122],[118.316468,24.405933],[118.316344,24.407193],[118.315891,24.407688],[118.315717,24.40728],[118.315454,24.407719],[118.315258,24.40776]]]}},{"type":"Feature","properties":{"id":"osm-way-1448681640","layer":"vegetation","category":"forest","name":null,"referenceEra":"modern_reference","source":"OpenStreetMap contributors","license":"ODbL-1.0","sourceAreaDegrees":0.000071868},"geometry":{"type":"Polygon","coordinates":[[[117.980582,24.304903],[117.978775,24.304018],[117.978945,24.302625],[117.977998,24.301647],[117.976724,24.304279],[117.975921,24.303229],[117.972427,24.303504],[117.971885,24.302265],[117.971328,24.301955],[117.97011,24.302475],[117.969533,24.301736],[117.967606,24.301231],[117.966518,24.302164],[117.965665,24.300738],[117.963225,24.3],[117.992229,24.3],[117.990529,24.302923],[117.991201,24.303477],[117.991201,24.304466],[117.990528,24.30478],[117.989222,24.304049],[117.989636,24.303292],[117.988078,24.301908],[117.986147,24.302114],[117.986097,24.301381],[117.985303,24.302213],[117.984738,24.30169],[117.983178,24.303516],[117.9822,24.302791],[117.982485,24.302466],[117.980912,24.302283],[117.98131,24.303148],[117.980896,24.303593],[117.980873,24.304646],[117.980582,24.304903]]]}},{"type":"Feature","properties":{"id":"osm-way-1014375503","layer":"vegetation","category":"forest","name":null,"referenceEra":"modern_reference","source":"OpenStreetMap contributors","license":"ODbL-1.0","sourceAreaDegrees":0.00006029},"geometry":{"type":"Polygon","coordinates":[[[118.329384,24.644072],[118.331691,24.644852],[118.33359,24.64414],[118.333966,24.643458],[118.333633,24.641147],[118.334105,24.639479],[118.334835,24.639508],[118.336766,24.638085],[118.336948,24.63669],[118.333933,24.633179],[118.332528,24.633969],[118.330833,24.634262],[118.328644,24.636427],[118.328462,24.638026],[118.32917,24.639547],[118.329824,24.643448],[118.329384,24.644072]]]}},{"type":"Feature","properties":{"id":"osm-way-1415928046","layer":"vegetation","category":"forest","name":null,"referenceEra":"modern_reference","source":"OpenStreetMap contributors","license":"ODbL-1.0","sourceAreaDegrees":0.000055494},"geometry":{"type":"Polygon","coordinates":[[[118.244901,24.417993],[118.233732,24.419127],[118.234723,24.421435],[118.236536,24.422798],[118.238786,24.423123],[118.240725,24.424967],[118.240654,24.425289],[118.241848,24.425812],[118.243203,24.425753],[118.243641,24.425637],[118.244354,24.420737],[118.245963,24.420481],[118.244943,24.418045],[118.244901,24.417993]]]}},{"type":"Feature","properties":{"id":"osm-way-635357281","layer":"vegetation","category":"forest","name":null,"referenceEra":"modern_reference","source":"OpenStreetMap contributors","license":"ODbL-1.0","sourceAreaDegrees":0.000055492},"geometry":{"type":"Polygon","coordinates":[[[118.282396,24.41425],[118.284542,24.414607],[118.285502,24.413522],[118.286248,24.413508],[118.286264,24.413058],[118.287079,24.412389],[118.288356,24.412966],[118.288276,24.412257],[118.289096,24.412326],[118.288437,24.410885],[118.289788,24.410328],[118.290797,24.410973],[118.291467,24.410806],[118.293275,24.40958],[118.292932,24.406381],[118.294241,24.405555],[118.291923,24.40662],[118.291564,24.406224],[118.29173,24.405394],[118.290813,24.405086],[118.289928,24.405399],[118.287771,24.406757],[118.287503,24.40727],[118.285202,24.40811],[118.285288,24.408843],[118.284665,24.409683],[118.281141,24.411012],[118.281441,24.411866],[118.282123,24.412345],[118.281629,24.412575],[118.282396,24.41425]]]}},{"type":"Feature","properties":{"id":"osm-way-896470759","layer":"vegetation","category":"forest","name":null,"referenceEra":"modern_reference","source":"OpenStreetMap contributors","license":"ODbL-1.0","sourceAreaDegrees":0.000053196},"geometry":{"type":"Polygon","coordinates":[[[118.053671,24.509401],[118.057836,24.50459],[118.058909,24.505038],[118.059747,24.50635],[118.064146,24.510836],[118.063925,24.511486],[118.062446,24.512159],[118.060363,24.511116],[118.061164,24.512339],[118.060807,24.513415],[118.059081,24.513359],[118.05791,24.51226],[118.056123,24.512383],[118.055273,24.513],[118.053585,24.511879],[118.053412,24.511195],[118.054028,24.509513],[118.053671,24.509401]]]}},{"type":"Feature","properties":{"id":"osm-way-1551450647","layer":"vegetation","category":"forest","name":null,"referenceEra":"modern_reference","source":"OpenStreetMap contributors","license":"ODbL-1.0","sourceAreaDegrees":0.000051858},"geometry":{"type":"Polygon","coordinates":[[[118.034548,24.518884],[118.035146,24.519755],[118.035972,24.52017],[118.038928,24.51977],[118.040307,24.520312],[118.040258,24.520776],[118.039513,24.520951],[118.0394,24.521552],[118.038976,24.521425],[118.038552,24.522008],[118.035524,24.521649],[118.036114,24.522242],[118.038721,24.52313],[118.037726,24.524168],[118.038381,24.525031],[118.038408,24.52589],[118.037625,24.526106],[118.036633,24.525218],[118.032519,24.524197],[118.030535,24.522444],[118.02729,24.520572],[118.029012,24.518787],[118.029284,24.517537],[118.030087,24.518067],[118.03035,24.517193],[118.030944,24.517986],[118.033712,24.519138],[118.034548,24.518884]]]}},{"type":"Feature","properties":{"id":"osm-way-1415928047","layer":"vegetation","category":"forest","name":null,"referenceEra":"modern_reference","source":"OpenStreetMap contributors","license":"ODbL-1.0","sourceAreaDegrees":0.000044313},"geometry":{"type":"Polygon","coordinates":[[[118.236195,24.414886],[118.235133,24.416343],[118.234624,24.418792],[118.234001,24.418805],[118.234097,24.41909],[118.244943,24.418045],[118.245789,24.416396],[118.247039,24.416329],[118.247209,24.415931],[118.241546,24.411857],[118.241744,24.414358],[118.23955,24.415222],[118.237483,24.415157],[118.236195,24.414886]]]}},{"type":"Feature","properties":{"id":"osm-way-1332602667","layer":"vegetation","category":"forest","name":null,"referenceEra":"modern_reference","source":"OpenStreetMap contributors","license":"ODbL-1.0","sourceAreaDegrees":0.000043585},"geometry":{"type":"Polygon","coordinates":[[[118.344364,24.628718],[118.34353,24.628629],[118.342217,24.629849],[118.341387,24.630342],[118.34108,24.63018],[118.340543,24.629513],[118.340434,24.625585],[118.339724,24.623662],[118.338141,24.624323],[118.338093,24.627318],[118.339029,24.628815],[118.337625,24.629226],[118.336844,24.628054],[118.336364,24.628248],[118.338888,24.632651],[118.339761,24.637304],[118.341281,24.636807],[118.343203,24.634051],[118.342932,24.631595],[118.344364,24.628718]]]}},{"type":"Feature","properties":{"id":"osm-way-1003279749","layer":"vegetation","category":"forest","name":null,"referenceEra":"modern_reference","source":"OpenStreetMap contributors","license":"ODbL-1.0","sourceAreaDegrees":0.000039665},"geometry":{"type":"Polygon","coordinates":[[[118.433824,24.447179],[118.436426,24.445113],[118.437579,24.446153],[118.440457,24.443936],[118.432995,24.438471],[118.432462,24.438901],[118.433309,24.440039],[118.432226,24.441284],[118.432746,24.443174],[118.431909,24.444854],[118.432033,24.445587],[118.432633,24.445768],[118.431947,24.447096],[118.432236,24.447316],[118.431877,24.447716],[118.43214,24.448224],[118.433824,24.447179]]]}},{"type":"Feature","properties":{"id":"osm-way-210999054","layer":"vegetation","category":"forest","name":null,"referenceEra":"modern_reference","source":"OpenStreetMap contributors","license":"ODbL-1.0","sourceAreaDegrees":0.00003953},"geometry":{"type":"Polygon","coordinates":[[[118.245554,24.628842],[118.246182,24.628634],[118.246332,24.629072],[118.247094,24.6288],[118.248341,24.629756],[118.249652,24.629755],[118.248936,24.630442],[118.249029,24.630884],[118.249576,24.630897],[118.250607,24.630462],[118.251569,24.629423],[118.253572,24.629549],[118.254983,24.628914],[118.254757,24.629215],[118.255115,24.630104],[118.255602,24.63038],[118.256031,24.630151],[118.25591,24.630999],[118.256554,24.631287],[118.256734,24.631055],[118.256739,24.631624],[118.257319,24.632164],[118.256219,24.632638],[118.255983,24.632204],[118.25605,24.632801],[118.255342,24.633423],[118.255549,24.633783],[118.25428,24.63424],[118.250745,24.633598],[118.251284,24.633464],[118.251311,24.632567],[118.251281,24.632896],[118.252255,24.63324],[118.252343,24.632596],[118.253071,24.632306],[118.252804,24.631855],[118.251547,24.631728],[118.251569,24.632164],[118.252491,24.632208],[118.251778,24.632788],[118.251498,24.632348],[118.250632,24.632596],[118.249195,24.632347],[118.24898,24.633015],[118.250155,24.632935],[118.250788,24.633206],[118.250565,24.633579],[118.245738,24.632945],[118.245514,24.628847],[118.245554,24.628842]]]}},{"type":"Feature","properties":{"id":"osm-way-1084946664","layer":"vegetation","category":"forest","name":null,"referenceEra":"modern_reference","source":"OpenStreetMap contributors","license":"ODbL-1.0","sourceAreaDegrees":0.000039132},"geometry":{"type":"Polygon","coordinates":[[[118.020068,24.624489],[118.020734,24.625866],[118.022659,24.626162],[118.024896,24.625879],[118.026764,24.625416],[118.027982,24.623022],[118.026156,24.622495],[118.021583,24.618711],[118.019615,24.618325],[118.01946,24.62104],[118.020309,24.62122],[118.020578,24.622688],[118.020068,24.624489]]]}},{"type":"Feature","properties":{"id":"osm-way-1446281734","layer":"vegetation","category":"forest","name":null,"referenceEra":"modern_reference","source":"OpenStreetMap contributors","license":"ODbL-1.0","sourceAreaDegrees":0.000039022},"geometry":{"type":"Polygon","coordinates":[[[118.38475,24.441591],[118.384411,24.441887],[118.383531,24.441477],[118.38233,24.442874],[118.380174,24.442892],[118.380952,24.441931],[118.380539,24.440985],[118.378454,24.442353],[118.376484,24.442277],[118.376881,24.439394],[118.378378,24.437973],[118.379152,24.439054],[118.381087,24.438519],[118.381361,24.439341],[118.380519,24.439663],[118.381534,24.44107],[118.382338,24.44107],[118.382851,24.440128],[118.38273,24.439418],[118.381892,24.439125],[118.382071,24.438657],[118.382949,24.438759],[118.38409,24.43827],[118.38487,24.438592],[118.386509,24.436868],[118.387697,24.436487],[118.388398,24.437288],[118.387971,24.43766],[118.388071,24.438756],[118.387369,24.438427],[118.38712,24.437727],[118.386501,24.437997],[118.386534,24.43967],[118.388408,24.440615],[118.389167,24.442057],[118.389106,24.444989],[118.388772,24.445029],[118.387311,24.441622],[118.385579,24.440403],[118.384698,24.440435],[118.38475,24.441591]]]}},{"type":"Feature","properties":{"id":"osm-way-975333921","layer":"vegetation","category":"forest","name":null,"referenceEra":"modern_reference","source":"OpenStreetMap contributors","license":"ODbL-1.0","sourceAreaDegrees":0.000038946},"geometry":{"type":"Polygon","coordinates":[[[118.419374,24.527467],[118.420259,24.526813],[118.422265,24.526911],[118.423697,24.525374],[118.425376,24.524837],[118.425672,24.522728],[118.427072,24.521498],[118.426927,24.518492],[118.425205,24.517101],[118.424001,24.518032],[118.422776,24.520434],[118.423683,24.520419],[118.420956,24.522699],[118.420994,24.523201],[118.418652,24.525595],[118.419374,24.527467]]]}},{"type":"Feature","properties":{"id":"osm-way-475862695","layer":"vegetation","category":"forest","name":"狐尾山","referenceEra":"modern_reference","source":"OpenStreetMap contributors","license":"ODbL-1.0","sourceAreaDegrees":0.0000378},"geometry":{"type":"Polygon","coordinates":[[[118.087004,24.485945],[118.086124,24.483915],[118.085416,24.483953],[118.083936,24.483172],[118.083378,24.483055],[118.082863,24.483641],[118.081232,24.482762],[118.077121,24.483209],[118.076734,24.483729],[118.073551,24.482338],[118.073844,24.483374],[118.076084,24.485012],[118.077003,24.484273],[118.077837,24.484724],[118.077026,24.485945],[118.077949,24.486805],[118.078314,24.487879],[118.085346,24.486314],[118.087004,24.485945]]]}},{"type":"Feature","properties":{"id":"osm-way-398894628","layer":"vegetation","category":"forest","name":null,"referenceEra":"modern_reference","source":"OpenStreetMap contributors","license":"ODbL-1.0","sourceAreaDegrees":0.000036254},"geometry":{"type":"Polygon","coordinates":[[[118.023678,24.458369],[118.023876,24.457915],[118.02524,24.458518],[118.025034,24.45884],[118.025874,24.459443],[118.025879,24.459864],[118.024939,24.459855],[118.025263,24.461849],[118.024565,24.462458],[118.022593,24.462469],[118.020923,24.463289],[118.020699,24.462476],[118.019475,24.462242],[118.019551,24.461389],[118.020486,24.460821],[118.020508,24.459584],[118.02019,24.459186],[118.019302,24.459412],[118.018296,24.45876],[118.017174,24.458961],[118.01737,24.458352],[118.016886,24.45881],[118.016933,24.457977],[118.015841,24.458372],[118.015109,24.457923],[118.015907,24.458076],[118.015975,24.457536],[118.016407,24.45779],[118.016602,24.45628],[118.017667,24.456465],[118.018301,24.456069],[118.019015,24.457555],[118.019714,24.457231],[118.019938,24.456453],[118.022111,24.456155],[118.022648,24.456452],[118.022068,24.457244],[118.022746,24.457398],[118.023091,24.456732],[118.023243,24.457577],[118.022519,24.458007],[118.023037,24.458042],[118.023678,24.458369]]]}},{"type":"Feature","properties":{"id":"osm-way-1414015601","layer":"vegetation","category":"forest","name":null,"referenceEra":"modern_reference","source":"OpenStreetMap contributors","license":"ODbL-1.0","sourceAreaDegrees":0.000030193},"geometry":{"type":"Polygon","coordinates":[[[118.039877,24.385466],[118.038826,24.385779],[118.035693,24.384743],[118.033891,24.381782],[118.034856,24.381763],[118.034931,24.380981],[118.033901,24.380463],[118.033207,24.380849],[118.032743,24.380475],[118.033226,24.379061],[118.034111,24.378213],[118.035275,24.377952],[118.035564,24.378421],[118.035253,24.38014],[118.036272,24.382212],[118.039105,24.382095],[118.038622,24.382857],[118.038075,24.38274],[118.037936,24.3836],[118.038408,24.383815],[118.039298,24.383561],[118.038987,24.383199],[118.03918,24.382808],[118.040264,24.383033],[118.039277,24.382427],[118.039266,24.38188],[118.040317,24.382251],[118.040596,24.381372],[118.041068,24.381675],[118.041819,24.381352],[118.042688,24.382935],[118.042227,24.384079],[118.040478,24.38443],[118.040822,24.384743],[118.0405,24.385276],[118.041095,24.38616],[118.040811,24.387166],[118.03992,24.385491],[118.039877,24.385466]]]}},{"type":"Feature","properties":{"id":"osm-way-722107966","layer":"vegetation","category":"forest","name":null,"referenceEra":"modern_reference","source":"OpenStreetMap contributors","license":"ODbL-1.0","sourceAreaDegrees":0.000029289},"geometry":{"type":"Polygon","coordinates":[[[118.005741,24.437319],[118.005718,24.436904],[118.005219,24.436684],[118.00321,24.436795],[118.003355,24.435832],[118.002517,24.434921],[118.002135,24.433612],[118.001589,24.433354],[118.001908,24.43336],[118.00183,24.433034],[118.001392,24.433082],[118.001022,24.43196],[118.002111,24.431973],[118.002522,24.432525],[118.003965,24.432301],[118.00459,24.43202],[118.004386,24.431685],[118.005238,24.431732],[118.005946,24.431189],[118.005827,24.431456],[118.006831,24.431854],[118.007099,24.432481],[118.007272,24.432215],[118.007176,24.432546],[118.007985,24.432541],[118.008632,24.43308],[118.011307,24.432784],[118.011592,24.433751],[118.010412,24.433667],[118.00959,24.434652],[118.008251,24.434638],[118.007334,24.435546],[118.006685,24.435408],[118.005989,24.436281],[118.00617,24.437121],[118.005782,24.437323],[118.005741,24.437319]]]}},{"type":"Feature","properties":{"id":"osm-way-1423492584","layer":"vegetation","category":"forest","name":null,"referenceEra":"modern_reference","source":"OpenStreetMap contributors","license":"ODbL-1.0","sourceAreaDegrees":0.000029152},"geometry":{"type":"Polygon","coordinates":[[[118.110463,24.332121],[118.109989,24.331677],[118.110173,24.330885],[118.112686,24.329198],[118.111991,24.328577],[118.112127,24.328115],[118.110911,24.327413],[118.109221,24.327884],[118.108489,24.329445],[118.107081,24.329526],[118.106569,24.329252],[118.10908,24.326746],[118.107457,24.327601],[118.105707,24.327129],[118.104259,24.327485],[118.104069,24.327898],[118.103266,24.327864],[118.104119,24.328966],[118.103983,24.329744],[118.104865,24.330741],[118.105523,24.329924],[118.106043,24.330065],[118.106123,24.331019],[118.105414,24.331233],[118.106743,24.332511],[118.107635,24.332853],[118.108029,24.33243],[118.108714,24.332528],[118.110463,24.332121]]]}},{"type":"Feature","properties":{"id":"osm-way-1311387388","layer":"vegetation","category":"forest","name":null,"referenceEra":"modern_reference","source":"OpenStreetMap contributors","license":"ODbL-1.0","sourceAreaDegrees":0.000027801},"geometry":{"type":"Polygon","coordinates":[[[118.035854,24.370006],[118.037158,24.37006],[118.037066,24.370998],[118.039352,24.371028],[118.039781,24.372],[118.04021,24.372059],[118.040285,24.372533],[118.039671,24.373388],[118.038536,24.373229],[118.037007,24.374206],[118.037901,24.374565],[118.039051,24.377482],[118.038842,24.377893],[118.037437,24.377981],[118.036149,24.377326],[118.034443,24.37542],[118.033456,24.376144],[118.032056,24.376046],[118.032013,24.375098],[118.032753,24.374912],[118.032571,24.374316],[118.032841,24.374171],[118.033341,24.374491],[118.035646,24.374459],[118.035747,24.372542],[118.036721,24.37229],[118.035848,24.371896],[118.035727,24.372394],[118.035374,24.37232],[118.035033,24.371673],[118.035456,24.371909],[118.035534,24.371626],[118.034738,24.371257],[118.035532,24.371008],[118.035806,24.370261],[118.035854,24.370006]]]}},{"type":"Feature","properties":{"id":"osm-way-1418868378","layer":"vegetation","category":"forest","name":null,"referenceEra":"modern_reference","source":"OpenStreetMap contributors","license":"ODbL-1.0","sourceAreaDegrees":0.000026602},"geometry":{"type":"Polygon","coordinates":[[[118.373781,24.442578],[118.370151,24.441191],[118.37015,24.44064],[118.369692,24.440421],[118.370429,24.440815],[118.37061,24.440263],[118.370832,24.440868],[118.371338,24.441007],[118.371107,24.440354],[118.371612,24.438492],[118.369482,24.436612],[118.370326,24.43587],[118.371112,24.435828],[118.371643,24.43608],[118.371549,24.436384],[118.371897,24.436177],[118.375092,24.437765],[118.37508,24.43839],[118.374313,24.439286],[118.373276,24.438897],[118.372969,24.439162],[118.37353,24.439198],[118.373755,24.440317],[118.374252,24.440187],[118.375193,24.437937],[118.375424,24.438062],[118.376115,24.443945],[118.373624,24.442742],[118.374735,24.442955],[118.374283,24.441694],[118.373693,24.442217],[118.373184,24.441735],[118.373339,24.442428],[118.37371,24.442361],[118.373781,24.442578]]]}},{"type":"Feature","properties":{"id":"osm-way-976173669","layer":"vegetation","category":"forest","name":null,"referenceEra":"modern_reference","source":"OpenStreetMap contributors","license":"ODbL-1.0","sourceAreaDegrees":0.000026384},"geometry":{"type":"Polygon","coordinates":[[[118.457992,24.426374],[118.460331,24.424954],[118.462099,24.4269],[118.461874,24.427436],[118.463671,24.427815],[118.46437,24.42882],[118.462429,24.429524],[118.462671,24.430724],[118.462296,24.43125],[118.462053,24.431034],[118.462128,24.431639],[118.459585,24.43185],[118.458244,24.430644],[118.458111,24.429458],[118.458293,24.428919],[118.459416,24.428315],[118.458462,24.42705],[118.457202,24.426848],[118.457058,24.42725],[118.45658,24.427255],[118.455941,24.425987],[118.457794,24.426505],[118.457992,24.426374]]]}},{"type":"Feature","properties":{"id":"osm-way-285358315","layer":"vegetation","category":"forest","name":"虎仔山","referenceEra":"modern_reference","source":"OpenStreetMap contributors","license":"ODbL-1.0","sourceAreaDegrees":0.000025698},"geometry":{"type":"Polygon","coordinates":[[[118.177222,24.497234],[118.177017,24.499383],[118.1766,24.499478],[118.17548,24.498494],[118.175415,24.497652],[118.176731,24.49636],[118.176496,24.495981],[118.176965,24.495175],[118.177486,24.495139],[118.178203,24.493634],[118.178815,24.494025],[118.179584,24.493954],[118.18019,24.493403],[118.181946,24.493637],[118.182547,24.492632],[118.183295,24.492604],[118.183513,24.494469],[118.183063,24.494344],[118.182424,24.495384],[118.182649,24.496008],[118.182338,24.496467],[118.18109,24.496319],[118.180995,24.497811],[118.18052,24.49814],[118.17998,24.497632],[118.1796,24.497795],[118.179738,24.498483],[118.179091,24.498008],[118.178548,24.498321],[118.177895,24.497333],[118.177222,24.497234]]]}},{"type":"Feature","properties":{"id":"osm-way-1414015628","layer":"vegetation","category":"forest","name":null,"referenceEra":"modern_reference","source":"OpenStreetMap contributors","license":"ODbL-1.0","sourceAreaDegrees":0.000025274},"geometry":{"type":"Polygon","coordinates":[[[118.037936,24.365994],[118.037174,24.364988],[118.036863,24.365],[118.036704,24.365696],[118.035766,24.364851],[118.038268,24.364003],[118.038035,24.3634],[118.039781,24.361206],[118.040588,24.361853],[118.040915,24.361579],[118.040808,24.361052],[118.041511,24.36082],[118.042283,24.361269],[118.044078,24.361308],[118.044448,24.362579],[118.044247,24.36326],[118.043877,24.362544],[118.043024,24.362762],[118.043016,24.362183],[118.041417,24.361374],[118.041532,24.362366],[118.040569,24.362769],[118.041573,24.362598],[118.041369,24.363471],[118.043965,24.366263],[118.043515,24.367245],[118.042366,24.367519],[118.03995,24.365547],[118.03866,24.366302],[118.038161,24.366156],[118.037936,24.365994]]]}},{"type":"Feature","properties":{"id":"osm-way-1376357939","layer":"vegetation","category":"forest","name":null,"referenceEra":"modern_reference","source":"OpenStreetMap contributors","license":"ODbL-1.0","sourceAreaDegrees":0.000024548},"geometry":{"type":"Polygon","coordinates":[[[118.107859,24.318785],[118.108578,24.316803],[118.109328,24.315996],[118.110183,24.315805],[118.110807,24.314766],[118.109485,24.315617],[118.109293,24.314881],[118.108613,24.315536],[118.10775,24.315436],[118.108741,24.314764],[118.108327,24.314758],[118.108274,24.314134],[118.108129,24.314701],[118.107222,24.314437],[118.107448,24.31414],[118.106493,24.314198],[118.10546,24.31509],[118.105895,24.316522],[118.105515,24.316929],[118.104241,24.316438],[118.104044,24.316774],[118.1044,24.317526],[118.103889,24.318033],[118.103365,24.31726],[118.102851,24.317802],[118.103252,24.318415],[118.101455,24.319522],[118.100784,24.319184],[118.099392,24.321233],[118.101133,24.320155],[118.101731,24.321071],[118.103385,24.321637],[118.103723,24.321054],[118.104334,24.320924],[118.104243,24.320093],[118.103937,24.319984],[118.104187,24.320464],[118.103561,24.320157],[118.103979,24.319859],[118.103722,24.319184],[118.104058,24.318989],[118.104694,24.319724],[118.105127,24.319115],[118.105053,24.318347],[118.107277,24.318382],[118.107859,24.318785]]]}},{"type":"Feature","properties":{"id":"osm-way-993487714","layer":"vegetation","category":"forest","name":null,"referenceEra":"modern_reference","source":"OpenStreetMap contributors","license":"ODbL-1.0","sourceAreaDegrees":0.000023692},"geometry":{"type":"Polygon","coordinates":[[[118.146306,24.328324],[118.144901,24.327563],[118.144743,24.326854],[118.144028,24.326308],[118.144824,24.325165],[118.144094,24.324448],[118.144655,24.323372],[118.14401,24.322515],[118.145107,24.321734],[118.146899,24.322956],[118.148374,24.322333],[118.148769,24.322499],[118.149176,24.323657],[118.150265,24.324591],[118.148999,24.325517],[118.148836,24.326304],[118.147854,24.326211],[118.14754,24.32651],[118.147637,24.327512],[118.14677,24.327688],[118.146457,24.328147],[118.146306,24.328324]]]}},{"type":"Feature","properties":{"id":"osm-way-1449659757","layer":"vegetation","category":"forest","name":null,"referenceEra":"modern_reference","source":"OpenStreetMap contributors","license":"ODbL-1.0","sourceAreaDegrees":0.000022824},"geometry":{"type":"Polygon","coordinates":[[[118.424025,24.449501],[118.422041,24.44826],[118.422212,24.44686],[118.423676,24.448096],[118.425136,24.448174],[118.423688,24.446028],[118.425011,24.445713],[118.425337,24.445165],[118.42569,24.445404],[118.426621,24.445055],[118.42703,24.445387],[118.426613,24.445911],[118.428542,24.447928],[118.42889,24.448785],[118.427757,24.449743],[118.428362,24.450006],[118.427884,24.450961],[118.426975,24.451229],[118.425517,24.450596],[118.425132,24.450795],[118.424025,24.449501]]]}},{"type":"Feature","properties":{"id":"osm-way-1250004734","layer":"vegetation","category":"forest","name":null,"referenceEra":"modern_reference","source":"OpenStreetMap contributors","license":"ODbL-1.0","sourceAreaDegrees":0.000022345},"geometry":{"type":"Polygon","coordinates":[[[118.011171,24.504452],[118.011538,24.505327],[118.014719,24.508326],[118.017729,24.507045],[118.017569,24.506222],[118.016413,24.506337],[118.016115,24.505598],[118.01655,24.504712],[118.015898,24.50338],[118.014765,24.502546],[118.012922,24.502244],[118.011721,24.504254],[118.011171,24.504452]]]}},{"type":"Feature","properties":{"id":"osm-way-1004594864","layer":"vegetation","category":"forest","name":null,"referenceEra":"modern_reference","source":"OpenStreetMap contributors","license":"ODbL-1.0","sourceAreaDegrees":0.000022343},"geometry":{"type":"Polygon","coordinates":[[[118.394235,24.506448],[118.394396,24.506948],[118.396289,24.508056],[118.398789,24.508032],[118.399454,24.507587],[118.40109,24.508354],[118.400763,24.509345],[118.400989,24.510702],[118.399867,24.510326],[118.399481,24.510926],[118.396912,24.510692],[118.395147,24.511014],[118.39276,24.509066],[118.393999,24.507758],[118.394235,24.506448]]]}},{"type":"Feature","properties":{"id":"osm-way-1448478409","layer":"vegetation","category":"forest","name":null,"referenceEra":"modern_reference","source":"OpenStreetMap contributors","license":"ODbL-1.0","sourceAreaDegrees":0.000021975},"geometry":{"type":"Polygon","coordinates":[[[118.449256,24.437312],[118.446274,24.435503],[118.446216,24.435057],[118.44664,24.434665],[118.447824,24.434816],[118.449473,24.435673],[118.450161,24.434947],[118.451365,24.437001],[118.45209,24.437016],[118.452099,24.437852],[118.454787,24.439882],[118.453457,24.441083],[118.451643,24.439514],[118.449937,24.440603],[118.448343,24.438657],[118.446553,24.439715],[118.449413,24.437499],[118.449256,24.437312]]]}},{"type":"Feature","properties":{"id":"osm-way-1084506635","layer":"vegetation","category":"forest","name":null,"referenceEra":"modern_reference","source":"OpenStreetMap contributors","license":"ODbL-1.0","sourceAreaDegrees":0.000021827},"geometry":{"type":"Polygon","coordinates":[[[118.021225,24.344418],[118.021427,24.344914],[118.023417,24.346285],[118.025709,24.345324],[118.024855,24.344887],[118.024792,24.344241],[118.023687,24.343691],[118.02425,24.342798],[118.027981,24.344203],[118.028795,24.343994],[118.028669,24.343425],[118.027335,24.342513],[118.027356,24.341601],[118.024,24.340405],[118.023907,24.340888],[118.022034,24.341624],[118.022073,24.342873],[118.02087,24.343852],[118.021225,24.344418]]]}},{"type":"Feature","properties":{"id":"osm-way-1084480340","layer":"vegetation","category":"forest","name":null,"referenceEra":"modern_reference","source":"OpenStreetMap contributors","license":"ODbL-1.0","sourceAreaDegrees":0.000021797},"geometry":{"type":"Polygon","coordinates":[[[118.119889,24.30799],[118.120263,24.305077],[118.119953,24.305033],[118.117567,24.307614],[118.11709,24.307425],[118.117862,24.306555],[118.117647,24.30557],[118.11686,24.304751],[118.116867,24.303794],[118.117647,24.303932],[118.117989,24.303236],[118.117233,24.302917],[118.117313,24.302185],[118.118005,24.302439],[118.117949,24.301859],[118.118522,24.301496],[118.121027,24.30383],[118.120502,24.3047],[118.121424,24.305794],[118.122021,24.305229],[118.123484,24.306338],[118.122673,24.307034],[118.123906,24.308215],[118.120661,24.308411],[118.120359,24.307498],[118.119889,24.30799]]]}},{"type":"Feature","properties":{"id":"osm-way-51807891","layer":"vegetation","category":"forest","name":"园山","referenceEra":"modern_reference","source":"OpenStreetMap contributors","license":"ODbL-1.0","sourceAreaDegrees":0.000021342},"geometry":{"type":"Polygon","coordinates":[[[118.126576,24.511264],[118.124414,24.510334],[118.123081,24.510276],[118.122034,24.511438],[118.127288,24.515382],[118.12796,24.51533],[118.128375,24.514597],[118.129015,24.514879],[118.130515,24.514112],[118.130715,24.513831],[118.12967,24.512668],[118.127663,24.511624],[118.126576,24.511264]]]}},{"type":"Feature","properties":{"id":"osm-way-1371062254","layer":"vegetation","category":"forest","name":null,"referenceEra":"modern_reference","source":"OpenStreetMap contributors","license":"ODbL-1.0","sourceAreaDegrees":0.000021326},"geometry":{"type":"Polygon","coordinates":[[[117.974859,24.344134],[117.974832,24.342462],[117.975329,24.341988],[117.974098,24.341792],[117.973537,24.342352],[117.973409,24.342086],[117.974962,24.339796],[117.97534,24.339889],[117.975109,24.340805],[117.9759,24.340698],[117.975522,24.339832],[117.975949,24.339515],[117.975058,24.33951],[117.975064,24.338825],[117.974524,24.338728],[117.974801,24.339301],[117.974552,24.339733],[117.974284,24.339211],[117.973806,24.339464],[117.973626,24.339048],[117.972717,24.33896],[117.973155,24.337401],[117.97741,24.338023],[117.976799,24.338461],[117.977829,24.338901],[117.977724,24.339925],[117.978883,24.340599],[117.978574,24.34121],[117.97799,24.341276],[117.978338,24.341714],[117.977845,24.342053],[117.977936,24.342994],[117.977284,24.343603],[117.976544,24.34351],[117.976447,24.343874],[117.97531,24.34359],[117.975149,24.344099],[117.974859,24.344134]]]}},{"type":"Feature","properties":{"id":"osm-way-1415928045","layer":"vegetation","category":"forest","name":null,"referenceEra":"modern_reference","source":"OpenStreetMap contributors","license":"ODbL-1.0","sourceAreaDegrees":0.000020348},"geometry":{"type":"Polygon","coordinates":[[[118.230334,24.424876],[118.230943,24.425199],[118.232831,24.427753],[118.234638,24.427253],[118.23577,24.426101],[118.237129,24.425985],[118.237696,24.426359],[118.238149,24.425985],[118.237469,24.424245],[118.235416,24.421899],[118.234765,24.422402],[118.234482,24.423484],[118.233732,24.423484],[118.23342,24.424271],[118.233944,24.424696],[118.231722,24.424902],[118.230334,24.424876]]]}},{"type":"Feature","properties":{"id":"osm-way-1084938589","layer":"vegetation","category":"forest","name":null,"referenceEra":"modern_reference","source":"OpenStreetMap contributors","license":"ODbL-1.0","sourceAreaDegrees":0.000020296},"geometry":{"type":"Polygon","coordinates":[[[117.968311,24.60803],[117.969459,24.608352],[117.971808,24.610195],[117.973203,24.610098],[117.974104,24.60961],[117.976454,24.607571],[117.974437,24.607513],[117.974458,24.607055],[117.976089,24.606138],[117.975295,24.606011],[117.974694,24.606343],[117.973739,24.605621],[117.974565,24.60444],[117.973203,24.604518],[117.97286,24.605357],[117.973503,24.60564],[117.973149,24.605904],[117.973471,24.606196],[117.972967,24.606811],[117.972119,24.60606],[117.971765,24.606459],[117.972259,24.606869],[117.97125,24.607406],[117.970167,24.607094],[117.970016,24.607367],[117.96845,24.606938],[117.967731,24.606108],[117.968268,24.607084],[117.968311,24.60803]]]}},{"type":"Feature","properties":{"id":"osm-way-1004594868","layer":"vegetation","category":"forest","name":null,"referenceEra":"modern_reference","source":"OpenStreetMap contributors","license":"ODbL-1.0","sourceAreaDegrees":0.000020162},"geometry":{"type":"Polygon","coordinates":[[[118.405865,24.510511],[118.40638,24.510506],[118.406627,24.511302],[118.408198,24.512249],[118.40859,24.51324],[118.410135,24.514509],[118.409631,24.516022],[118.405849,24.515246],[118.403692,24.513679],[118.403558,24.512437],[118.404189,24.511836],[118.405398,24.511668],[118.405146,24.510955],[118.405511,24.510609],[118.405865,24.510511]]]}},{"type":"Feature","properties":{"id":"osm-way-935795706","layer":"vegetation","category":"forest","name":null,"referenceEra":"modern_reference","source":"OpenStreetMap contributors","license":"ODbL-1.0","sourceAreaDegrees":0.000019726},"geometry":{"type":"Polygon","coordinates":[[[118.297928,24.610302],[118.299387,24.609962],[118.299769,24.611174],[118.30046,24.611193],[118.301111,24.609999],[118.301192,24.609252],[118.300347,24.609389],[118.299749,24.608332],[118.300042,24.606354],[118.300428,24.606151],[118.299798,24.605833],[118.299981,24.605105],[118.294858,24.604613],[118.295041,24.605597],[118.295862,24.606022],[118.29628,24.606828],[118.296772,24.606876],[118.297895,24.610132],[118.297928,24.610302]]]}},{"type":"Feature","properties":{"id":"osm-way-1004029073","layer":"vegetation","category":"forest","name":null,"referenceEra":"modern_reference","source":"OpenStreetMap contributors","license":"ODbL-1.0","sourceAreaDegrees":0.00001937},"geometry":{"type":"Polygon","coordinates":[[[118.395629,24.492113],[118.396885,24.492318],[118.397394,24.491205],[118.397706,24.49122],[118.398365,24.492216],[118.399706,24.492514],[118.400731,24.4941],[118.400586,24.494969],[118.399358,24.494325],[118.397904,24.49494],[118.397437,24.495238],[118.397217,24.496067],[118.394905,24.497903],[118.394626,24.497625],[118.393956,24.498508],[118.393629,24.497722],[118.395651,24.49349],[118.395533,24.492558],[118.395629,24.492113]]]}},{"type":"Feature","properties":{"id":"osm-way-975333540","layer":"vegetation","category":"forest","name":null,"referenceEra":"modern_reference","source":"OpenStreetMap contributors","license":"ODbL-1.0","sourceAreaDegrees":0.000019226},"geometry":{"type":"Polygon","coordinates":[[[118.459757,24.477502],[118.460036,24.478107],[118.461007,24.478195],[118.461334,24.47945],[118.46341,24.481296],[118.463754,24.481413],[118.464665,24.480475],[118.466548,24.481164],[118.466951,24.480988],[118.46679,24.480163],[118.4651,24.478556],[118.464585,24.477243],[118.463872,24.476682],[118.463045,24.476706],[118.462258,24.476214],[118.460585,24.477405],[118.459876,24.476936],[118.459855,24.476272],[118.460384,24.475732],[118.459682,24.475984],[118.459194,24.475525],[118.459054,24.476032],[118.459929,24.477321],[118.459757,24.477502]]]}},{"type":"Feature","properties":{"id":"osm-way-1449397130","layer":"vegetation","category":"forest","name":null,"referenceEra":"modern_reference","source":"OpenStreetMap contributors","license":"ODbL-1.0","sourceAreaDegrees":0.000018837},"geometry":{"type":"Polygon","coordinates":[[[118.415764,24.429092],[118.416191,24.427915],[118.41485,24.428068],[118.415306,24.428338],[118.41484,24.428875],[118.414215,24.427887],[118.411451,24.429819],[118.412752,24.430609],[118.412971,24.43271],[118.413578,24.432443],[118.414131,24.432681],[118.415024,24.434584],[118.415779,24.43447],[118.415105,24.433629],[118.415404,24.43348],[118.414985,24.432843],[118.415386,24.432819],[118.415374,24.431875],[118.416074,24.43234],[118.415465,24.433556],[118.415892,24.434424],[118.416232,24.434393],[118.416611,24.432035],[118.415902,24.431956],[118.415762,24.431358],[118.416458,24.430964],[118.4167,24.431563],[118.416807,24.430395],[118.416331,24.428711],[118.41574,24.429156],[118.415764,24.429092]]]}},{"type":"Feature","properties":{"id":"osm-way-1446281733","layer":"vegetation","category":"forest","name":null,"referenceEra":"modern_reference","source":"OpenStreetMap contributors","license":"ODbL-1.0","sourceAreaDegrees":0.000017959},"geometry":{"type":"Polygon","coordinates":[[[118.387521,24.45686],[118.386781,24.456537],[118.385997,24.457018],[118.386801,24.458186],[118.386239,24.458244],[118.385714,24.457549],[118.385832,24.456606],[118.384108,24.453839],[118.38402,24.452635],[118.385358,24.450876],[118.385256,24.450173],[118.387292,24.450539],[118.387521,24.45686]]]}},{"type":"Feature","properties":{"id":"osm-way-1415928049","layer":"vegetation","category":"forest","name":null,"referenceEra":"modern_reference","source":"OpenStreetMap contributors","license":"ODbL-1.0","sourceAreaDegrees":0.000017794},"geometry":{"type":"Polygon","coordinates":[[[118.230603,24.41196],[118.225832,24.405759],[118.22528,24.405631],[118.22402,24.40621],[118.223737,24.408196],[118.222817,24.409227],[118.222803,24.409885],[118.224402,24.410284],[118.227007,24.409524],[118.227828,24.410555],[118.229833,24.41187],[118.230603,24.41196]]]}},{"type":"Feature","properties":{"id":"osm-way-1003739610","layer":"vegetation","category":"forest","name":null,"referenceEra":"modern_reference","source":"OpenStreetMap contributors","license":"ODbL-1.0","sourceAreaDegrees":0.000017429},"geometry":{"type":"Polygon","coordinates":[[[118.303112,24.409326],[118.304016,24.40866],[118.303053,24.408105],[118.305722,24.405076],[118.308104,24.406298],[118.308307,24.406806],[118.30739,24.407514],[118.307685,24.410264],[118.306897,24.410499],[118.30592,24.40979],[118.304008,24.410135],[118.303112,24.409326]]]}},{"type":"Feature","properties":{"id":"osm-way-1369810334","layer":"vegetation","category":"forest","name":null,"referenceEra":"modern_reference","source":"OpenStreetMap contributors","license":"ODbL-1.0","sourceAreaDegrees":0.000017129},"geometry":{"type":"Polygon","coordinates":[[[117.957279,24.403271],[117.957522,24.402993],[117.958643,24.403911],[117.958237,24.404224],[117.959046,24.404787],[117.959495,24.404733],[117.959335,24.404063],[117.959654,24.404036],[117.961991,24.405215],[117.962314,24.405216],[117.961297,24.404659],[117.961478,24.404437],[117.962652,24.404821],[117.962433,24.404141],[117.96198,24.40409],[117.962708,24.403638],[117.962983,24.40384],[117.962699,24.404039],[117.962886,24.404858],[117.963301,24.405031],[117.963392,24.404713],[117.963376,24.405091],[117.963991,24.405313],[117.964054,24.404582],[117.964294,24.405222],[117.965917,24.404932],[117.965777,24.405651],[117.966354,24.405859],[117.964222,24.405901],[117.965839,24.406865],[117.966439,24.406186],[117.968389,24.407161],[117.968341,24.407581],[117.967335,24.407402],[117.967164,24.407995],[117.966464,24.408111],[117.966276,24.407564],[117.965477,24.407636],[117.964631,24.406552],[117.963938,24.406788],[117.963851,24.405794],[117.963004,24.405415],[117.962408,24.405805],[117.962149,24.406675],[117.959961,24.406979],[117.959205,24.40643],[117.958762,24.405239],[117.957294,24.403934],[117.957722,24.403456],[117.957372,24.403391],[117.957279,24.403271]]]}},{"type":"Feature","properties":{"id":"osm-way-1343407079","layer":"vegetation","category":"forest","name":null,"referenceEra":"modern_reference","source":"OpenStreetMap contributors","license":"ODbL-1.0","sourceAreaDegrees":0.000016397},"geometry":{"type":"Polygon","coordinates":[[[117.953116,24.413186],[117.954585,24.413343],[117.955282,24.41379],[117.957352,24.412527],[117.957968,24.412815],[117.958911,24.413476],[117.95831,24.41424],[117.958568,24.414918],[117.958154,24.415076],[117.960086,24.416736],[117.958318,24.417482],[117.95755,24.416938],[117.955976,24.417036],[117.955707,24.416506],[117.956739,24.416744],[117.956538,24.415807],[117.95533,24.4161],[117.955406,24.415775],[117.954591,24.415227],[117.955034,24.414737],[117.95437,24.414838],[117.953131,24.413829],[117.953116,24.413186]]]}},{"type":"Feature","properties":{"id":"osm-way-151682146","layer":"vegetation","category":"forest","name":null,"referenceEra":"modern_reference","source":"OpenStreetMap contributors","license":"ODbL-1.0","sourceAreaDegrees":0.000016374},"geometry":{"type":"Polygon","coordinates":[[[118.162981,24.390221],[118.163357,24.389023],[118.162365,24.38758],[118.161592,24.387374],[118.16406,24.387487],[118.164376,24.386886],[118.164873,24.386979],[118.165822,24.386243],[118.165715,24.385682],[118.166326,24.385894],[118.166171,24.38563],[118.167109,24.385176],[118.167917,24.385207],[118.16833,24.385742],[118.16907,24.385415],[118.170945,24.385791],[118.171465,24.386238],[118.171669,24.387196],[118.170752,24.386343],[118.170822,24.386028],[118.169446,24.386124],[118.169539,24.38661],[118.169969,24.386571],[118.170148,24.386031],[118.170443,24.386624],[118.170811,24.386527],[118.170406,24.387096],[118.170508,24.387963],[118.168644,24.387797],[118.167911,24.387113],[118.167018,24.387944],[118.166356,24.387528],[118.16624,24.388479],[118.16439,24.388693],[118.164451,24.388134],[118.16406,24.387782],[118.163647,24.388029],[118.16417,24.388469],[118.163067,24.390201],[118.162981,24.390221]]]}},{"type":"Feature","properties":{"id":"osm-way-1414798311","layer":"vegetation","category":"forest","name":null,"referenceEra":"modern_reference","source":"OpenStreetMap contributors","license":"ODbL-1.0","sourceAreaDegrees":0.000016271},"geometry":{"type":"Polygon","coordinates":[[[118.373317,24.691967],[118.371192,24.691724],[118.37167,24.691542],[118.37165,24.69062],[118.372751,24.68998],[118.371065,24.689693],[118.37332,24.689255],[118.373835,24.6898],[118.372882,24.69036],[118.374014,24.690419],[118.374263,24.68929],[118.37372,24.689388],[118.37326,24.688495],[118.373694,24.688117],[118.374865,24.688223],[118.376346,24.68768],[118.37741,24.68825],[118.377347,24.689009],[118.376686,24.68923],[118.377172,24.689618],[118.376638,24.691322],[118.374756,24.691843],[118.373361,24.691581],[118.373317,24.691967]]]}},{"type":"Feature","properties":{"id":"osm-way-1003739615","layer":"vegetation","category":"forest","name":null,"referenceEra":"modern_reference","source":"OpenStreetMap contributors","license":"ODbL-1.0","sourceAreaDegrees":0.000016245},"geometry":{"type":"Polygon","coordinates":[[[118.301399,24.404683],[118.301404,24.405365],[118.303024,24.406693],[118.304129,24.406664],[118.301559,24.40939],[118.301602,24.408342],[118.298512,24.408735],[118.298153,24.408276],[118.298437,24.407211],[118.297831,24.406469],[118.298153,24.40577],[118.297778,24.405428],[118.301399,24.404683]]]}},{"type":"Feature","properties":{"id":"osm-way-993452415","layer":"vegetation","category":"forest","name":null,"referenceEra":"modern_reference","source":"OpenStreetMap contributors","license":"ODbL-1.0","sourceAreaDegrees":0.000016243},"geometry":{"type":"Polygon","coordinates":[[[118.407129,24.554887],[118.409025,24.554554],[118.409535,24.554873],[118.409301,24.555203],[118.407987,24.555116],[118.405205,24.556219],[118.40451,24.555183],[118.402451,24.554164],[118.40287,24.55323],[118.402796,24.552079],[118.398808,24.549634],[118.400836,24.548685],[118.401656,24.549687],[118.40286,24.549827],[118.404045,24.553462],[118.404931,24.553397],[118.406544,24.554724],[118.407129,24.554887]]]}},{"type":"Feature","properties":{"id":"osm-way-1003742175","layer":"vegetation","category":"forest","name":null,"referenceEra":"modern_reference","source":"OpenStreetMap contributors","license":"ODbL-1.0","sourceAreaDegrees":0.000015852},"geometry":{"type":"Polygon","coordinates":[[[118.341924,24.438996],[118.341317,24.439283],[118.339566,24.438944],[118.337653,24.439126],[118.336818,24.439585],[118.334253,24.43885],[118.335318,24.436718],[118.338191,24.436119],[118.339806,24.436922],[118.34122,24.438595],[118.341924,24.438996]]]}},{"type":"Feature","properties":{"id":"osm-way-1415928050","layer":"vegetation","category":"forest","name":null,"referenceEra":"modern_reference","source":"OpenStreetMap contributors","license":"ODbL-1.0","sourceAreaDegrees":0.000015792},"geometry":{"type":"Polygon","coordinates":[[[118.22228,24.409487],[118.217195,24.410561],[118.21565,24.410503],[118.215135,24.409799],[118.21344,24.410698],[118.213024,24.411523],[118.216101,24.412339],[118.217238,24.413824],[118.217263,24.41449],[118.217882,24.41484],[118.219469,24.414665],[118.220692,24.414098],[118.218371,24.413707],[118.21777,24.412632],[118.218114,24.41187],[118.219959,24.410639],[118.222899,24.410131],[118.22228,24.409487]]]}},{"type":"Feature","properties":{"id":"osm-way-1449659756","layer":"vegetation","category":"forest","name":null,"referenceEra":"modern_reference","source":"OpenStreetMap contributors","license":"ODbL-1.0","sourceAreaDegrees":0.000015636},"geometry":{"type":"Polygon","coordinates":[[[118.417321,24.446346],[118.416692,24.445399],[118.416594,24.44439],[118.418582,24.442907],[118.418431,24.442126],[118.418894,24.442643],[118.420269,24.443047],[118.420983,24.444277],[118.422123,24.444939],[118.421458,24.447236],[118.421879,24.447997],[118.421382,24.447676],[118.421127,24.44822],[118.419427,24.447679],[118.419846,24.447211],[118.420691,24.447288],[118.420901,24.446979],[118.419672,24.446443],[118.419967,24.445977],[118.420626,24.446367],[118.421071,24.44585],[118.42036,24.445172],[118.419779,24.445256],[118.419839,24.445833],[118.41921,24.446888],[118.418319,24.445036],[118.417365,24.445814],[118.417618,24.446214],[118.417321,24.446346]]]}},{"type":"Feature","properties":{"id":"osm-way-1245776486","layer":"vegetation","category":"forest","name":null,"referenceEra":"modern_reference","source":"OpenStreetMap contributors","license":"ODbL-1.0","sourceAreaDegrees":0.000015012},"geometry":{"type":"Polygon","coordinates":[[[118.043628,24.461617],[118.044266,24.463636],[118.045042,24.463695],[118.046898,24.465303],[118.047577,24.46518],[118.047751,24.463954],[118.046664,24.462584],[118.046505,24.462098],[118.046934,24.461763],[118.046056,24.461136],[118.046052,24.459664],[118.045621,24.458612],[118.045378,24.458909],[118.044147,24.458543],[118.043561,24.459908],[118.044314,24.460787],[118.043735,24.461593],[118.043628,24.461617]]]}},{"type":"Feature","properties":{"id":"osm-way-1084506634","layer":"vegetation","category":"forest","name":null,"referenceEra":"modern_reference","source":"OpenStreetMap contributors","license":"ODbL-1.0","sourceAreaDegrees":0.000014943},"geometry":{"type":"Polygon","coordinates":[[[117.999193,24.345338],[117.999515,24.345138],[117.999015,24.344753],[117.997727,24.345496],[117.997545,24.345058],[117.998231,24.344722],[117.99789,24.344103],[117.998503,24.3446],[117.998919,24.344259],[117.999105,24.343158],[117.998174,24.342082],[117.99515,24.343425],[117.995193,24.344421],[117.994372,24.345414],[117.994316,24.346065],[117.995067,24.346995],[117.999315,24.345742],[117.999193,24.345338]]]}},{"type":"Feature","properties":{"id":"osm-way-1003279745","layer":"vegetation","category":"forest","name":null,"referenceEra":"modern_reference","source":"OpenStreetMap contributors","license":"ODbL-1.0","sourceAreaDegrees":0.000014915},"geometry":{"type":"Polygon","coordinates":[[[118.436362,24.440642],[118.433105,24.43831],[118.432923,24.437866],[118.433341,24.437836],[118.433588,24.436752],[118.433974,24.437016],[118.43745,24.436835],[118.438572,24.438325],[118.438786,24.439541],[118.43811,24.440415],[118.437182,24.440508],[118.436362,24.440642]]]}},{"type":"Feature","properties":{"id":"osm-way-1077846414","layer":"vegetation","category":"forest","name":null,"referenceEra":"modern_reference","source":"OpenStreetMap contributors","license":"ODbL-1.0","sourceAreaDegrees":0.000014522},"geometry":{"type":"Polygon","coordinates":[[[118.125787,24.552012],[118.126771,24.552464],[118.127868,24.551354],[118.127315,24.550947],[118.128978,24.550776],[118.13327,24.55395],[118.132761,24.554536],[118.131779,24.554004],[118.130583,24.555385],[118.125787,24.552012]]]}},{"type":"Feature","properties":{"id":"osm-way-1408486461","layer":"vegetation","category":"forest","name":null,"referenceEra":"modern_reference","source":"OpenStreetMap contributors","license":"ODbL-1.0","sourceAreaDegrees":0.000014497},"geometry":{"type":"Polygon","coordinates":[[[118.111669,24.613895],[118.11253,24.614409],[118.112678,24.615002],[118.113665,24.615882],[118.113311,24.61675],[118.113606,24.617101],[118.114762,24.616728],[118.115253,24.617357],[118.114995,24.617704],[118.112815,24.61803],[118.112734,24.618693],[118.113735,24.618498],[118.113059,24.61924],[118.112938,24.619649],[118.113416,24.619966],[118.113206,24.620179],[118.111023,24.619054],[118.110433,24.618169],[118.110425,24.61703],[118.110934,24.616472],[118.110669,24.615236],[118.111409,24.614204],[118.111669,24.613895]]]}},{"type":"Feature","properties":{"id":"osm-way-1449392602","layer":"vegetation","category":"forest","name":null,"referenceEra":"modern_reference","source":"OpenStreetMap contributors","license":"ODbL-1.0","sourceAreaDegrees":0.00001431},"geometry":{"type":"Polygon","coordinates":[[[118.420151,24.428133],[118.418782,24.42798],[118.418635,24.427529],[118.416358,24.428453],[118.416873,24.430357],[118.416624,24.432619],[118.416885,24.432706],[118.416396,24.434048],[118.417107,24.433221],[118.418,24.432942],[118.41782,24.432515],[118.418423,24.432371],[118.418272,24.432122],[118.419629,24.43238],[118.419741,24.431695],[118.419022,24.431035],[118.419699,24.429722],[118.419303,24.42966],[118.419797,24.429373],[118.420028,24.428586],[118.420151,24.428133]]]}},{"type":"Feature","properties":{"id":"osm-way-343520952","layer":"vegetation","category":"forest","name":"金龜山","referenceEra":"modern_reference","source":"OpenStreetMap contributors","license":"ODbL-1.0","sourceAreaDegrees":0.000014062},"geometry":{"type":"Polygon","coordinates":[[[118.403498,24.501305],[118.404165,24.502222],[118.405697,24.502222],[118.406733,24.503123],[118.404809,24.50427],[118.401419,24.503998],[118.399485,24.504253],[118.399443,24.503791],[118.400894,24.502607],[118.401299,24.501668],[118.40329,24.50074],[118.403645,24.501171],[118.403498,24.501305]]]}},{"type":"Feature","properties":{"id":"osm-way-240360009","layer":"vegetation","category":"forest","name":null,"referenceEra":"modern_reference","source":"OpenStreetMap contributors","license":"ODbL-1.0","sourceAreaDegrees":0.0000138},"geometry":{"type":"Polygon","coordinates":[[[118.148026,24.333146],[118.147681,24.333803],[118.147039,24.333769],[118.146741,24.334208],[118.148053,24.33662],[118.147477,24.336075],[118.146806,24.336873],[118.146959,24.337311],[118.14658,24.337364],[118.145883,24.33657],[118.144378,24.336693],[118.144663,24.337789],[118.143999,24.337789],[118.143758,24.338494],[118.146055,24.338779],[118.145968,24.338201],[118.146303,24.338088],[118.146908,24.338527],[118.147463,24.338387],[118.147441,24.337836],[118.148651,24.336667],[118.148746,24.336029],[118.147864,24.335012],[118.149512,24.335006],[118.150474,24.334521],[118.150766,24.333929],[118.149526,24.332574],[118.149424,24.332953],[118.148753,24.333159],[118.148026,24.333146]]]}},{"type":"Feature","properties":{"id":"osm-way-1084495315","layer":"vegetation","category":"forest","name":null,"referenceEra":"modern_reference","source":"OpenStreetMap contributors","license":"ODbL-1.0","sourceAreaDegrees":0.000013779},"geometry":{"type":"Polygon","coordinates":[[[118.043702,24.405562],[118.043465,24.402959],[118.045003,24.400947],[118.045674,24.400759],[118.046757,24.40215],[118.046831,24.405738],[118.045596,24.406065],[118.044445,24.405552],[118.043702,24.405562]]]}},{"type":"Feature","properties":{"id":"osm-way-1077846413","layer":"vegetation","category":"forest","name":null,"referenceEra":"modern_reference","source":"OpenStreetMap contributors","license":"ODbL-1.0","sourceAreaDegrees":0.000013757},"geometry":{"type":"Polygon","coordinates":[[[118.131789,24.556354],[118.134241,24.557807],[118.136635,24.558169],[118.137461,24.559005],[118.139032,24.55786],[118.134105,24.554593],[118.133605,24.55509],[118.132948,24.554851],[118.131768,24.556261],[118.131789,24.556354]]]}},{"type":"Feature","properties":{"id":"osm-way-1250822697","layer":"vegetation","category":"forest","name":"龙山","referenceEra":"modern_reference","source":"OpenStreetMap contributors","license":"ODbL-1.0","sourceAreaDegrees":0.000013591},"geometry":{"type":"Polygon","coordinates":[[[118.127949,24.486738],[118.129418,24.48561],[118.129456,24.48496],[118.130089,24.484731],[118.129928,24.483974],[118.132186,24.484077],[118.13246,24.48455],[118.133731,24.483672],[118.133249,24.482754],[118.133474,24.482656],[118.13276,24.482124],[118.1304,24.482339],[118.130432,24.482876],[118.129418,24.483091],[118.128533,24.484062],[118.127214,24.483613],[118.126538,24.484628],[118.127949,24.486738]]]}},{"type":"Feature","properties":{"id":"osm-way-1448478895","layer":"vegetation","category":"forest","name":null,"referenceEra":"modern_reference","source":"OpenStreetMap contributors","license":"ODbL-1.0","sourceAreaDegrees":0.000013336},"geometry":{"type":"Polygon","coordinates":[[[118.439477,24.431554],[118.437603,24.430058],[118.435538,24.429069],[118.436359,24.428551],[118.436858,24.429374],[118.437426,24.429541],[118.438971,24.428456],[118.436893,24.426564],[118.437212,24.426289],[118.43823,24.426658],[118.437731,24.425623],[118.43834,24.424959],[118.437525,24.424186],[118.438064,24.424329],[118.437884,24.423435],[118.438368,24.423142],[118.43931,24.424057],[118.438747,24.426181],[118.440002,24.427227],[118.440067,24.427847],[118.441047,24.428896],[118.441075,24.429713],[118.440306,24.429806],[118.439749,24.429117],[118.439348,24.429296],[118.4395,24.429952],[118.439077,24.430342],[118.440065,24.43123],[118.439477,24.431554]]]}},{"type":"Feature","properties":{"id":"osm-way-1343675245","layer":"vegetation","category":"forest","name":null,"referenceEra":"modern_reference","source":"OpenStreetMap contributors","license":"ODbL-1.0","sourceAreaDegrees":0.000013182},"geometry":{"type":"Polygon","coordinates":[[[117.998595,24.383588],[117.999143,24.383315],[117.999164,24.382416],[117.998574,24.382582],[117.998359,24.381204],[117.997297,24.380363],[117.997083,24.378145],[117.995978,24.377559],[117.995205,24.377666],[117.994368,24.378898],[117.993649,24.379142],[117.996407,24.382005],[117.997812,24.382406],[117.998317,24.38353],[117.998595,24.383588]]]}},{"type":"Feature","properties":{"id":"osm-way-1084946628","layer":"vegetation","category":"forest","name":null,"referenceEra":"modern_reference","source":"OpenStreetMap contributors","license":"ODbL-1.0","sourceAreaDegrees":0.00001247},"geometry":{"type":"Polygon","coordinates":[[[118.028797,24.622512],[118.026254,24.621303],[118.024827,24.620201],[118.024001,24.618835],[118.024956,24.618611],[118.026973,24.619294],[118.027477,24.61903],[118.02723,24.618435],[118.027745,24.618367],[118.028582,24.619206],[118.028883,24.620483],[118.030009,24.620152],[118.029988,24.62103],[118.028797,24.622512]]]}},{"type":"Feature","properties":{"id":"osm-way-172600567","layer":"vegetation","category":"forest","name":"薛岭山","referenceEra":"modern_reference","source":"OpenStreetMap contributors","license":"ODbL-1.0","sourceAreaDegrees":0.00001205},"geometry":{"type":"Polygon","coordinates":[[[118.136598,24.509057],[118.13737,24.50933],[118.142102,24.509213],[118.142499,24.508686],[118.143153,24.509252],[118.143915,24.509057],[118.143893,24.506841],[118.143136,24.50676],[118.143158,24.507609],[118.141688,24.507014],[118.140197,24.507121],[118.137354,24.508508],[118.136823,24.508364],[118.136587,24.508774],[118.136598,24.509057]]]}},{"type":"Feature","properties":{"id":"osm-way-1003742182","layer":"vegetation","category":"forest","name":null,"referenceEra":"modern_reference","source":"OpenStreetMap contributors","license":"ODbL-1.0","sourceAreaDegrees":0.000011923},"geometry":{"type":"Polygon","coordinates":[[[118.334792,24.424002],[118.335151,24.423118],[118.335722,24.422977],[118.334636,24.42242],[118.33469,24.42188],[118.334247,24.4222],[118.333998,24.42198],[118.331772,24.423971],[118.331511,24.423785],[118.330122,24.424781],[118.330235,24.425194],[118.329889,24.425314],[118.329846,24.424933],[118.329298,24.425338],[118.329685,24.425568],[118.32954,24.426019],[118.330189,24.425985],[118.329647,24.426171],[118.330219,24.426779],[118.331316,24.426068],[118.331903,24.426471],[118.331627,24.426029],[118.331997,24.425731],[118.334202,24.424625],[118.334792,24.424002]]]}},{"type":"Feature","properties":{"id":"osm-way-1003742177","layer":"vegetation","category":"forest","name":null,"referenceEra":"modern_reference","source":"OpenStreetMap contributors","license":"ODbL-1.0","sourceAreaDegrees":0.000011885},"geometry":{"type":"Polygon","coordinates":[[[118.335472,24.430693],[118.338438,24.43013],[118.338787,24.430725],[118.338415,24.43135],[118.33889,24.432163],[118.341403,24.433575],[118.340991,24.434347],[118.341775,24.435238],[118.341297,24.43588],[118.338461,24.433393],[118.336852,24.432658],[118.336869,24.432262],[118.335489,24.431324],[118.335329,24.430813],[118.335472,24.430693]]]}},{"type":"Feature","properties":{"id":"osm-way-1551336250","layer":"vegetation","category":"forest","name":null,"referenceEra":"modern_reference","source":"OpenStreetMap contributors","license":"ODbL-1.0","sourceAreaDegrees":0.000011662},"geometry":{"type":"Polygon","coordinates":[[[118.0472,24.521581],[118.04661,24.520058],[118.04521,24.518965],[118.041991,24.519111],[118.041809,24.519575],[118.042318,24.520273],[118.041358,24.519946],[118.040307,24.520312],[118.040258,24.520776],[118.041771,24.520829],[118.042543,24.521244],[118.046878,24.521571],[118.0472,24.521581]]]}},{"type":"Feature","properties":{"id":"osm-way-1305942342","layer":"vegetation","category":"forest","name":null,"referenceEra":"modern_reference","source":"OpenStreetMap contributors","license":"ODbL-1.0","sourceAreaDegrees":0.000011368},"geometry":{"type":"Polygon","coordinates":[[[118.326289,24.663164],[118.325511,24.662033],[118.325586,24.661361],[118.325243,24.661356],[118.324884,24.660595],[118.32586,24.660858],[118.325677,24.659581],[118.326343,24.659323],[118.327748,24.659552],[118.328022,24.660298],[118.328585,24.660429],[118.329416,24.658821],[118.329615,24.659523],[118.330286,24.659391],[118.329234,24.66197],[118.328574,24.661458],[118.327888,24.661931],[118.328274,24.662365],[118.328022,24.662501],[118.326793,24.662058],[118.32689,24.66273],[118.326289,24.663164]]]}},{"type":"Feature","properties":{"id":"osm-way-1084946627","layer":"vegetation","category":"forest","name":null,"referenceEra":"modern_reference","source":"OpenStreetMap contributors","license":"ODbL-1.0","sourceAreaDegrees":0.000011257},"geometry":{"type":"Polygon","coordinates":[[[118.034365,24.617538],[118.033721,24.615675],[118.034086,24.614261],[118.036146,24.614807],[118.035567,24.615382],[118.035867,24.615694],[118.03664,24.615646],[118.037251,24.614368],[118.037766,24.615597],[118.039558,24.616445],[118.039,24.616914],[118.038066,24.616455],[118.03665,24.617899],[118.034365,24.617538]]]}},{"type":"Feature","properties":{"id":"osm-way-995133368","layer":"vegetation","category":"forest","name":null,"referenceEra":"modern_reference","source":"OpenStreetMap contributors","license":"ODbL-1.0","sourceAreaDegrees":0.000011143},"geometry":{"type":"Polygon","coordinates":[[[118.06192,24.495365],[118.063218,24.495443],[118.06344,24.495],[118.063082,24.493809],[118.063671,24.493385],[118.061896,24.492732],[118.061877,24.493682],[118.060935,24.494249],[118.060315,24.493357],[118.061579,24.492516],[118.061844,24.491843],[118.062546,24.491459],[118.06243,24.49119],[118.064975,24.493272],[118.064613,24.495234],[118.064956,24.495677],[118.063674,24.496665],[118.062148,24.495928],[118.06192,24.495365]]]}},{"type":"Feature","properties":{"id":"osm-way-1003279721","layer":"vegetation","category":"forest","name":null,"referenceEra":"modern_reference","source":"OpenStreetMap contributors","license":"ODbL-1.0","sourceAreaDegrees":0.000011101},"geometry":{"type":"Polygon","coordinates":[[[118.442921,24.415855],[118.44313,24.414217],[118.443997,24.413362],[118.445097,24.413642],[118.447314,24.415218],[118.447115,24.415775],[118.446599,24.415933],[118.447005,24.416605],[118.446708,24.416821],[118.445345,24.416446],[118.444275,24.417298],[118.442807,24.41659],[118.443091,24.416056],[118.442921,24.415855]]]}},{"type":"Feature","properties":{"id":"osm-way-1003279741","layer":"vegetation","category":"forest","name":null,"referenceEra":"modern_reference","source":"OpenStreetMap contributors","license":"ODbL-1.0","sourceAreaDegrees":0.000010918},"geometry":{"type":"Polygon","coordinates":[[[118.422545,24.426305],[118.426453,24.425109],[118.427915,24.425807],[118.427156,24.426339],[118.427196,24.427407],[118.426437,24.42769],[118.426311,24.42686],[118.425643,24.426974],[118.426322,24.427878],[118.423766,24.428537],[118.422511,24.427038],[118.422704,24.426461],[118.422545,24.426305]]]}},{"type":"Feature","properties":{"id":"osm-way-1003739649","layer":"vegetation","category":"forest","name":null,"referenceEra":"modern_reference","source":"OpenStreetMap contributors","license":"ODbL-1.0","sourceAreaDegrees":0.000010854},"geometry":{"type":"Polygon","coordinates":[[[118.321287,24.421455],[118.323017,24.420937],[118.323966,24.421426],[118.324189,24.421741],[118.323516,24.422449],[118.324009,24.424193],[118.323355,24.424459],[118.320772,24.424127],[118.320694,24.42357],[118.320077,24.423353],[118.319747,24.422659],[118.320423,24.421189],[118.321169,24.421484],[118.321043,24.422329],[118.321271,24.421614],[118.321287,24.421455]]]}},{"type":"Feature","properties":{"id":"osm-way-1084506612","layer":"vegetation","category":"forest","name":null,"referenceEra":"modern_reference","source":"OpenStreetMap contributors","license":"ODbL-1.0","sourceAreaDegrees":0.000010853},"geometry":{"type":"Polygon","coordinates":[[[118.00018,24.319366],[117.998913,24.318282],[117.999439,24.318226],[117.999284,24.316846],[118.000706,24.31655],[118.001401,24.315762],[118.003549,24.317592],[118.003209,24.318972],[118.00018,24.319366]]]}},{"type":"Feature","properties":{"id":"osm-way-1084946624","layer":"vegetation","category":"forest","name":null,"referenceEra":"modern_reference","source":"OpenStreetMap contributors","license":"ODbL-1.0","sourceAreaDegrees":0.000010367},"geometry":{"type":"Polygon","coordinates":[[[118.06491,24.625779],[118.063698,24.626823],[118.0683,24.630675],[118.06991,24.630373],[118.067571,24.627979],[118.06491,24.625779]]]}},{"type":"Feature","properties":{"id":"osm-way-1003279742","layer":"vegetation","category":"forest","name":null,"referenceEra":"modern_reference","source":"OpenStreetMap contributors","license":"ODbL-1.0","sourceAreaDegrees":0.000010242},"geometry":{"type":"Polygon","coordinates":[[[118.428095,24.43389],[118.429254,24.435277],[118.430517,24.434921],[118.430748,24.432286],[118.430431,24.430657],[118.429525,24.430469],[118.428725,24.431438],[118.426959,24.431931],[118.427993,24.43243],[118.427321,24.432511],[118.428014,24.43305],[118.428619,24.432876],[118.428792,24.433578],[118.428197,24.433343],[118.428218,24.433763],[118.428095,24.43389]]]}},{"type":"Feature","properties":{"id":"osm-way-164687748","layer":"vegetation","category":"forest","name":null,"referenceEra":"modern_reference","source":"OpenStreetMap contributors","license":"ODbL-1.0","sourceAreaDegrees":0.000010056},"geometry":{"type":"Polygon","coordinates":[[[118.033151,24.448699],[118.034298,24.446896],[118.036544,24.446432],[118.036835,24.447503],[118.03773,24.448616],[118.03774,24.449339],[118.037037,24.449997],[118.036541,24.449133],[118.03568,24.449388],[118.033504,24.449172],[118.033151,24.448699]]]}},{"type":"Feature","properties":{"id":"osm-way-1343618014","layer":"vegetation","category":"forest","name":null,"referenceEra":"modern_reference","source":"OpenStreetMap contributors","license":"ODbL-1.0","sourceAreaDegrees":0.000009394},"geometry":{"type":"Polygon","coordinates":[[[117.952893,24.381956],[117.953116,24.381702],[117.952816,24.38147],[117.952118,24.382815],[117.951093,24.382701],[117.951242,24.38318],[117.950877,24.383148],[117.950685,24.382492],[117.950049,24.382543],[117.950768,24.383814],[117.951983,24.383882],[117.952469,24.383569],[117.954375,24.384326],[117.955614,24.384151],[117.955678,24.384407],[117.95496,24.384445],[117.95598,24.384765],[117.956966,24.384539],[117.955202,24.383654],[117.955927,24.383364],[117.954132,24.381933],[117.954384,24.381669],[117.953888,24.38127],[117.953283,24.381546],[117.953634,24.381835],[117.953231,24.382126],[117.952709,24.382101],[117.952893,24.381956]]]}},{"type":"Feature","properties":{"id":"osm-way-1157307926","layer":"vegetation","category":"forest","name":null,"referenceEra":"modern_reference","source":"OpenStreetMap contributors","license":"ODbL-1.0","sourceAreaDegrees":0.000009359},"geometry":{"type":"Polygon","coordinates":[[[118.014193,24.460282],[118.015885,24.460462],[118.015807,24.4609],[118.016975,24.461519],[118.016614,24.462227],[118.016911,24.462852],[118.015736,24.462608],[118.015595,24.463168],[118.01362,24.463387],[118.013726,24.462756],[118.014059,24.462704],[118.012862,24.462105],[118.012657,24.459902],[118.013797,24.460475],[118.014193,24.460282]]]}},{"type":"Feature","properties":{"id":"osm-way-1449392035","layer":"vegetation","category":"forest","name":null,"referenceEra":"modern_reference","source":"OpenStreetMap contributors","license":"ODbL-1.0","sourceAreaDegrees":0.000009189},"geometry":{"type":"Polygon","coordinates":[[[118.421191,24.428285],[118.42026,24.428145],[118.419811,24.429767],[118.420127,24.43045],[118.421801,24.431133],[118.422174,24.430955],[118.422339,24.431981],[118.422903,24.43186],[118.422462,24.432189],[118.423113,24.432772],[118.423172,24.432485],[118.423539,24.432639],[118.424387,24.432037],[118.423615,24.43096],[118.423254,24.430994],[118.423379,24.430691],[118.42142,24.428214],[118.421191,24.428285]]]}},{"type":"Feature","properties":{"id":"osm-way-354381013","layer":"vegetation","category":"forest","name":null,"referenceEra":"modern_reference","source":"OpenStreetMap contributors","license":"ODbL-1.0","sourceAreaDegrees":0.000008907},"geometry":{"type":"Polygon","coordinates":[[[118.404813,24.656808],[118.404893,24.657814],[118.404438,24.658615],[118.404116,24.657955],[118.403381,24.659819],[118.403496,24.66216],[118.4039,24.662307],[118.407011,24.656363],[118.404813,24.656808]]]}},{"type":"Feature","properties":{"id":"osm-way-219404309","layer":"settlements","category":"settlement","name":null,"referenceEra":"modern_reference","source":"OpenStreetMap contributors","license":"ODbL-1.0","sourceAreaDegrees":0.000716613},"geometry":{"type":"Polygon","coordinates":[[[118.419427,24.688021],[118.418947,24.688038],[118.419512,24.686599],[118.419436,24.685099],[118.421396,24.683622],[118.42022,24.682081],[118.414749,24.685826],[118.411388,24.687028],[118.407348,24.689391],[118.401763,24.688318],[118.401291,24.682508],[118.397628,24.68198],[118.394854,24.685099],[118.392801,24.684584],[118.391877,24.686296],[118.389972,24.687429],[118.389544,24.686978],[118.390097,24.686666],[118.388579,24.685632],[118.389402,24.685308],[118.389405,24.684679],[118.39038,24.68549],[118.390776,24.685363],[118.390714,24.684317],[118.39108,24.684305],[118.391264,24.683504],[118.390793,24.683359],[118.390701,24.682878],[118.391065,24.682103],[118.38977,24.683169],[118.389238,24.68282],[118.387639,24.683407],[118.387669,24.684411],[118.387293,24.684593],[118.384683,24.681861],[118.384245,24.680129],[118.382853,24.680275],[118.382627,24.683144],[118.381189,24.683603],[118.379524,24.68505],[118.379909,24.686164],[118.379087,24.686442],[118.380453,24.687425],[118.381085,24.686848],[118.383438,24.691788],[118.388288,24.694166],[118.383138,24.693698],[118.37979,24.695297],[118.378288,24.698806],[118.37906,24.7],[118.434888,24.7],[118.436565,24.696154],[118.43676,24.695033],[118.436361,24.691834],[118.433116,24.692138],[118.432836,24.690112],[118.43254,24.690255],[118.432115,24.694025],[118.42958,24.694084],[118.42972,24.694616],[118.428945,24.694768],[118.428786,24.694167],[118.427188,24.693601],[118.42751,24.690013],[118.427052,24.689446],[118.424046,24.690559],[118.423942,24.691087],[118.423587,24.691104],[118.421183,24.689149],[118.419427,24.688021]]]}},{"type":"Feature","properties":{"id":"osm-way-239977570","layer":"settlements","category":"settlement","name":"漳州港","referenceEra":"modern_reference","source":"OpenStreetMap contributors","license":"ODbL-1.0","sourceAreaDegrees":0.000255096},"geometry":{"type":"Polygon","coordinates":[[[118.020709,24.40685],[118.020965,24.408828],[118.021573,24.409257],[118.021834,24.411781],[118.027777,24.411244],[118.027896,24.412227],[118.029543,24.412154],[118.034551,24.413245],[118.034975,24.415898],[118.046907,24.413877],[118.04639,24.413836],[118.045962,24.411205],[118.046225,24.410856],[118.049032,24.410759],[118.049817,24.412496],[118.061656,24.410516],[118.061679,24.409868],[118.064684,24.409613],[118.064645,24.409073],[118.065714,24.409005],[118.065777,24.408607],[118.064728,24.40314],[118.054818,24.404943],[118.052366,24.405863],[118.048251,24.406588],[118.04893,24.409372],[118.043748,24.410221],[118.043517,24.40735],[118.027018,24.408841],[118.026133,24.40106],[118.025033,24.401255],[118.025392,24.403908],[118.024807,24.405609],[118.022936,24.405579],[118.023035,24.406472],[118.022627,24.406801],[118.02121,24.406922],[118.020709,24.40685]]]}},{"type":"Feature","properties":{"id":"osm-way-1014375601","layer":"settlements","category":"settlement","name":"英良集团","referenceEra":"modern_reference","source":"OpenStreetMap contributors","license":"ODbL-1.0","sourceAreaDegrees":0.000221423},"geometry":{"type":"Polygon","coordinates":[[[118.423841,24.652293],[118.426427,24.651454],[118.428186,24.651503],[118.430439,24.659323],[118.429602,24.659762],[118.429924,24.660834],[118.429238,24.66062],[118.426845,24.662453],[118.427671,24.663837],[118.421899,24.668342],[118.420064,24.670808],[118.423064,24.672888],[118.423799,24.671891],[118.425895,24.674747],[118.424273,24.677396],[118.422504,24.678783],[118.421181,24.679315],[118.421257,24.679696],[118.417331,24.68033],[118.416179,24.678729],[118.415986,24.678895],[118.415201,24.678081],[118.412874,24.678839],[118.411166,24.676992],[118.412772,24.675734],[118.412289,24.675168],[118.417188,24.669318],[118.41956,24.665222],[118.417897,24.664178],[118.417886,24.663476],[118.423305,24.655393],[118.423444,24.654087],[118.423841,24.652293]]]}},{"type":"Feature","properties":{"id":"osm-way-1047437749","layer":"settlements","category":"settlement","name":"厦门软件园","referenceEra":"modern_reference","source":"OpenStreetMap contributors","license":"ODbL-1.0","sourceAreaDegrees":0.000196794},"geometry":{"type":"Polygon","coordinates":[[[118.04385,24.609646],[118.044935,24.607996],[118.048206,24.609915],[118.037683,24.625075],[118.036495,24.626184],[118.034288,24.625489],[118.027875,24.625282],[118.030585,24.621494],[118.032313,24.612671],[118.028279,24.611824],[118.027573,24.608758],[118.038832,24.610436],[118.042656,24.611451],[118.04385,24.609646]]]}},{"type":"Feature","properties":{"id":"osm-way-1014375452","layer":"settlements","category":"settlement","name":null,"referenceEra":"modern_reference","source":"OpenStreetMap contributors","license":"ODbL-1.0","sourceAreaDegrees":0.000161457},"geometry":{"type":"Polygon","coordinates":[[[118.3726,24.68703],[118.373398,24.688854],[118.37274,24.689133],[118.372683,24.689548],[118.371065,24.689693],[118.371627,24.690008],[118.37167,24.691542],[118.371192,24.691724],[118.373317,24.691967],[118.373361,24.691581],[118.374756,24.691843],[118.374782,24.692133],[118.374149,24.692511],[118.371031,24.692277],[118.370294,24.691952],[118.370199,24.691308],[118.369547,24.691343],[118.369408,24.691771],[118.367584,24.691657],[118.366257,24.690871],[118.365516,24.688078],[118.368531,24.687038],[118.370002,24.6857],[118.369596,24.685315],[118.366528,24.674396],[118.3725,24.672891],[118.372594,24.672309],[118.375285,24.672273],[118.378007,24.678744],[118.379145,24.677633],[118.381784,24.677964],[118.382664,24.679134],[118.382599,24.682137],[118.378951,24.682137],[118.375046,24.683443],[118.374167,24.684047],[118.373802,24.685081],[118.373029,24.685529],[118.3726,24.68703]]]}},{"type":"Feature","properties":{"id":"osm-way-1084506631","layer":"settlements","category":"settlement","name":"漳州龙海金龙汽车产业基地","referenceEra":"modern_reference","source":"OpenStreetMap contributors","license":"ODbL-1.0","sourceAreaDegrees":0.000150392},"geometry":{"type":"Polygon","coordinates":[[[117.997337,24.354339],[117.986038,24.35492],[117.985293,24.354565],[117.984789,24.35331],[117.981533,24.353196],[117.981411,24.348452],[117.988428,24.346999],[117.992938,24.345587],[117.994334,24.347695],[117.995507,24.347752],[118.00031,24.345955],[118.001485,24.348703],[118.002758,24.354619],[118.000015,24.354422],[117.997337,24.354339]]]}},{"type":"Feature","properties":{"id":"osm-way-565179982","layer":"settlements","category":"settlement","name":"湖里高新技术园","referenceEra":"modern_reference","source":"OpenStreetMap contributors","license":"ODbL-1.0","sourceAreaDegrees":0.000147234},"geometry":{"type":"Polygon","coordinates":[[[118.150576,24.542913],[118.148178,24.541035],[118.145722,24.539807],[118.151466,24.525989],[118.156992,24.527478],[118.161827,24.53506],[118.160759,24.536041],[118.154063,24.539554],[118.151821,24.541553],[118.150576,24.542913]]]}},{"type":"Feature","properties":{"id":"osm-way-585633586","layer":"settlements","category":"settlement","name":null,"referenceEra":"modern_reference","source":"OpenStreetMap contributors","license":"ODbL-1.0","sourceAreaDegrees":0.000143433},"geometry":{"type":"Polygon","coordinates":[[[118.582671,24.541477],[118.584554,24.540904],[118.585508,24.541326],[118.58571,24.542319],[118.586313,24.542607],[118.587115,24.542041],[118.587067,24.541314],[118.58781,24.541036],[118.587397,24.539696],[118.58582,24.53752],[118.585358,24.53587],[118.581609,24.531425],[118.584012,24.529673],[118.578873,24.525339],[118.573658,24.521727],[118.572135,24.51999],[118.570633,24.520809],[118.570901,24.521942],[118.570472,24.52406],[118.569142,24.526344],[118.569421,24.52693],[118.575143,24.529057],[118.574736,24.532386],[118.575289,24.532757],[118.57707,24.531771],[118.579242,24.532933],[118.579038,24.533738],[118.579535,24.534814],[118.577855,24.536251],[118.57755,24.537776],[118.578111,24.538152],[118.580684,24.538426],[118.579205,24.539694],[118.579457,24.540599],[118.581855,24.539484],[118.58237,24.541416],[118.582671,24.541477]]]}},{"type":"Feature","properties":{"id":"osm-way-1206417461","layer":"settlements","category":"settlement","name":"厦门出口加工区","referenceEra":"modern_reference","source":"OpenStreetMap contributors","license":"ODbL-1.0","sourceAreaDegrees":0.000121222},"geometry":{"type":"Polygon","coordinates":[[[118.013645,24.479266],[118.011851,24.4736],[118.008879,24.46917],[118.009204,24.46826],[118.014225,24.467163],[118.022666,24.467307],[118.021449,24.4786],[118.016176,24.478094],[118.016055,24.479046],[118.014486,24.47911],[118.013645,24.479266]]]}},{"type":"Feature","properties":{"id":"osm-way-565179671","layer":"settlements","category":"settlement","name":"厦门软件园二期","referenceEra":"modern_reference","source":"OpenStreetMap contributors","license":"ODbL-1.0","sourceAreaDegrees":0.000116207},"geometry":{"type":"Polygon","coordinates":[[[118.170323,24.496323],[118.170476,24.492218],[118.16941,24.487584],[118.169843,24.487403],[118.169698,24.487156],[118.1783,24.484249],[118.178383,24.48448],[118.18163,24.48351],[118.182665,24.486112],[118.183125,24.491785],[118.177236,24.493786],[118.173567,24.495773],[118.17055,24.4963],[118.170323,24.496323]]]}},{"type":"Feature","properties":{"id":"osm-way-639364473","layer":"settlements","category":"settlement","name":null,"referenceEra":"modern_reference","source":"OpenStreetMap contributors","license":"ODbL-1.0","sourceAreaDegrees":0.00011117},"geometry":{"type":"Polygon","coordinates":[[[118.394229,24.660805],[118.398389,24.660393],[118.398505,24.661248],[118.400892,24.661034],[118.40167,24.664554],[118.403403,24.663123],[118.404183,24.663762],[118.406085,24.663106],[118.406246,24.663871],[118.408912,24.664364],[118.409733,24.664149],[118.410642,24.664885],[118.409765,24.668035],[118.4041,24.673809],[118.404046,24.673051],[118.402662,24.673329],[118.402555,24.67181],[118.401045,24.670201],[118.39958,24.67036],[118.396096,24.667932],[118.396413,24.663813],[118.395442,24.66217],[118.394471,24.662243],[118.394229,24.660805]]]}},{"type":"Feature","properties":{"id":"osm-way-1539969826","layer":"settlements","category":"settlement","name":null,"referenceEra":"modern_reference","source":"OpenStreetMap contributors","license":"ODbL-1.0","sourceAreaDegrees":0.000101737},"geometry":{"type":"Polygon","coordinates":[[[118.125596,24.479372],[118.129694,24.479109],[118.135332,24.480477],[118.137908,24.480668],[118.140028,24.488306],[118.130803,24.487517],[118.12929,24.488571],[118.12546,24.482499],[118.12551,24.481177],[118.126424,24.48117],[118.126407,24.480195],[118.125566,24.480242],[118.125548,24.479539],[118.125596,24.479372]]]}},{"type":"Feature","properties":{"id":"osm-way-1084495290","layer":"settlements","category":"settlement","name":"招商局漳州开发区汤洋工业园","referenceEra":"modern_reference","source":"OpenStreetMap contributors","license":"ODbL-1.0","sourceAreaDegrees":0.000096428},"geometry":{"type":"Polygon","coordinates":[[[118.026719,24.399999],[118.02607,24.396873],[118.024591,24.396788],[118.024786,24.397423],[118.024203,24.398988],[118.020091,24.397739],[118.020918,24.3968],[118.019387,24.394195],[118.02049,24.393234],[118.020624,24.392524],[118.021315,24.392323],[118.022325,24.390609],[118.024455,24.389898],[118.024622,24.389161],[118.025535,24.389063],[118.025754,24.388483],[118.027966,24.390676],[118.027257,24.396459],[118.028938,24.39767],[118.028092,24.398076],[118.028865,24.399475],[118.030645,24.400485],[118.031162,24.40452],[118.030371,24.404586],[118.03051,24.405696],[118.031971,24.405548],[118.032112,24.407921],[118.027511,24.408398],[118.026778,24.401455],[118.026719,24.399999]]]}},{"type":"Feature","properties":{"id":"osm-way-239977563","layer":"settlements","category":"settlement","name":"华阳电业有限公司","referenceEra":"modern_reference","source":"OpenStreetMap contributors","license":"ODbL-1.0","sourceAreaDegrees":0.000090901},"geometry":{"type":"Polygon","coordinates":[[[118.118497,24.301387],[118.12118,24.30382],[118.120657,24.304609],[118.121563,24.305305],[118.122163,24.304774],[118.126245,24.308406],[118.125795,24.308641],[118.128575,24.310878],[118.130846,24.308926],[118.133055,24.307702],[118.130781,24.303011],[118.13031,24.3],[118.118529,24.3],[118.117404,24.301069],[118.117974,24.301692],[118.118497,24.301387]]]}},{"type":"Feature","properties":{"id":"osm-way-760779484","layer":"settlements","category":"settlement","name":null,"referenceEra":"modern_reference","source":"OpenStreetMap contributors","license":"ODbL-1.0","sourceAreaDegrees":0.000087206},"geometry":{"type":"Polygon","coordinates":[[[118.019302,24.338038],[118.020939,24.337705],[118.023574,24.335382],[118.016366,24.327606],[118.013574,24.330008],[118.009008,24.332984],[118.012119,24.336338],[118.011857,24.336541],[118.014501,24.338909],[118.016673,24.336995],[118.017594,24.33732],[118.018291,24.338317],[118.019296,24.338121],[118.019302,24.338038]]]}},{"type":"Feature","properties":{"id":"osm-way-1338232784","layer":"settlements","category":"settlement","name":null,"referenceEra":"modern_reference","source":"OpenStreetMap contributors","license":"ODbL-1.0","sourceAreaDegrees":0.000083133},"geometry":{"type":"Polygon","coordinates":[[[118.290575,24.668879],[118.291754,24.66762],[118.293067,24.665196],[118.292359,24.664217],[118.294589,24.664437],[118.294677,24.662357],[118.29577,24.661723],[118.295359,24.661184],[118.294219,24.660977],[118.287683,24.660281],[118.287525,24.663778],[118.288323,24.664014],[118.287111,24.666312],[118.287961,24.668059],[118.285353,24.668868],[118.285331,24.669759],[118.284521,24.670315],[118.284295,24.671414],[118.294043,24.673235],[118.293636,24.675176],[118.294196,24.675278],[118.294162,24.675809],[118.294713,24.675872],[118.295017,24.675231],[118.295629,24.675441],[118.29667,24.674844],[118.296862,24.673992],[118.295672,24.673756],[118.296014,24.671588],[118.296686,24.670829],[118.296008,24.671034],[118.295318,24.670741],[118.293291,24.671743],[118.293242,24.671259],[118.291348,24.670893],[118.291368,24.670545],[118.290222,24.669736],[118.290575,24.668879]]]}},{"type":"Feature","properties":{"id":"osm-way-541094575","layer":"settlements","category":"settlement","name":null,"referenceEra":"modern_reference","source":"OpenStreetMap contributors","license":"ODbL-1.0","sourceAreaDegrees":0.000081072},"geometry":{"type":"Polygon","coordinates":[[[118.323191,24.56947],[118.317727,24.567204],[118.312727,24.568797],[118.307888,24.574022],[118.308767,24.575478],[118.314549,24.576159],[118.317964,24.5752],[118.320613,24.572398],[118.323191,24.56947]]]}},{"type":"Feature","properties":{"id":"osm-way-1098139702","layer":"settlements","category":"settlement","name":null,"referenceEra":"modern_reference","source":"OpenStreetMap contributors","license":"ODbL-1.0","sourceAreaDegrees":0.000076644},"geometry":{"type":"Polygon","coordinates":[[[118.35155,24.638406],[118.351928,24.639638],[118.356183,24.641706],[118.365704,24.640982],[118.365162,24.633404],[118.361187,24.634942],[118.354699,24.636482],[118.35153,24.638233],[118.35155,24.638406]]]}},{"type":"Feature","properties":{"id":"osm-way-1071121878","layer":"settlements","category":"settlement","name":null,"referenceEra":"modern_reference","source":"OpenStreetMap contributors","license":"ODbL-1.0","sourceAreaDegrees":0.00007592},"geometry":{"type":"Polygon","coordinates":[[[118.227185,24.539472],[118.227589,24.538796],[118.229059,24.53864],[118.229169,24.539211],[118.232013,24.540369],[118.23379,24.539602],[118.232024,24.536078],[118.239201,24.532838],[118.239057,24.532568],[118.235001,24.534341],[118.233155,24.530988],[118.234899,24.530197],[118.234784,24.529978],[118.233029,24.530776],[118.232393,24.529569],[118.222219,24.534148],[118.225255,24.536883],[118.225368,24.53739],[118.226067,24.537662],[118.225096,24.537659],[118.227085,24.539355],[118.227185,24.539472]]]}},{"type":"Feature","properties":{"id":"osm-way-1319879499","layer":"settlements","category":"settlement","name":null,"referenceEra":"modern_reference","source":"OpenStreetMap contributors","license":"ODbL-1.0","sourceAreaDegrees":0.000075638},"geometry":{"type":"Polygon","coordinates":[[[118.011977,24.591991],[118.00767,24.596438],[118.008166,24.597345],[118.018264,24.604972],[118.018256,24.605293],[118.021024,24.606016],[118.021452,24.604748],[118.021121,24.602226],[118.014989,24.597737],[118.016827,24.595638],[118.011977,24.591991]]]}},{"type":"Feature","properties":{"id":"osm-way-1539969810","layer":"settlements","category":"settlement","name":null,"referenceEra":"modern_reference","source":"OpenStreetMap contributors","license":"ODbL-1.0","sourceAreaDegrees":0.000073176},"geometry":{"type":"Polygon","coordinates":[[[118.142329,24.50173],[118.142224,24.50222],[118.143383,24.502819],[118.143406,24.503695],[118.143698,24.503688],[118.143893,24.506841],[118.140243,24.506718],[118.140235,24.507338],[118.137354,24.508508],[118.136823,24.508364],[118.136598,24.509057],[118.13737,24.50933],[118.142102,24.509213],[118.142499,24.508686],[118.143153,24.509252],[118.144022,24.508715],[118.144026,24.509243],[118.143559,24.509524],[118.143615,24.511393],[118.143035,24.511792],[118.135174,24.510698],[118.135017,24.509214],[118.133762,24.509181],[118.133583,24.508715],[118.132969,24.508704],[118.133482,24.505197],[118.134379,24.503598],[118.135649,24.503774],[118.135471,24.504415],[118.135823,24.504531],[118.136683,24.504086],[118.136477,24.501971],[118.141058,24.501758],[118.142329,24.50173]]]}},{"type":"Feature","properties":{"id":"osm-way-472086031","layer":"settlements","category":"settlement","name":"厦门港务海通码头","referenceEra":"modern_reference","source":"OpenStreetMap contributors","license":"ODbL-1.0","sourceAreaDegrees":0.000071124},"geometry":{"type":"Polygon","coordinates":[[[118.034272,24.44617],[118.036784,24.446047],[118.037038,24.447555],[118.037782,24.448577],[118.039805,24.448588],[118.03984,24.447022],[118.041346,24.447031],[118.041347,24.441114],[118.025592,24.441974],[118.024209,24.442896],[118.027806,24.442889],[118.027892,24.443768],[118.030748,24.446339],[118.034272,24.44617]]]}},{"type":"Feature","properties":{"id":"osm-way-1445731661","layer":"settlements","category":"settlement","name":null,"referenceEra":"modern_reference","source":"OpenStreetMap contributors","license":"ODbL-1.0","sourceAreaDegrees":0.000068456},"geometry":{"type":"Polygon","coordinates":[[[118.260635,24.652659],[118.265188,24.652705],[118.26515,24.654524],[118.268889,24.655053],[118.268347,24.649517],[118.265805,24.64449],[118.26067,24.64369],[118.260391,24.643978],[118.26072,24.647428],[118.260635,24.652659]]]}},{"type":"Feature","properties":{"id":"osm-way-585633585","layer":"settlements","category":"settlement","name":null,"referenceEra":"modern_reference","source":"OpenStreetMap contributors","license":"ODbL-1.0","sourceAreaDegrees":0.000066688},"geometry":{"type":"Polygon","coordinates":[[[118.577843,24.551593],[118.577928,24.550441],[118.580375,24.549251],[118.582156,24.546635],[118.581104,24.544683],[118.581147,24.543961],[118.58001,24.542283],[118.578551,24.542888],[118.575461,24.542322],[118.572929,24.543434],[118.572103,24.544879],[118.57331,24.547387],[118.571899,24.549582],[118.572451,24.550222],[118.573556,24.550446],[118.575462,24.550115],[118.57721,24.552105],[118.577709,24.551998],[118.577843,24.551593]]]}},{"type":"Feature","properties":{"id":"osm-way-1084902969","layer":"settlements","category":"settlement","name":null,"referenceEra":"modern_reference","source":"OpenStreetMap contributors","license":"ODbL-1.0","sourceAreaDegrees":0.000065804},"geometry":{"type":"Polygon","coordinates":[[[117.972076,24.547161],[117.972027,24.545995],[117.970926,24.545058],[117.973261,24.541949],[117.971729,24.540645],[117.970768,24.540584],[117.969965,24.540018],[117.970302,24.539665],[117.96879,24.538902],[117.969728,24.537564],[117.971804,24.53759],[117.9811,24.539833],[117.980719,24.540847],[117.979893,24.540644],[117.979734,24.54108],[117.980537,24.54131],[117.980383,24.541966],[117.979528,24.541983],[117.977987,24.543189],[117.977557,24.5442],[117.979117,24.544693],[117.978426,24.546248],[117.977417,24.545203],[117.975745,24.54573],[117.975222,24.547879],[117.974241,24.548797],[117.973793,24.54855],[117.973989,24.546996],[117.972076,24.547161]]]}},{"type":"Feature","properties":{"id":"osm-way-538442305","layer":"settlements","category":"settlement","name":"友达光电","referenceEra":"modern_reference","source":"OpenStreetMap contributors","license":"ODbL-1.0","sourceAreaDegrees":0.000065795},"geometry":{"type":"Polygon","coordinates":[[[118.20214,24.667354],[118.201903,24.666587],[118.202182,24.661936],[118.213666,24.661693],[118.213952,24.667778],[118.21154,24.66731],[118.202642,24.667428],[118.20214,24.667354]]]}},{"type":"Feature","properties":{"id":"osm-way-1014375573","layer":"settlements","category":"settlement","name":null,"referenceEra":"modern_reference","source":"OpenStreetMap contributors","license":"ODbL-1.0","sourceAreaDegrees":0.00006499},"geometry":{"type":"Polygon","coordinates":[[[118.427188,24.693601],[118.42751,24.690013],[118.427052,24.689446],[118.424046,24.690559],[118.423942,24.691087],[118.423587,24.691104],[118.419427,24.688021],[118.420757,24.687017],[118.422918,24.687323],[118.422682,24.686855],[118.423755,24.685802],[118.423407,24.685335],[118.42848,24.68224],[118.429956,24.68512],[118.429527,24.686894],[118.431845,24.689526],[118.431501,24.691495],[118.431817,24.691931],[118.430341,24.69174],[118.429575,24.692221],[118.429004,24.691717],[118.428685,24.691987],[118.429212,24.693153],[118.428283,24.694185],[118.427188,24.693601]]]}},{"type":"Feature","properties":{"id":"osm-way-398894653","layer":"settlements","category":"settlement","name":null,"referenceEra":"modern_reference","source":"OpenStreetMap contributors","license":"ODbL-1.0","sourceAreaDegrees":0.00006117},"geometry":{"type":"Polygon","coordinates":[[[117.969072,24.468148],[117.969666,24.466291],[117.970789,24.464951],[117.970067,24.46488],[117.969679,24.463141],[117.973604,24.46233],[117.973824,24.46394],[117.97416,24.464128],[117.97434,24.46327],[117.975464,24.461825],[117.981838,24.460565],[117.98272,24.462295],[117.982307,24.462765],[117.979363,24.46387],[117.980486,24.465162],[117.979841,24.46548],[117.981145,24.466667],[117.980099,24.467889],[117.978924,24.467724],[117.978124,24.468065],[117.976858,24.466808],[117.972046,24.467874],[117.971177,24.467043],[117.970751,24.467854],[117.970105,24.467619],[117.969537,24.468359],[117.969072,24.468148]]]}},{"type":"Feature","properties":{"id":"osm-way-1162853167","layer":"settlements","category":"settlement","name":null,"referenceEra":"modern_reference","source":"OpenStreetMap contributors","license":"ODbL-1.0","sourceAreaDegrees":0.000059061},"geometry":{"type":"Polygon","coordinates":[[[118.260173,24.66078],[118.260746,24.660661],[118.261787,24.662632],[118.268231,24.663082],[118.268579,24.655844],[118.260195,24.655024],[118.260173,24.66078]]]}},{"type":"Feature","properties":{"id":"osm-way-540939371","layer":"settlements","category":"settlement","name":null,"referenceEra":"modern_reference","source":"OpenStreetMap contributors","license":"ODbL-1.0","sourceAreaDegrees":0.000058436},"geometry":{"type":"Polygon","coordinates":[[[118.26499,24.580025],[118.265614,24.575785],[118.267159,24.573258],[118.268267,24.573056],[118.268599,24.571974],[118.267539,24.570821],[118.266538,24.570642],[118.265491,24.569745],[118.265582,24.568793],[118.267676,24.568586],[118.271651,24.568958],[118.270195,24.57968],[118.268313,24.580604],[118.267858,24.581791],[118.266538,24.58266],[118.266143,24.580921],[118.26499,24.580025]]]}},{"type":"Feature","properties":{"id":"osm-way-200807904","layer":"settlements","category":"settlement","name":null,"referenceEra":"modern_reference","source":"OpenStreetMap contributors","license":"ODbL-1.0","sourceAreaDegrees":0.000056285},"geometry":{"type":"Polygon","coordinates":[[[118.187743,24.630257],[118.187062,24.629649],[118.186981,24.629931],[118.185894,24.629422],[118.185414,24.630576],[118.182399,24.629327],[118.181241,24.629825],[118.180922,24.630935],[118.180318,24.630946],[118.179503,24.629844],[118.178451,24.629714],[118.177872,24.628996],[118.178462,24.628752],[118.179406,24.627318],[118.178454,24.625154],[118.180414,24.623485],[118.181273,24.624226],[118.18211,24.623963],[118.182603,24.624636],[118.182453,24.625153],[118.184459,24.625462],[118.185747,24.625163],[118.185822,24.626119],[118.186573,24.62489],[118.187421,24.624987],[118.18786,24.625719],[118.187485,24.627113],[118.188313,24.627118],[118.188273,24.628971],[118.188899,24.628906],[118.188909,24.629315],[118.189358,24.629007],[118.189405,24.629794],[118.189869,24.630027],[118.189077,24.63015],[118.188726,24.629414],[118.18834,24.629647],[118.189635,24.630752],[118.188389,24.630488],[118.188735,24.632804],[118.187693,24.63414],[118.187726,24.634812],[118.187329,24.634968],[118.186578,24.634452],[118.187529,24.632454],[118.186471,24.631629],[118.1869,24.630509],[118.187286,24.630192],[118.187906,24.630613],[118.188171,24.630338],[118.187859,24.630117],[118.187743,24.630257]]]}},{"type":"Feature","properties":{"id":"osm-way-1084480353","layer":"settlements","category":"settlement","name":null,"referenceEra":"modern_reference","source":"OpenStreetMap contributors","license":"ODbL-1.0","sourceAreaDegrees":0.000056006},"geometry":{"type":"Polygon","coordinates":[[[118.109309,24.317927],[118.104841,24.323815],[118.107554,24.325297],[118.108938,24.325617],[118.111308,24.3254],[118.112748,24.324687],[118.11276,24.324253],[118.111898,24.324274],[118.111898,24.322],[118.115223,24.322081],[118.115199,24.317877],[118.115969,24.315664],[118.115162,24.315013],[118.114919,24.31612],[118.114008,24.316413],[118.112505,24.317795],[118.112297,24.318631],[118.109624,24.317659],[118.109309,24.317927]]]}},{"type":"Feature","properties":{"id":"osm-way-1084506629","layer":"settlements","category":"settlement","name":null,"referenceEra":"modern_reference","source":"OpenStreetMap contributors","license":"ODbL-1.0","sourceAreaDegrees":0.000056006},"geometry":{"type":"Polygon","coordinates":[[[117.994326,24.340012],[117.993039,24.336399],[117.994206,24.334665],[117.99636,24.335058],[117.997221,24.336415],[117.998872,24.335826],[117.997939,24.334862],[117.998567,24.333292],[117.999823,24.335172],[118.0016,24.334682],[118.001672,24.335565],[118.004777,24.333063],[118.0051,24.334813],[118.006643,24.334044],[118.011578,24.337249],[118.010303,24.339019],[118.007355,24.336703],[118.007828,24.335941],[118.007217,24.33532],[118.006105,24.337151],[118.002619,24.337069],[118.002221,24.33755],[118.002129,24.33707],[118.003209,24.336664],[118.002918,24.335761],[118.001622,24.33612],[118.001408,24.336716],[117.999742,24.337823],[118.00019,24.339773],[117.998675,24.339506],[117.997967,24.338446],[117.994627,24.340596],[117.994166,24.341715],[117.994412,24.342088],[117.99372,24.342976],[117.993139,24.342504],[117.993553,24.341938],[117.993001,24.34121],[117.993589,24.341334],[117.99399,24.340647],[117.994326,24.340012]]]}},{"type":"Feature","properties":{"id":"osm-way-1014375421","layer":"settlements","category":"settlement","name":null,"referenceEra":"modern_reference","source":"OpenStreetMap contributors","license":"ODbL-1.0","sourceAreaDegrees":0.00005471},"geometry":{"type":"Polygon","coordinates":[[[118.448336,24.7],[118.449344,24.69649],[118.446754,24.691788],[118.446479,24.689501],[118.446181,24.689428],[118.446489,24.689003],[118.445818,24.6887],[118.444894,24.689344],[118.444992,24.689904],[118.443325,24.690819],[118.442587,24.69056],[118.442879,24.69473],[118.44225,24.697401],[118.443392,24.7],[118.448336,24.7]]]}},{"type":"Feature","properties":{"id":"osm-way-472086034","layer":"settlements","category":"settlement","name":null,"referenceEra":"modern_reference","source":"OpenStreetMap contributors","license":"ODbL-1.0","sourceAreaDegrees":0.000053713},"geometry":{"type":"Polygon","coordinates":[[[118.058558,24.501619],[118.058583,24.502861],[118.060542,24.504912],[118.059532,24.505722],[118.061806,24.508265],[118.064132,24.510435],[118.065269,24.509616],[118.066493,24.510396],[118.068179,24.508202],[118.067747,24.508585],[118.067459,24.508369],[118.068091,24.507618],[118.067307,24.505992],[118.066689,24.506351],[118.066381,24.505989],[118.066946,24.505171],[118.065414,24.503121],[118.064603,24.503726],[118.064155,24.503236],[118.06479,24.502753],[118.063158,24.500576],[118.062922,24.500736],[118.063951,24.502121],[118.063137,24.502646],[118.060618,24.499838],[118.058558,24.501619]]]}},{"type":"Feature","properties":{"id":"osm-way-1467921641","layer":"settlements","category":"settlement","name":null,"referenceEra":"modern_reference","source":"OpenStreetMap contributors","license":"ODbL-1.0","sourceAreaDegrees":0.00005166},"geometry":{"type":"Polygon","coordinates":[[[118.5764,24.694163],[118.580021,24.690405],[118.579753,24.690059],[118.578648,24.689713],[118.577054,24.689913],[118.576325,24.688275],[118.571937,24.684025],[118.567549,24.686886],[118.5764,24.694163]]]}},{"type":"Feature","properties":{"id":"osm-way-1084938565","layer":"settlements","category":"settlement","name":null,"referenceEra":"modern_reference","source":"OpenStreetMap contributors","license":"ODbL-1.0","sourceAreaDegrees":0.000051414},"geometry":{"type":"Polygon","coordinates":[[[117.986986,24.586984],[117.99132,24.58898],[117.990479,24.590687],[117.984016,24.597838],[117.980532,24.594424],[117.985688,24.588963],[117.986986,24.586984]]]}},{"type":"Feature","properties":{"id":"osm-way-1084938696","layer":"settlements","category":"settlement","name":"杏林村","referenceEra":"modern_reference","source":"OpenStreetMap contributors","license":"ODbL-1.0","sourceAreaDegrees":0.000050314},"geometry":{"type":"Polygon","coordinates":[[[118.050837,24.575995],[118.050582,24.574089],[118.051587,24.573767],[118.057504,24.572699],[118.058581,24.57369],[118.058439,24.576085],[118.057504,24.576612],[118.056967,24.577733],[118.053505,24.581797],[118.051729,24.581247],[118.050313,24.579973],[118.050879,24.57687],[118.050285,24.575943],[118.050837,24.575995]]]}},{"type":"Feature","properties":{"id":"osm-way-1084480383","layer":"settlements","category":"settlement","name":null,"referenceEra":"modern_reference","source":"OpenStreetMap contributors","license":"ODbL-1.0","sourceAreaDegrees":0.000050113},"geometry":{"type":"Polygon","coordinates":[[[118.058233,24.351965],[118.056461,24.351686],[118.054929,24.350594],[118.05326,24.350376],[118.053386,24.349753],[118.056883,24.347597],[118.057424,24.346911],[118.057141,24.344248],[118.060283,24.3441],[118.060729,24.345433],[118.060431,24.345966],[118.061448,24.346995],[118.060774,24.348385],[118.062274,24.349127],[118.062703,24.350814],[118.06128,24.352361],[118.0618,24.353476],[118.060265,24.354921],[118.058111,24.353757],[118.058298,24.352031],[118.058233,24.351965]]]}},{"type":"Feature","properties":{"id":"osm-way-622478611","layer":"settlements","category":"settlement","name":"龙西","referenceEra":"modern_reference","source":"OpenStreetMap contributors","license":"ODbL-1.0","sourceAreaDegrees":0.000047713},"geometry":{"type":"Polygon","coordinates":[[[118.557544,24.623989],[118.554798,24.621756],[118.554808,24.620819],[118.555806,24.620283],[118.559379,24.622048],[118.560527,24.621249],[118.561149,24.621795],[118.563123,24.621034],[118.564486,24.619961],[118.563273,24.617054],[118.560259,24.615933],[118.561514,24.614626],[118.563424,24.616889],[118.565237,24.616303],[118.566149,24.616908],[118.566889,24.619122],[118.567801,24.620117],[118.566631,24.620839],[118.565312,24.620497],[118.564904,24.620878],[118.565065,24.623843],[118.564711,24.624438],[118.565044,24.627178],[118.564142,24.627383],[118.561246,24.624184],[118.560773,24.622965],[118.557544,24.623989]]]}},{"type":"Feature","properties":{"id":"osm-way-1445351350","layer":"settlements","category":"settlement","name":null,"referenceEra":"modern_reference","source":"OpenStreetMap contributors","license":"ODbL-1.0","sourceAreaDegrees":0.000047688},"geometry":{"type":"Polygon","coordinates":[[[118.142895,24.687262],[118.143385,24.689307],[118.142881,24.692659],[118.141732,24.695488],[118.137762,24.696282],[118.13636,24.688762],[118.136735,24.68834],[118.140418,24.687609],[118.142895,24.687262]]]}},{"type":"Feature","properties":{"id":"osm-way-622478612","layer":"settlements","category":"settlement","name":null,"referenceEra":"modern_reference","source":"OpenStreetMap contributors","license":"ODbL-1.0","sourceAreaDegrees":0.000046607},"geometry":{"type":"Polygon","coordinates":[[[118.546388,24.618359],[118.542987,24.620515],[118.540873,24.619286],[118.538953,24.619325],[118.539006,24.612556],[118.54303,24.611424],[118.546388,24.618359]]]}},{"type":"Feature","properties":{"id":"osm-way-538442371","layer":"settlements","category":"settlement","name":"厦门天马微电子有限公司","referenceEra":"modern_reference","source":"OpenStreetMap contributors","license":"ODbL-1.0","sourceAreaDegrees":0.000046186},"geometry":{"type":"Polygon","coordinates":[[[118.215924,24.634493],[118.215972,24.639176],[118.211223,24.63921],[118.206474,24.638417],[118.206399,24.634163],[118.215362,24.634052],[118.215924,24.634493]]]}},{"type":"Feature","properties":{"id":"osm-way-1084938619","layer":"settlements","category":"settlement","name":null,"referenceEra":"modern_reference","source":"OpenStreetMap contributors","license":"ODbL-1.0","sourceAreaDegrees":0.000045497},"geometry":{"type":"Polygon","coordinates":[[[118.015746,24.574258],[118.015648,24.568475],[118.023757,24.568161],[118.024632,24.569618],[118.021341,24.574382],[118.015746,24.574258]]]}},{"type":"Feature","properties":{"id":"osm-way-398894655","layer":"settlements","category":"settlement","name":null,"referenceEra":"modern_reference","source":"OpenStreetMap contributors","license":"ODbL-1.0","sourceAreaDegrees":0.000045098},"geometry":{"type":"Polygon","coordinates":[[[117.955237,24.475563],[117.957414,24.479692],[117.958061,24.479422],[117.957708,24.478994],[117.958364,24.477996],[117.957649,24.47725],[117.958466,24.47644],[117.960242,24.478446],[117.960728,24.477747],[117.961765,24.477512],[117.964308,24.477694],[117.964544,24.477012],[117.964112,24.47488],[117.961811,24.475317],[117.961738,24.474893],[117.963363,24.473971],[117.965052,24.474395],[117.966513,24.473398],[117.965892,24.472866],[117.965253,24.472982],[117.964258,24.471752],[117.960148,24.474172],[117.959722,24.473533],[117.958772,24.473594],[117.958814,24.473034],[117.959599,24.472621],[117.959207,24.471906],[117.958097,24.472469],[117.957568,24.471478],[117.956504,24.471562],[117.956636,24.471869],[117.955517,24.472455],[117.956342,24.474791],[117.955237,24.475563]]]}},{"type":"Feature","properties":{"id":"osm-way-508234552","layer":"settlements","category":"settlement","name":"厦门金龙联合汽车工业有限公司","referenceEra":"modern_reference","source":"OpenStreetMap contributors","license":"ODbL-1.0","sourceAreaDegrees":0.000045012},"geometry":{"type":"Polygon","coordinates":[[[117.965677,24.59442],[117.96572,24.594],[117.96763,24.592468],[117.968434,24.592585],[117.976653,24.600614],[117.975043,24.602107],[117.976416,24.603394],[117.975472,24.604223],[117.975043,24.604126],[117.971123,24.600029],[117.965677,24.59442]]]}},{"type":"Feature","properties":{"id":"osm-way-128159901","layer":"settlements","category":"settlement","name":"中国（福建）自由贸易试验区厦门片区","referenceEra":"modern_reference","source":"OpenStreetMap contributors","license":"ODbL-1.0","sourceAreaDegrees":0.000044439},"geometry":{"type":"Polygon","coordinates":[[[118.085738,24.514705],[118.084549,24.514929],[118.087774,24.525984],[118.091396,24.525667],[118.090084,24.520301],[118.089524,24.520052],[118.089804,24.519275],[118.088581,24.514214],[118.086182,24.514624],[118.085738,24.514705]]]}},{"type":"Feature","properties":{"id":"osm-way-538551743","layer":"settlements","category":"settlement","name":null,"referenceEra":"modern_reference","source":"OpenStreetMap contributors","license":"ODbL-1.0","sourceAreaDegrees":0.000044419},"geometry":{"type":"Polygon","coordinates":[[[118.005656,24.648743],[118.003885,24.650342],[118.00492,24.651293],[118.004529,24.651701],[118.004897,24.651993],[118.005357,24.652056],[118.011014,24.647217],[118.007393,24.643674],[118.012148,24.639478],[118.011547,24.638459],[118.002137,24.647196],[118.003425,24.648471],[118.00446,24.647593],[118.005656,24.648743]]]}},{"type":"Feature","properties":{"id":"osm-way-248179409","layer":"settlements","category":"settlement","name":null,"referenceEra":"modern_reference","source":"OpenStreetMap contributors","license":"ODbL-1.0","sourceAreaDegrees":0.000044164},"geometry":{"type":"Polygon","coordinates":[[[118.240052,24.62575],[118.240238,24.6279],[118.242046,24.627913],[118.242197,24.629024],[118.237701,24.62899],[118.238017,24.631484],[118.23767,24.631564],[118.236024,24.630935],[118.236024,24.630349],[118.235282,24.630161],[118.235067,24.629156],[118.234423,24.629132],[118.235295,24.624304],[118.242101,24.623754],[118.24255,24.625088],[118.243764,24.62521],[118.245152,24.624773],[118.2455,24.625336],[118.245423,24.625904],[118.243041,24.627256],[118.241971,24.626594],[118.240429,24.62674],[118.240151,24.625738],[118.240052,24.62575]]]}},{"type":"Feature","properties":{"id":"osm-way-1085571501","layer":"settlements","category":"settlement","name":null,"referenceEra":"modern_reference","source":"OpenStreetMap contributors","license":"ODbL-1.0","sourceAreaDegrees":0.000043834},"geometry":{"type":"Polygon","coordinates":[[[117.999795,24.313038],[117.998207,24.315217],[117.995592,24.316255],[117.991379,24.31657],[117.988559,24.317608],[117.987438,24.315685],[117.988465,24.31428],[117.993855,24.311267],[117.997096,24.312127],[117.999795,24.313038]]]}},{"type":"Feature","properties":{"id":"osm-way-190031814","layer":"settlements","category":"settlement","name":null,"referenceEra":"modern_reference","source":"OpenStreetMap contributors","license":"ODbL-1.0","sourceAreaDegrees":0.000043803},"geometry":{"type":"Polygon","coordinates":[[[118.176863,24.657178],[118.176004,24.656222],[118.174972,24.656419],[118.174556,24.656008],[118.172099,24.652342],[118.176884,24.650421],[118.176423,24.649416],[118.176936,24.648641],[118.178234,24.647948],[118.17947,24.649377],[118.180328,24.652186],[118.180519,24.655632],[118.177496,24.655823],[118.177796,24.656876],[118.176863,24.657178]]]}},{"type":"Feature","properties":{"id":"osm-way-1313327501","layer":"settlements","category":"settlement","name":"院前","referenceEra":"modern_reference","source":"OpenStreetMap contributors","license":"ODbL-1.0","sourceAreaDegrees":0.000043655},"geometry":{"type":"Polygon","coordinates":[[[118.369757,24.637037],[118.368984,24.643805],[118.371692,24.644715],[118.373581,24.644405],[118.374286,24.642926],[118.376197,24.642161],[118.375323,24.639439],[118.375734,24.637685],[118.375372,24.637009],[118.369757,24.637037]]]}},{"type":"Feature","properties":{"id":"osm-way-1084938662","layer":"settlements","category":"settlement","name":"高浦","referenceEra":"modern_reference","source":"OpenStreetMap contributors","license":"ODbL-1.0","sourceAreaDegrees":0.000043572},"geometry":{"type":"Polygon","coordinates":[[[118.048233,24.564937],[118.047937,24.563861],[118.045855,24.564208],[118.045497,24.562953],[118.048061,24.556418],[118.051031,24.558234],[118.049872,24.559904],[118.051696,24.559153],[118.052904,24.560408],[118.054519,24.563749],[118.048233,24.564937]]]}},{"type":"Feature","properties":{"id":"osm-way-398894656","layer":"settlements","category":"settlement","name":"厦门华夏国际电力发展有限公司","referenceEra":"modern_reference","source":"OpenStreetMap contributors","license":"ODbL-1.0","sourceAreaDegrees":0.00004342},"geometry":{"type":"Polygon","coordinates":[[[118.03081,24.446583],[118.026,24.450738],[118.024346,24.449325],[118.023444,24.450187],[118.022595,24.449361],[118.022608,24.448435],[118.021867,24.448464],[118.021011,24.447028],[118.024169,24.444126],[118.024474,24.44369],[118.024067,24.44296],[118.027157,24.443301],[118.028597,24.444594],[118.03081,24.446583]]]}},{"type":"Feature","properties":{"id":"osm-way-1014375420","layer":"settlements","category":"settlement","name":null,"referenceEra":"modern_reference","source":"OpenStreetMap contributors","license":"ODbL-1.0","sourceAreaDegrees":0.000043411},"geometry":{"type":"Polygon","coordinates":[[[118.459718,24.685685],[118.464068,24.684005],[118.463387,24.681956],[118.467536,24.680464],[118.466155,24.677165],[118.457444,24.680343],[118.459718,24.685685]]]}},{"type":"Feature","properties":{"id":"osm-way-1084506614","layer":"settlements","category":"settlement","name":null,"referenceEra":"modern_reference","source":"OpenStreetMap contributors","license":"ODbL-1.0","sourceAreaDegrees":0.000043056},"geometry":{"type":"Polygon","coordinates":[[[117.998836,24.314903],[118.000227,24.313298],[118.007612,24.315466],[118.009544,24.318113],[118.008802,24.319113],[118.009822,24.320352],[118.007983,24.319155],[118.007149,24.320183],[118.008524,24.321239],[118.007983,24.321746],[118.006933,24.320704],[118.006562,24.319747],[118.005666,24.319254],[118.004692,24.319451],[118.003842,24.320338],[118.003842,24.321549],[118.001988,24.320873],[118.00001,24.319521],[118.003456,24.319141],[118.003781,24.31755],[118.002606,24.316142],[118.001463,24.315593],[118.00052,24.316212],[117.998666,24.316663],[117.997445,24.315804],[117.998836,24.314903]]]}},{"type":"Feature","properties":{"id":"osm-way-538442280","layer":"settlements","category":"settlement","name":null,"referenceEra":"modern_reference","source":"OpenStreetMap contributors","license":"ODbL-1.0","sourceAreaDegrees":0.00004257},"geometry":{"type":"Polygon","coordinates":[[[118.188174,24.682142],[118.190386,24.677739],[118.194614,24.679364],[118.197086,24.679453],[118.197736,24.686634],[118.197183,24.686753],[118.192858,24.682999],[118.188174,24.682142]]]}},{"type":"Feature","properties":{"id":"osm-way-625213693","layer":"settlements","category":"settlement","name":"厦门国际会议展览中心","referenceEra":"modern_reference","source":"OpenStreetMap contributors","license":"ODbL-1.0","sourceAreaDegrees":0.000042197},"geometry":{"type":"Polygon","coordinates":[[[118.177282,24.474],[118.183762,24.471144],[118.179808,24.465896],[118.174424,24.468297],[118.176547,24.472666],[118.177282,24.474]]]}},{"type":"Feature","properties":{"id":"osm-way-541094590","layer":"settlements","category":"settlement","name":null,"referenceEra":"modern_reference","source":"OpenStreetMap contributors","license":"ODbL-1.0","sourceAreaDegrees":0.00004211},"geometry":{"type":"Polygon","coordinates":[[[118.305206,24.604299],[118.302072,24.603192],[118.301388,24.603561],[118.300958,24.603037],[118.300425,24.603179],[118.299569,24.602536],[118.299186,24.600957],[118.298239,24.601224],[118.297871,24.599912],[118.298908,24.599522],[118.298389,24.597589],[118.303252,24.596448],[118.303823,24.598142],[118.304559,24.598129],[118.306386,24.599065],[118.30598,24.600172],[118.304627,24.600322],[118.305942,24.602023],[118.305559,24.603513],[118.305206,24.604299]]]}},{"type":"Feature","properties":{"id":"osm-way-538456153","layer":"settlements","category":"settlement","name":null,"referenceEra":"modern_reference","source":"OpenStreetMap contributors","license":"ODbL-1.0","sourceAreaDegrees":0.00004194},"geometry":{"type":"Polygon","coordinates":[[[118.16223,24.667971],[118.159473,24.668265],[118.153785,24.666822],[118.153867,24.665063],[118.158032,24.661242],[118.162757,24.663916],[118.162276,24.665045],[118.16223,24.667971]]]}},{"type":"Feature","properties":{"id":"osm-way-241119723","layer":"settlements","category":"settlement","name":null,"referenceEra":"modern_reference","source":"OpenStreetMap contributors","license":"ODbL-1.0","sourceAreaDegrees":0.000041699},"geometry":{"type":"Polygon","coordinates":[[[117.953073,24.413159],[117.955218,24.413674],[117.95732,24.412479],[117.959241,24.412817],[117.959871,24.411402],[117.961463,24.412073],[117.963016,24.411891],[117.963348,24.410285],[117.962987,24.4095],[117.963375,24.408962],[117.963533,24.40936],[117.964182,24.408572],[117.965041,24.409024],[117.965151,24.409592],[117.966276,24.407564],[117.965477,24.407636],[117.964366,24.40647],[117.964116,24.406916],[117.963851,24.405794],[117.963004,24.405415],[117.962408,24.405805],[117.962149,24.406675],[117.96138,24.406581],[117.961463,24.407007],[117.960585,24.406811],[117.959683,24.407325],[117.961356,24.408823],[117.960864,24.409313],[117.960619,24.409133],[117.960351,24.409842],[117.959963,24.410101],[117.958805,24.409432],[117.957148,24.409291],[117.956853,24.408836],[117.956456,24.409269],[117.955192,24.409182],[117.956217,24.409604],[117.956133,24.410526],[117.953519,24.410943],[117.953072,24.412832],[117.953073,24.413159]]]}},{"type":"Feature","properties":{"id":"osm-way-654501863","layer":"settlements","category":"settlement","name":null,"referenceEra":"modern_reference","source":"OpenStreetMap contributors","license":"ODbL-1.0","sourceAreaDegrees":0.000040945},"geometry":{"type":"Polygon","coordinates":[[[118.00319,24.485891],[118.005014,24.490473],[118.008689,24.490649],[118.008168,24.489267],[118.013219,24.487427],[118.012929,24.484529],[118.010048,24.485325],[118.009737,24.484126],[118.00319,24.485891]]]}},{"type":"Feature","properties":{"id":"osm-way-1084720889","layer":"settlements","category":"settlement","name":null,"referenceEra":"modern_reference","source":"OpenStreetMap contributors","license":"ODbL-1.0","sourceAreaDegrees":0.000040928},"geometry":{"type":"Polygon","coordinates":[[[118.01006,24.404471],[118.012468,24.40123],[118.011528,24.400644],[118.01254,24.399686],[118.014345,24.400484],[118.015736,24.40047],[118.016533,24.401209],[118.016545,24.402667],[118.017296,24.403763],[118.017013,24.405354],[118.017893,24.406104],[118.019348,24.406378],[118.018755,24.408721],[118.015948,24.407755],[118.01006,24.404471]]]}},{"type":"Feature","properties":{"id":"osm-way-538442320","layer":"settlements","category":"settlement","name":null,"referenceEra":"modern_reference","source":"OpenStreetMap contributors","license":"ODbL-1.0","sourceAreaDegrees":0.000039578},"geometry":{"type":"Polygon","coordinates":[[[118.175139,24.690327],[118.179431,24.691028],[118.178093,24.692589],[118.177843,24.693797],[118.17986,24.696838],[118.17962,24.7],[118.175611,24.699879],[118.174238,24.697423],[118.175139,24.690327]]]}},{"type":"Feature","properties":{"id":"osm-way-1445719048","layer":"settlements","category":"settlement","name":"普洛斯物流园","referenceEra":"modern_reference","source":"OpenStreetMap contributors","license":"ODbL-1.0","sourceAreaDegrees":0.000039033},"geometry":{"type":"Polygon","coordinates":[[[118.384274,24.600589],[118.383552,24.600396],[118.384798,24.595691],[118.385456,24.595176],[118.393377,24.596888],[118.392485,24.601033],[118.386376,24.599836],[118.384784,24.600151],[118.384274,24.600589]]]}},{"type":"Feature","properties":{"id":"osm-way-736578829","layer":"settlements","category":"settlement","name":null,"referenceEra":"modern_reference","source":"OpenStreetMap contributors","license":"ODbL-1.0","sourceAreaDegrees":0.000038993},"geometry":{"type":"Polygon","coordinates":[[[118.139715,24.525898],[118.13924,24.526308],[118.14061,24.526988],[118.140688,24.528079],[118.142005,24.528599],[118.141721,24.529638],[118.139816,24.52959],[118.137757,24.53242],[118.144366,24.534645],[118.143593,24.533914],[118.144993,24.531366],[118.144323,24.531161],[118.143142,24.528887],[118.14274,24.528721],[118.14318,24.527159],[118.144966,24.527769],[118.145331,24.526412],[118.143749,24.525446],[118.144065,24.523899],[118.143357,24.523411],[118.142343,24.524617],[118.140788,24.52509],[118.139715,24.525898]]]}},{"type":"Feature","properties":{"id":"osm-way-1084938583","layer":"settlements","category":"settlement","name":null,"referenceEra":"modern_reference","source":"OpenStreetMap contributors","license":"ODbL-1.0","sourceAreaDegrees":0.000038908},"geometry":{"type":"Polygon","coordinates":[[[117.992655,24.604292],[117.994991,24.606686],[117.989807,24.61072],[117.986865,24.612155],[117.985156,24.610329],[117.984081,24.611484],[117.98226,24.610108],[117.983232,24.609361],[117.987136,24.608206],[117.987126,24.607298],[117.987873,24.606279],[117.989545,24.605642],[117.989695,24.60655],[117.990535,24.606983],[117.992058,24.605701],[117.992655,24.604292]]]}},{"type":"Feature","properties":{"id":"osm-way-540939367","layer":"settlements","category":"settlement","name":null,"referenceEra":"modern_reference","source":"OpenStreetMap contributors","license":"ODbL-1.0","sourceAreaDegrees":0.000038852},"geometry":{"type":"Polygon","coordinates":[[[118.236647,24.555655],[118.236875,24.554372],[118.239014,24.553502],[118.238756,24.552992],[118.243945,24.551584],[118.246399,24.555028],[118.246437,24.555868],[118.243932,24.556158],[118.242383,24.558926],[118.241257,24.55805],[118.239424,24.55738],[118.238787,24.556428],[118.236647,24.555655]]]}},{"type":"Feature","properties":{"id":"osm-way-538442343","layer":"settlements","category":"settlement","name":null,"referenceEra":"modern_reference","source":"OpenStreetMap contributors","license":"ODbL-1.0","sourceAreaDegrees":0.000038722},"geometry":{"type":"Polygon","coordinates":[[[118.209894,24.649581],[118.207839,24.648223],[118.206232,24.644726],[118.21008,24.644488],[118.214862,24.644828],[118.216133,24.646288],[118.216394,24.648189],[118.215087,24.64751],[118.212509,24.650159],[118.209894,24.649581]]]}},{"type":"Feature","properties":{"id":"osm-way-541094586","layer":"settlements","category":"settlement","name":null,"referenceEra":"modern_reference","source":"OpenStreetMap contributors","license":"ODbL-1.0","sourceAreaDegrees":0.000038496},"geometry":{"type":"Polygon","coordinates":[[[118.31962,24.591937],[118.317568,24.591712],[118.318267,24.59124],[118.317448,24.590174],[118.313029,24.591008],[118.313194,24.591479],[118.314066,24.591459],[118.314074,24.592258],[118.312466,24.591917],[118.312804,24.593448],[118.312383,24.59353],[118.311406,24.591842],[118.310564,24.591985],[118.310602,24.593639],[118.311008,24.59409],[118.31227,24.593694],[118.313059,24.594828],[118.312586,24.595047],[118.314141,24.596529],[118.315382,24.595908],[118.316644,24.595928],[118.31723,24.596543],[118.318771,24.596277],[118.318763,24.595354],[118.319898,24.595252],[118.320003,24.592457],[118.31962,24.591937]]]}},{"type":"Feature","properties":{"id":"osm-way-654335743","layer":"settlements","category":"settlement","name":null,"referenceEra":"modern_reference","source":"OpenStreetMap contributors","license":"ODbL-1.0","sourceAreaDegrees":0.000038327},"geometry":{"type":"Polygon","coordinates":[[[117.982548,24.521049],[117.98471,24.522767],[117.98955,24.522447],[117.989068,24.516815],[117.982167,24.517118],[117.982548,24.521049]]]}},{"type":"Feature","properties":{"id":"osm-way-654335731","layer":"settlements","category":"settlement","name":null,"referenceEra":"modern_reference","source":"OpenStreetMap contributors","license":"ODbL-1.0","sourceAreaDegrees":0.000038107},"geometry":{"type":"Polygon","coordinates":[[[118.207754,24.643921],[118.207725,24.639387],[118.211386,24.639899],[118.21575,24.639947],[118.216219,24.644682],[118.211201,24.644328],[118.207754,24.643921]]]}},{"type":"Feature","properties":{"id":"osm-way-538456037","layer":"settlements","category":"settlement","name":null,"referenceEra":"modern_reference","source":"OpenStreetMap contributors","license":"ODbL-1.0","sourceAreaDegrees":0.000037941},"geometry":{"type":"Polygon","coordinates":[[[118.120359,24.682789],[118.126868,24.68602],[118.12901,24.680219],[118.123133,24.678272],[118.120359,24.682789]]]}},{"type":"Feature","properties":{"id":"osm-way-1193733042","layer":"settlements","category":"settlement","name":null,"referenceEra":"modern_reference","source":"OpenStreetMap contributors","license":"ODbL-1.0","sourceAreaDegrees":0.000036796},"geometry":{"type":"Polygon","coordinates":[[[117.953104,24.493453],[117.95353,24.493997],[117.954898,24.494244],[117.954934,24.492012],[117.957726,24.489848],[117.957985,24.486208],[117.957054,24.485333],[117.956937,24.483842],[117.951447,24.486438],[117.953782,24.490599],[117.953221,24.491726],[117.953104,24.493453]]]}},{"type":"Feature","properties":{"id":"osm-way-1084938563","layer":"settlements","category":"settlement","name":null,"referenceEra":"modern_reference","source":"OpenStreetMap contributors","license":"ODbL-1.0","sourceAreaDegrees":0.000036183},"geometry":{"type":"Polygon","coordinates":[[[117.982161,24.584919],[117.976081,24.590134],[117.980368,24.594236],[117.983095,24.591162],[117.979901,24.590346],[117.983767,24.587264],[117.985841,24.588019],[117.986485,24.586745],[117.982161,24.584919]]]}},{"type":"Feature","properties":{"id":"osm-way-1127555354","layer":"settlements","category":"settlement","name":"海翔码头","referenceEra":"modern_reference","source":"OpenStreetMap contributors","license":"ODbL-1.0","sourceAreaDegrees":0.000035977},"geometry":{"type":"Polygon","coordinates":[[[118.22241,24.534185],[118.227455,24.538465],[118.231831,24.536488],[118.229084,24.531226],[118.22241,24.534185]]]}},{"type":"Feature","properties":{"id":"osm-way-540939378","layer":"settlements","category":"settlement","name":null,"referenceEra":"modern_reference","source":"OpenStreetMap contributors","license":"ODbL-1.0","sourceAreaDegrees":0.00003568},"geometry":{"type":"Polygon","coordinates":[[[118.271818,24.584536],[118.271408,24.583115],[118.273411,24.577444],[118.275095,24.576051],[118.276324,24.57612],[118.276931,24.576741],[118.277508,24.581501],[118.275839,24.583985],[118.271818,24.584536]]]}},{"type":"Feature","properties":{"id":"osm-way-1084946764","layer":"settlements","category":"settlement","name":null,"referenceEra":"modern_reference","source":"OpenStreetMap contributors","license":"ODbL-1.0","sourceAreaDegrees":0.000035468},"geometry":{"type":"Polygon","coordinates":[[[118.024107,24.647867],[118.020582,24.644187],[118.022309,24.641176],[118.021884,24.640417],[118.022734,24.640147],[118.023413,24.638654],[118.024008,24.638898],[118.024319,24.638204],[118.024857,24.638397],[118.026074,24.637792],[118.026188,24.637444],[118.024461,24.636775],[118.025112,24.635167],[118.025777,24.634729],[118.027235,24.636261],[118.028113,24.63608],[118.026542,24.638744],[118.025636,24.639542],[118.025905,24.640391],[118.024107,24.647867]]]}},{"type":"Feature","properties":{"id":"osm-way-654335747","layer":"settlements","category":"settlement","name":null,"referenceEra":"modern_reference","source":"OpenStreetMap contributors","license":"ODbL-1.0","sourceAreaDegrees":0.000035279},"geometry":{"type":"Polygon","coordinates":[[[117.967549,24.519411],[117.974484,24.51835],[117.974491,24.523233],[117.967509,24.524302],[117.967549,24.519411]]]}},{"type":"Feature","properties":{"id":"osm-way-1445726854","layer":"settlements","category":"settlement","name":null,"referenceEra":"modern_reference","source":"OpenStreetMap contributors","license":"ODbL-1.0","sourceAreaDegrees":0.000035176},"geometry":{"type":"Polygon","coordinates":[[[118.366176,24.637153],[118.365854,24.633234],[118.374943,24.632552],[118.37507,24.636297],[118.37037,24.636616],[118.366176,24.637153]]]}},{"type":"Feature","properties":{"id":"osm-way-810521834","layer":"settlements","category":"settlement","name":"黄厝","referenceEra":"modern_reference","source":"OpenStreetMap contributors","license":"ODbL-1.0","sourceAreaDegrees":0.00003498},"geometry":{"type":"Polygon","coordinates":[[[118.316703,24.636817],[118.314514,24.637226],[118.314149,24.636866],[118.312626,24.637519],[118.310223,24.63789],[118.309515,24.639899],[118.309622,24.641147],[118.31136,24.642961],[118.314042,24.643604],[118.314514,24.642668],[118.315786,24.642658],[118.315855,24.641293],[118.315351,24.640503],[118.317196,24.637714],[118.31695,24.637051],[118.316703,24.636817]]]}},{"type":"Feature","properties":{"id":"osm-way-1539969831","layer":"settlements","category":"settlement","name":null,"referenceEra":"modern_reference","source":"OpenStreetMap contributors","license":"ODbL-1.0","sourceAreaDegrees":0.000034257},"geometry":{"type":"Polygon","coordinates":[[[118.171095,24.469056],[118.16981,24.466888],[118.166252,24.466725],[118.166252,24.464527],[118.163763,24.464117],[118.163613,24.470055],[118.164482,24.472154],[118.171048,24.469244],[118.171095,24.469056]]]}},{"type":"Feature","properties":{"id":"osm-way-190031817","layer":"settlements","category":"settlement","name":null,"referenceEra":"modern_reference","source":"OpenStreetMap contributors","license":"ODbL-1.0","sourceAreaDegrees":0.000034158},"geometry":{"type":"Polygon","coordinates":[[[118.186314,24.689841],[118.185538,24.688202],[118.184618,24.687537],[118.185744,24.685436],[118.188329,24.684849],[118.188539,24.685679],[118.189147,24.685608],[118.189072,24.685101],[118.189842,24.684891],[118.190311,24.684211],[118.19103,24.684119],[118.193345,24.685552],[118.193718,24.686256],[118.193023,24.688406],[118.189835,24.688744],[118.188976,24.689081],[118.188828,24.68958],[118.186624,24.690011],[118.186314,24.689841]]]}},{"type":"Feature","properties":{"id":"osm-way-1084938675","layer":"settlements","category":"settlement","name":"锦园","referenceEra":"modern_reference","source":"OpenStreetMap contributors","license":"ODbL-1.0","sourceAreaDegrees":0.000033234},"geometry":{"type":"Polygon","coordinates":[[[118.024347,24.590402],[118.020997,24.592066],[118.020265,24.592842],[118.020835,24.595991],[118.023022,24.597182],[118.023453,24.59818],[118.024794,24.597145],[118.024868,24.596679],[118.027356,24.595718],[118.026331,24.595341],[118.025925,24.594624],[118.026356,24.594099],[118.027722,24.59384],[118.024347,24.590402]]]}},{"type":"Feature","properties":{"id":"osm-way-1084938628","layer":"settlements","category":"settlement","name":null,"referenceEra":"modern_reference","source":"OpenStreetMap contributors","license":"ODbL-1.0","sourceAreaDegrees":0.000032396},"geometry":{"type":"Polygon","coordinates":[[[118.026907,24.557197],[118.026451,24.55463],[118.02756,24.553531],[118.027277,24.553184],[118.029236,24.5525],[118.030124,24.552556],[118.033501,24.553352],[118.034807,24.55417],[118.035081,24.555986],[118.03457,24.555831],[118.033077,24.556509],[118.032351,24.557564],[118.03005,24.557578],[118.028731,24.557073],[118.026907,24.557197]]]}},{"type":"Feature","properties":{"id":"osm-way-654337101","layer":"settlements","category":"settlement","name":null,"referenceEra":"modern_reference","source":"OpenStreetMap contributors","license":"ODbL-1.0","sourceAreaDegrees":0.000032356},"geometry":{"type":"Polygon","coordinates":[[[118.226902,24.661322],[118.229048,24.662726],[118.235335,24.659818],[118.235354,24.657083],[118.231658,24.657814],[118.226857,24.657753],[118.22686,24.659693],[118.226902,24.661322]]]}},{"type":"Feature","properties":{"id":"osm-way-1084938609","layer":"settlements","category":"settlement","name":null,"referenceEra":"modern_reference","source":"OpenStreetMap contributors","license":"ODbL-1.0","sourceAreaDegrees":0.000032317},"geometry":{"type":"Polygon","coordinates":[[[118.030178,24.591797],[118.026382,24.591091],[118.025569,24.589713],[118.03321,24.58532],[118.035107,24.589119],[118.030178,24.591797]]]}},{"type":"Feature","properties":{"id":"osm-way-1338228607","layer":"settlements","category":"settlement","name":null,"referenceEra":"modern_reference","source":"OpenStreetMap contributors","license":"ODbL-1.0","sourceAreaDegrees":0.000032174},"geometry":{"type":"Polygon","coordinates":[[[118.310529,24.675995],[118.304664,24.674853],[118.30612,24.668919],[118.311507,24.671414],[118.31068,24.675511],[118.310529,24.675995]]]}},{"type":"Feature","properties":{"id":"osm-way-1084495242","layer":"settlements","category":"settlement","name":null,"referenceEra":"modern_reference","source":"OpenStreetMap contributors","license":"ODbL-1.0","sourceAreaDegrees":0.000031798},"geometry":{"type":"Polygon","coordinates":[[[118.025711,24.354348],[118.025023,24.353526],[118.025053,24.352076],[118.028962,24.352767],[118.029138,24.352181],[118.031288,24.351965],[118.035281,24.353484],[118.034814,24.355882],[118.029712,24.356829],[118.029131,24.356788],[118.028465,24.356146],[118.028534,24.354857],[118.027547,24.354425],[118.026461,24.354606],[118.025711,24.354348]]]}},{"type":"Feature","properties":{"id":"osm-way-1084720872","layer":"settlements","category":"settlement","name":null,"referenceEra":"modern_reference","source":"OpenStreetMap contributors","license":"ODbL-1.0","sourceAreaDegrees":0.000031733},"geometry":{"type":"Polygon","coordinates":[[[117.988136,24.404855],[117.986982,24.403858],[117.987171,24.401546],[117.996073,24.402186],[117.995859,24.405638],[117.991974,24.405427],[117.991908,24.40677],[117.989541,24.40543],[117.988136,24.404855]]]}},{"type":"Feature","properties":{"id":"osm-way-1447059969","layer":"settlements","category":"settlement","name":null,"referenceEra":"modern_reference","source":"OpenStreetMap contributors","license":"ODbL-1.0","sourceAreaDegrees":0.000031691},"geometry":{"type":"Polygon","coordinates":[[[118.450273,24.632216],[118.449226,24.63194],[118.449155,24.631361],[118.452149,24.631039],[118.452432,24.630164],[118.456249,24.631279],[118.461873,24.631251],[118.462499,24.631382],[118.462715,24.632068],[118.462046,24.632605],[118.46217,24.633525],[118.461447,24.634005],[118.459979,24.634093],[118.45976,24.633746],[118.459678,24.634109],[118.457434,24.634394],[118.454551,24.633935],[118.454574,24.633438],[118.452431,24.632972],[118.451901,24.632143],[118.450295,24.631892],[118.450273,24.632216]]]}},{"type":"Feature","properties":{"id":"osm-way-654335734","layer":"settlements","category":"settlement","name":null,"referenceEra":"modern_reference","source":"OpenStreetMap contributors","license":"ODbL-1.0","sourceAreaDegrees":0.000031416},"geometry":{"type":"Polygon","coordinates":[[[118.195172,24.669312],[118.200992,24.668225],[118.201269,24.673185],[118.194673,24.674763],[118.195188,24.6721],[118.195172,24.669312]]]}},{"type":"Feature","properties":{"id":"osm-way-1084480362","layer":"settlements","category":"settlement","name":null,"referenceEra":"modern_reference","source":"OpenStreetMap contributors","license":"ODbL-1.0","sourceAreaDegrees":0.000031411},"geometry":{"type":"Polygon","coordinates":[[[118.091419,24.35438],[118.094991,24.352169],[118.099618,24.358316],[118.096397,24.360506],[118.091419,24.35438]]]}},{"type":"Feature","properties":{"id":"osm-way-622478655","layer":"settlements","category":"settlement","name":"杭边","referenceEra":"modern_reference","source":"OpenStreetMap contributors","license":"ODbL-1.0","sourceAreaDegrees":0.000031353},"geometry":{"type":"Polygon","coordinates":[[[118.596255,24.641369],[118.595102,24.640639],[118.595527,24.638101],[118.595147,24.636529],[118.596376,24.633619],[118.597803,24.632295],[118.599972,24.63195],[118.6,24.637356],[118.599047,24.638335],[118.596255,24.641369]]]}},{"type":"Feature","properties":{"id":"osm-way-1461828445","layer":"settlements","category":"settlement","name":null,"referenceEra":"modern_reference","source":"OpenStreetMap contributors","license":"ODbL-1.0","sourceAreaDegrees":0.000031062},"geometry":{"type":"Polygon","coordinates":[[[118.00055,24.603558],[118.001063,24.602989],[118.000349,24.602407],[118.002668,24.599619],[118.003006,24.599637],[118.007811,24.604724],[118.00594,24.607422],[118.001611,24.605199],[118.00055,24.603558]]]}},{"type":"Feature","properties":{"id":"osm-way-1084720885","layer":"settlements","category":"settlement","name":null,"referenceEra":"modern_reference","source":"OpenStreetMap contributors","license":"ODbL-1.0","sourceAreaDegrees":0.000030523},"geometry":{"type":"Polygon","coordinates":[[[117.994487,24.396852],[117.995026,24.395535],[117.995721,24.394965],[117.996166,24.396616],[117.999235,24.397561],[117.999153,24.398182],[117.999794,24.39853],[118.000327,24.397076],[118.000818,24.396828],[117.999467,24.395747],[117.999358,24.394927],[117.998512,24.394579],[117.998266,24.392255],[117.997803,24.391621],[117.997339,24.391945],[117.996493,24.391174],[117.999464,24.38839],[117.999698,24.388631],[117.999253,24.389213],[117.999636,24.389576],[117.999101,24.390655],[118.000087,24.390694],[117.999418,24.392224],[118.001314,24.392866],[118.002615,24.398718],[118.002004,24.399003],[118.001612,24.397505],[118.000028,24.39948],[117.998276,24.399441],[117.998371,24.399013],[117.997468,24.398679],[117.994487,24.396852]]]}},{"type":"Feature","properties":{"id":"osm-way-1450194279","layer":"settlements","category":"settlement","name":null,"referenceEra":"modern_reference","source":"OpenStreetMap contributors","license":"ODbL-1.0","sourceAreaDegrees":0.000030517},"geometry":{"type":"Polygon","coordinates":[[[118.27768,24.650062],[118.278462,24.649621],[118.27848,24.649145],[118.277905,24.648614],[118.27886,24.64811],[118.277849,24.647875],[118.277775,24.648172],[118.27613,24.648502],[118.275255,24.648116],[118.274152,24.648418],[118.274023,24.648155],[118.274836,24.647662],[118.27459,24.647393],[118.275575,24.646895],[118.276068,24.645215],[118.275267,24.644386],[118.274811,24.644632],[118.27417,24.644061],[118.270966,24.647802],[118.270701,24.648457],[118.270985,24.649337],[118.271607,24.649723],[118.271599,24.650198],[118.274287,24.65133],[118.275249,24.651269],[118.275391,24.650961],[118.276038,24.651157],[118.276266,24.650412],[118.27698,24.650938],[118.276832,24.65044],[118.27768,24.650062]]]}},{"type":"Feature","properties":{"id":"osm-way-538442332","layer":"settlements","category":"settlement","name":null,"referenceEra":"modern_reference","source":"OpenStreetMap contributors","license":"ODbL-1.0","sourceAreaDegrees":0.000030115},"geometry":{"type":"Polygon","coordinates":[[[118.20206,24.667997],[118.207763,24.668209],[118.207732,24.67291],[118.202003,24.672924],[118.201906,24.668083],[118.20206,24.667997]]]}},{"type":"Feature","properties":{"id":"osm-way-1084938562","layer":"settlements","category":"settlement","name":null,"referenceEra":"modern_reference","source":"OpenStreetMap contributors","license":"ODbL-1.0","sourceAreaDegrees":0.000029996},"geometry":{"type":"Polygon","coordinates":[[[117.973017,24.586949],[117.974624,24.584393],[117.976221,24.583662],[117.981965,24.58475],[117.975856,24.590015],[117.973017,24.586949]]]}},{"type":"Feature","properties":{"id":"osm-way-654335750","layer":"settlements","category":"settlement","name":null,"referenceEra":"modern_reference","source":"OpenStreetMap contributors","license":"ODbL-1.0","sourceAreaDegrees":0.000029966},"geometry":{"type":"Polygon","coordinates":[[[117.972538,24.593017],[117.973879,24.591871],[117.978071,24.595853],[117.97997,24.594468],[117.972767,24.587487],[117.969872,24.590537],[117.972538,24.593017]]]}},{"type":"Feature","properties":{"id":"osm-way-496325050","layer":"land-cover","category":"open-ground","name":null,"referenceEra":"modern_reference","source":"OpenStreetMap contributors","license":"ODbL-1.0","sourceAreaDegrees":0.000051314},"geometry":{"type":"Polygon","coordinates":[[[118.113973,24.534795],[118.141224,24.554187],[118.141954,24.553436],[118.142951,24.554295],[118.140991,24.55646],[118.140548,24.55652],[118.135245,24.552746],[118.136033,24.551377],[118.129147,24.546457],[118.125034,24.545053],[118.117529,24.539314],[118.113935,24.535015],[118.113973,24.534795]]]}},{"type":"Feature","properties":{"id":"osm-way-1077846416","layer":"land-cover","category":"open-ground","name":null,"referenceEra":"modern_reference","source":"OpenStreetMap contributors","license":"ODbL-1.0","sourceAreaDegrees":0.000040009},"geometry":{"type":"Polygon","coordinates":[[[118.130851,24.551901],[118.13566,24.551346],[118.135897,24.551503],[118.135182,24.552337],[118.135245,24.552746],[118.140548,24.55652],[118.140991,24.55646],[118.142951,24.554295],[118.141954,24.553436],[118.14163,24.553769],[118.141168,24.553458],[118.142287,24.552128],[118.142909,24.552299],[118.143682,24.553266],[118.144956,24.551781],[118.145174,24.551934],[118.144535,24.552692],[118.145792,24.553664],[118.141616,24.558578],[118.140218,24.559248],[118.139226,24.558449],[118.138981,24.557759],[118.134105,24.554593],[118.133605,24.55509],[118.132948,24.554851],[118.132761,24.554536],[118.13327,24.55395],[118.131318,24.552648],[118.130851,24.551901]]]}},{"type":"Feature","properties":{"id":"osm-way-915347102","layer":"land-cover","category":"open-ground","name":null,"referenceEra":"modern_reference","source":"OpenStreetMap contributors","license":"ODbL-1.0","sourceAreaDegrees":0.000033805},"geometry":{"type":"Polygon","coordinates":[[[118.371281,24.433326],[118.37442,24.434596],[118.374549,24.433507],[118.370804,24.432388],[118.348343,24.421321],[118.346847,24.421184],[118.344063,24.420051],[118.343333,24.421125],[118.345516,24.422093],[118.345774,24.421643],[118.350775,24.423639],[118.350951,24.423997],[118.371281,24.433326]]]}},{"type":"Feature","properties":{"id":"osm-way-1370818781","layer":"land-cover","category":"open-ground","name":null,"referenceEra":"modern_reference","source":"OpenStreetMap contributors","license":"ODbL-1.0","sourceAreaDegrees":0.000030293},"geometry":{"type":"Polygon","coordinates":[[[118.015645,24.331692],[118.017259,24.330489],[118.017548,24.330789],[118.018019,24.3305],[118.01771,24.330074],[118.018174,24.329659],[118.022402,24.334578],[118.023451,24.335334],[118.020886,24.337627],[118.01932,24.33796],[118.018954,24.337564],[118.018361,24.338001],[118.017182,24.33666],[118.019113,24.335463],[118.015645,24.331692]]]}},{"type":"Feature","properties":{"id":"osm-way-559681796","layer":"land-cover","category":"open-ground","name":null,"referenceEra":"modern_reference","source":"OpenStreetMap contributors","license":"ODbL-1.0","sourceAreaDegrees":0.000017713},"geometry":{"type":"Polygon","coordinates":[[[118.158523,24.502435],[118.157953,24.502182],[118.158205,24.501406],[118.155175,24.500587],[118.154398,24.499852],[118.154293,24.498416],[118.15303,24.497982],[118.152366,24.498188],[118.15104,24.497183],[118.150053,24.495537],[118.149719,24.492175],[118.152362,24.493909],[118.153282,24.493658],[118.154389,24.494007],[118.154972,24.494997],[118.154744,24.49518],[118.157938,24.497615],[118.159954,24.496561],[118.158578,24.493675],[118.157952,24.493318],[118.157676,24.491419],[118.158798,24.491058],[118.161847,24.493188],[118.163246,24.496855],[118.164733,24.498223],[118.164728,24.498721],[118.162656,24.497573],[118.161546,24.493917],[118.158862,24.491412],[118.157792,24.491552],[118.15795,24.492567],[118.160464,24.496338],[118.160057,24.49737],[118.15892,24.497978],[118.157601,24.497731],[118.154714,24.495707],[118.153938,24.494022],[118.151821,24.49414],[118.150059,24.493209],[118.150259,24.495356],[118.150977,24.496705],[118.154184,24.498099],[118.15473,24.498727],[118.154542,24.499685],[118.155306,24.500395],[118.158384,24.501306],[118.158523,24.502265],[118.158523,24.502435]]]}},{"type":"Feature","properties":{"id":"osm-way-1443657268","layer":"land-cover","category":"open-ground","name":null,"referenceEra":"modern_reference","source":"OpenStreetMap contributors","license":"ODbL-1.0","sourceAreaDegrees":0.000017388},"geometry":{"type":"Polygon","coordinates":[[[118.190853,24.652477],[118.189501,24.652336],[118.188736,24.652651],[118.187901,24.652297],[118.186683,24.652844],[118.186613,24.653256],[118.188234,24.654298],[118.193273,24.654523],[118.194328,24.654446],[118.195694,24.653397],[118.195446,24.652452],[118.194916,24.652169],[118.192728,24.652027],[118.190853,24.652477]]]}},{"type":"Feature","properties":{"id":"osm-way-1084938523","layer":"land-cover","category":"open-ground","name":null,"referenceEra":"modern_reference","source":"OpenStreetMap contributors","license":"ODbL-1.0","sourceAreaDegrees":0.000012065},"geometry":{"type":"Polygon","coordinates":[[[117.960951,24.617346],[117.964476,24.615937],[117.962934,24.613585],[117.959372,24.613992],[117.959599,24.614701],[117.960951,24.617346]]]}},{"type":"Feature","properties":{"id":"osm-way-391523251","layer":"land-cover","category":"open-ground","name":null,"referenceEra":"modern_reference","source":"OpenStreetMap contributors","license":"ODbL-1.0","sourceAreaDegrees":0.000011157},"geometry":{"type":"Polygon","coordinates":[[[118.081135,24.601967],[118.0809,24.602968],[118.080075,24.60359],[118.075304,24.605892],[118.075738,24.606902],[118.076972,24.606909],[118.077758,24.607585],[118.077404,24.607968],[118.077467,24.607635],[118.076793,24.607155],[118.076122,24.607676],[118.0737,24.60555],[118.080881,24.601609],[118.081135,24.601967]]]}},{"type":"Feature","properties":{"id":"osm-way-1149810981","layer":"land-cover","category":"open-ground","name":null,"referenceEra":"modern_reference","source":"OpenStreetMap contributors","license":"ODbL-1.0","sourceAreaDegrees":0.000009624},"geometry":{"type":"Polygon","coordinates":[[[118.125152,24.546356],[118.129868,24.549678],[118.131132,24.548182],[118.127263,24.545935],[118.125814,24.546062],[118.125152,24.546356]]]}},{"type":"Feature","properties":{"id":"osm-way-1427418522","layer":"land-cover","category":"open-ground","name":null,"referenceEra":"modern_reference","source":"OpenStreetMap contributors","license":"ODbL-1.0","sourceAreaDegrees":0.000009182},"geometry":{"type":"Polygon","coordinates":[[[118.021061,24.388771],[118.021667,24.390618],[118.020055,24.390222],[118.019503,24.390376],[118.018931,24.391214],[118.018242,24.390811],[118.017665,24.387982],[118.017904,24.387598],[118.018714,24.388454],[118.018923,24.388287],[118.017808,24.38701],[118.01659,24.386707],[118.017158,24.386428],[118.018231,24.386673],[118.018789,24.385984],[118.018947,24.386494],[118.018607,24.387071],[118.020283,24.388138],[118.019653,24.388732],[118.019479,24.389665],[118.02035,24.389174],[118.021061,24.388771]]]}},{"type":"Feature","properties":{"id":"osm-way-915350718","layer":"land-cover","category":"open-ground","name":null,"referenceEra":"modern_reference","source":"OpenStreetMap contributors","license":"ODbL-1.0","sourceAreaDegrees":0.000008778},"geometry":{"type":"Polygon","coordinates":[[[118.356232,24.428275],[118.357133,24.428553],[118.35753,24.427771],[118.348067,24.423312],[118.347874,24.423918],[118.349446,24.42489],[118.356311,24.428134],[118.356232,24.428275]]]}},{"type":"Feature","properties":{"id":"osm-way-240360006","layer":"land-cover","category":"open-ground","name":null,"referenceEra":"modern_reference","source":"OpenStreetMap contributors","license":"ODbL-1.0","sourceAreaDegrees":0.000008482},"geometry":{"type":"Polygon","coordinates":[[[118.132456,24.32759],[118.131931,24.327457],[118.131311,24.328992],[118.130254,24.329271],[118.130247,24.329736],[118.129211,24.330115],[118.12827,24.329982],[118.128154,24.330713],[118.127206,24.331357],[118.127549,24.332041],[118.128774,24.332287],[118.130188,24.33139],[118.131136,24.331324],[118.131435,24.330759],[118.13102,24.330115],[118.131479,24.329842],[118.13161,24.328626],[118.132624,24.327982],[118.132544,24.327709],[118.132456,24.32759]]]}},{"type":"Feature","properties":{"id":"osm-way-1420674131","layer":"land-cover","category":"open-ground","name":null,"referenceEra":"modern_reference","source":"OpenStreetMap contributors","license":"ODbL-1.0","sourceAreaDegrees":0.000008332},"geometry":{"type":"Polygon","coordinates":[[[118.079695,24.350953],[118.079507,24.350596],[118.080829,24.348627],[118.083515,24.349944],[118.081896,24.352181],[118.079695,24.350953]]]}},{"type":"Feature","properties":{"id":"osm-way-1084917265","layer":"land-cover","category":"open-ground","name":null,"referenceEra":"modern_reference","source":"OpenStreetMap contributors","license":"ODbL-1.0","sourceAreaDegrees":0.000007879},"geometry":{"type":"Polygon","coordinates":[[[117.978768,24.534988],[117.978394,24.537251],[117.981858,24.538109],[117.982264,24.53606],[117.978768,24.534988]]]}},{"type":"Feature","properties":{"id":"osm-way-496325037","layer":"land-cover","category":"open-ground","name":null,"referenceEra":"modern_reference","source":"OpenStreetMap contributors","license":"ODbL-1.0","sourceAreaDegrees":0.000007568},"geometry":{"type":"Polygon","coordinates":[[[118.127647,24.543904],[118.129449,24.544772],[118.131166,24.544948],[118.124965,24.540566],[118.125265,24.541591],[118.126467,24.543035],[118.127647,24.543904]]]}},{"type":"Feature","properties":{"id":"osm-way-496254865","layer":"land-cover","category":"open-ground","name":null,"referenceEra":"modern_reference","source":"OpenStreetMap contributors","license":"ODbL-1.0","sourceAreaDegrees":0.000007353},"geometry":{"type":"Polygon","coordinates":[[[118.362934,24.431352],[118.367268,24.433291],[118.367912,24.432681],[118.367724,24.432256],[118.362392,24.429853],[118.36174,24.430573],[118.362347,24.431079],[118.362934,24.431352]]]}},{"type":"Feature","properties":{"id":"osm-way-1006294066","layer":"land-cover","category":"open-ground","name":null,"referenceEra":"modern_reference","source":"OpenStreetMap contributors","license":"ODbL-1.0","sourceAreaDegrees":0.000007328},"geometry":{"type":"Polygon","coordinates":[[[118.326954,24.478322],[118.327316,24.4784],[118.329805,24.476493],[118.330867,24.475549],[118.330798,24.47498],[118.3319,24.474262],[118.331155,24.47341],[118.329961,24.474213],[118.330226,24.474426],[118.329339,24.476132],[118.327947,24.475812],[118.327265,24.47613],[118.327129,24.477035],[118.326954,24.478322]]]}},{"type":"Feature","properties":{"id":"osm-way-1084917242","layer":"land-cover","category":"open-ground","name":null,"referenceEra":"modern_reference","source":"OpenStreetMap contributors","license":"ODbL-1.0","sourceAreaDegrees":0.000007129},"geometry":{"type":"Polygon","coordinates":[[[117.974786,24.536193],[117.974984,24.534256],[117.978412,24.534905],[117.978112,24.537077],[117.974786,24.536193]]]}},{"type":"Feature","properties":{"id":"osm-way-1084480337","layer":"land-cover","category":"open-ground","name":null,"referenceEra":"modern_reference","source":"OpenStreetMap contributors","license":"ODbL-1.0","sourceAreaDegrees":0.000006736},"geometry":{"type":"Polygon","coordinates":[[[118.118689,24.301169],[118.119926,24.3],[118.123086,24.3],[118.123119,24.300327],[118.120538,24.302717],[118.118874,24.3014],[118.118689,24.301169]]]}},{"type":"Feature","properties":{"id":"osm-way-1149810982","layer":"land-cover","category":"open-ground","name":null,"referenceEra":"modern_reference","source":"OpenStreetMap contributors","license":"ODbL-1.0","sourceAreaDegrees":0.000006196},"geometry":{"type":"Polygon","coordinates":[[[118.130875,24.550386],[118.132114,24.548893],[118.135563,24.551433],[118.132691,24.551665],[118.130875,24.550386]]]}},{"type":"Feature","properties":{"id":"osm-way-1084946738","layer":"land-cover","category":"open-ground","name":null,"referenceEra":"modern_reference","source":"OpenStreetMap contributors","license":"ODbL-1.0","sourceAreaDegrees":0.000006072},"geometry":{"type":"Polygon","coordinates":[[[118.044697,24.611629],[118.045202,24.611034],[118.043099,24.609922],[118.038657,24.608761],[118.038475,24.609551],[118.041361,24.610332],[118.044697,24.611629]]]}},{"type":"Feature","properties":{"id":"osm-way-1084946737","layer":"land-cover","category":"open-ground","name":null,"referenceEra":"modern_reference","source":"OpenStreetMap contributors","license":"ODbL-1.0","sourceAreaDegrees":0.000005783},"geometry":{"type":"Polygon","coordinates":[[[118.051446,24.615706],[118.052132,24.614916],[118.045963,24.611405],[118.045588,24.611892],[118.051446,24.615706]]]}},{"type":"Feature","properties":{"id":"osm-way-1084903008","layer":"land-cover","category":"open-ground","name":null,"referenceEra":"modern_reference","source":"OpenStreetMap contributors","license":"ODbL-1.0","sourceAreaDegrees":0.00000541},"geometry":{"type":"Polygon","coordinates":[[[117.963254,24.538901],[117.964554,24.537007],[117.966575,24.53713],[117.964955,24.539832],[117.963254,24.538901]]]}},{"type":"Feature","properties":{"id":"osm-way-496325047","layer":"land-cover","category":"open-ground","name":null,"referenceEra":"modern_reference","source":"OpenStreetMap contributors","license":"ODbL-1.0","sourceAreaDegrees":0.000005007},"geometry":{"type":"Polygon","coordinates":[[[118.135452,24.549503],[118.13969,24.552245],[118.14028,24.551377],[118.137834,24.549815],[118.135452,24.549503]]]}},{"type":"Feature","properties":{"id":"osm-way-1344474525","layer":"land-cover","category":"open-ground","name":null,"referenceEra":"modern_reference","source":"OpenStreetMap contributors","license":"ODbL-1.0","sourceAreaDegrees":0.000004875},"geometry":{"type":"Polygon","coordinates":[[[118.020779,24.397035],[118.019344,24.394225],[118.018746,24.394266],[118.017803,24.395369],[118.018356,24.396117],[118.017982,24.396202],[118.018124,24.396757],[118.01881,24.3974],[118.019606,24.39719],[118.019385,24.396531],[118.019932,24.396189],[118.020463,24.396705],[118.020779,24.397035]]]}},{"type":"Feature","properties":{"id":"osm-way-1370770611","layer":"land-cover","category":"open-ground","name":null,"referenceEra":"modern_reference","source":"OpenStreetMap contributors","license":"ODbL-1.0","sourceAreaDegrees":0.000004861},"geometry":{"type":"Polygon","coordinates":[[[118.146936,24.455758],[118.146636,24.455341],[118.148129,24.453508],[118.148369,24.451802],[118.149492,24.451557],[118.149444,24.453404],[118.147196,24.455912],[118.146936,24.455758]]]}},{"type":"Feature","properties":{"id":"osm-way-496254864","layer":"land-cover","category":"open-ground","name":null,"referenceEra":"modern_reference","source":"OpenStreetMap contributors","license":"ODbL-1.0","sourceAreaDegrees":0.000004502},"geometry":{"type":"Polygon","coordinates":[[[118.358508,24.42933],[118.361072,24.430429],[118.361615,24.429789],[118.361432,24.429379],[118.358315,24.427992],[118.357709,24.428632],[118.357849,24.428967],[118.358508,24.42933]]]}},{"type":"Feature","properties":{"id":"osm-way-1084946649","layer":"land-cover","category":"open-ground","name":null,"referenceEra":"modern_reference","source":"OpenStreetMap contributors","license":"ODbL-1.0","sourceAreaDegrees":0.000004471},"geometry":{"type":"Polygon","coordinates":[[[118.00897,24.615817],[118.01004,24.614505],[118.012295,24.615894],[118.011444,24.617227],[118.00897,24.615817]]]}},{"type":"Feature","properties":{"id":"osm-way-1370770608","layer":"land-cover","category":"open-ground","name":null,"referenceEra":"modern_reference","source":"OpenStreetMap contributors","license":"ODbL-1.0","sourceAreaDegrees":0.000004258},"geometry":{"type":"Polygon","coordinates":[[[118.146715,24.450803],[118.14712,24.450571],[118.148081,24.45149],[118.148326,24.452586],[118.148232,24.452924],[118.147558,24.452664],[118.147998,24.453506],[118.146383,24.455282],[118.146224,24.454819],[118.146856,24.453976],[118.146512,24.453685],[118.147122,24.453371],[118.147217,24.453785],[118.147386,24.452616],[118.146848,24.451915],[118.147094,24.451964],[118.146911,24.451296],[118.145305,24.451167],[118.145625,24.450855],[118.146567,24.45119],[118.146965,24.450924],[118.146715,24.450803]]]}},{"type":"Feature","properties":{"id":"osm-way-1369513331","layer":"land-cover","category":"open-ground","name":null,"referenceEra":"modern_reference","source":"OpenStreetMap contributors","license":"ODbL-1.0","sourceAreaDegrees":0.00000423},"geometry":{"type":"Polygon","coordinates":[[[117.96166,24.365866],[117.960885,24.364921],[117.959828,24.364669],[117.959585,24.365485],[117.960098,24.36576],[117.960093,24.366697],[117.95887,24.365561],[117.958961,24.365292],[117.959388,24.365562],[117.959149,24.364744],[117.958847,24.365033],[117.958002,24.364905],[117.959229,24.366319],[117.959184,24.366636],[117.958789,24.36631],[117.958766,24.366708],[117.959548,24.367285],[117.960999,24.36658],[117.96144,24.366104],[117.961241,24.365681],[117.96166,24.365866]]]}},{"type":"Feature","properties":{"id":"osm-way-800639113","layer":"land-cover","category":"open-ground","name":null,"referenceEra":"modern_reference","source":"OpenStreetMap contributors","license":"ODbL-1.0","sourceAreaDegrees":0.000004183},"geometry":{"type":"Polygon","coordinates":[[[118.086035,24.579822],[118.085662,24.577048],[118.088119,24.576915],[118.0884,24.577733],[118.086651,24.578749],[118.086293,24.5798],[118.086035,24.579822]]]}},{"type":"Feature","properties":{"id":"osm-way-284191914","layer":"land-cover","category":"open-ground","name":null,"referenceEra":"modern_reference","source":"OpenStreetMap contributors","license":"ODbL-1.0","sourceAreaDegrees":0.000004086},"geometry":{"type":"Polygon","coordinates":[[[118.233852,24.631024],[118.234633,24.630661],[118.235027,24.631341],[118.234659,24.630751],[118.233983,24.630926],[118.233434,24.633004],[118.233739,24.632704],[118.235233,24.632862],[118.235851,24.632594],[118.235392,24.632331],[118.236202,24.632338],[118.235115,24.632143],[118.235193,24.631843],[118.236266,24.63195],[118.234799,24.630646],[118.234177,24.629159],[118.233885,24.630914],[118.233852,24.631024]]]}},{"type":"Feature","properties":{"id":"osm-way-496254866","layer":"land-cover","category":"open-ground","name":null,"referenceEra":"modern_reference","source":"OpenStreetMap contributors","license":"ODbL-1.0","sourceAreaDegrees":0.000003861},"geometry":{"type":"Polygon","coordinates":[[[118.369103,24.43416],[118.370986,24.434969],[118.371522,24.434302],[118.368727,24.432739],[118.368084,24.433345],[118.36821,24.433703],[118.369103,24.43416]]]}},{"type":"Feature","properties":{"id":"osm-way-1347482207","layer":"land-cover","category":"open-ground","name":null,"referenceEra":"modern_reference","source":"OpenStreetMap contributors","license":"ODbL-1.0","sourceAreaDegrees":0.00000377},"geometry":{"type":"Polygon","coordinates":[[[118.018755,24.408721],[118.02096,24.408789],[118.02075,24.407169],[118.019331,24.406447],[118.018755,24.408721]]]}},{"type":"Feature","properties":{"id":"osm-way-1343400136","layer":"land-cover","category":"open-ground","name":null,"referenceEra":"modern_reference","source":"OpenStreetMap contributors","license":"ODbL-1.0","sourceAreaDegrees":0.000003742},"geometry":{"type":"Polygon","coordinates":[[[117.974662,24.389699],[117.974238,24.391154],[117.974611,24.390912],[117.975255,24.391248],[117.975536,24.390406],[117.975818,24.39075],[117.976451,24.390691],[117.977323,24.389848],[117.976853,24.38836],[117.975356,24.388051],[117.974981,24.388504],[117.976459,24.388819],[117.976948,24.389664],[117.976014,24.390065],[117.975805,24.389716],[117.976258,24.389459],[117.974898,24.388924],[117.975684,24.389784],[117.975566,24.390187],[117.974764,24.389804],[117.974662,24.389699]]]}},{"type":"Feature","properties":{"id":"osm-way-1370818780","layer":"land-cover","category":"open-ground","name":null,"referenceEra":"modern_reference","source":"OpenStreetMap contributors","license":"ODbL-1.0","sourceAreaDegrees":0.000003453},"geometry":{"type":"Polygon","coordinates":[[[118.009008,24.332984],[118.008335,24.3338],[118.011857,24.336541],[118.012119,24.336338],[118.009008,24.332984]]]}},{"type":"Feature","properties":{"id":"osm-way-1084938522","layer":"land-cover","category":"open-ground","name":null,"referenceEra":"modern_reference","source":"OpenStreetMap contributors","license":"ODbL-1.0","sourceAreaDegrees":0.000003442},"geometry":{"type":"Polygon","coordinates":[[[117.958998,24.617983],[117.95807,24.61595],[117.959281,24.615293],[117.960477,24.617398],[117.958998,24.617983]]]}},{"type":"Feature","properties":{"id":"osm-way-496325048","layer":"land-cover","category":"open-ground","name":null,"referenceEra":"modern_reference","source":"OpenStreetMap contributors","license":"ODbL-1.0","sourceAreaDegrees":0.000003435},"geometry":{"type":"Polygon","coordinates":[[[118.132416,24.547268],[118.134808,24.54883],[118.136847,24.549113],[118.134465,24.547502],[118.132416,24.547268]]]}},{"type":"Feature","properties":{"id":"osm-way-496325038","layer":"land-cover","category":"open-ground","name":null,"referenceEra":"modern_reference","source":"OpenStreetMap contributors","license":"ODbL-1.0","sourceAreaDegrees":0.000003372},"geometry":{"type":"Polygon","coordinates":[[[118.12357,24.540927],[118.124793,24.541766],[118.123924,24.539785],[118.121875,24.538311],[118.122304,24.539658],[118.12313,24.540624],[118.12357,24.540927]]]}},{"type":"Feature","properties":{"id":"osm-way-1149810983","layer":"land-cover","category":"open-ground","name":null,"referenceEra":"modern_reference","source":"OpenStreetMap contributors","license":"ODbL-1.0","sourceAreaDegrees":0.000003301},"geometry":{"type":"Polygon","coordinates":[[[118.128978,24.550776],[118.13078,24.551754],[118.132485,24.551683],[118.129845,24.549757],[118.129402,24.550253],[118.128978,24.550776]]]}},{"type":"Feature","properties":{"id":"osm-way-1003279709","layer":"land-cover","category":"open-ground","name":null,"referenceEra":"modern_reference","source":"OpenStreetMap contributors","license":"ODbL-1.0","sourceAreaDegrees":0.000003245},"geometry":{"type":"Polygon","coordinates":[[[118.442293,24.417769],[118.441205,24.418259],[118.440759,24.417717],[118.440395,24.418057],[118.440622,24.415869],[118.441163,24.415765],[118.442191,24.416315],[118.441444,24.416922],[118.442099,24.416974],[118.442221,24.417496],[118.442293,24.417769]]]}},{"type":"Feature","properties":{"id":"osm-way-1369810377","layer":"land-cover","category":"open-ground","name":null,"referenceEra":"modern_reference","source":"OpenStreetMap contributors","license":"ODbL-1.0","sourceAreaDegrees":0.000003177},"geometry":{"type":"Polygon","coordinates":[[[117.959335,24.404063],[117.961991,24.405215],[117.962314,24.405216],[117.961297,24.404659],[117.961478,24.404437],[117.962667,24.40477],[117.962057,24.403848],[117.960306,24.403947],[117.960401,24.404254],[117.960084,24.404251],[117.95838,24.4031],[117.957522,24.402993],[117.958643,24.403911],[117.958237,24.404224],[117.958493,24.404477],[117.959405,24.404821],[117.959583,24.404502],[117.959335,24.404063]]]}},{"type":"Feature","properties":{"id":"osm-way-1003279710","layer":"land-cover","category":"open-ground","name":null,"referenceEra":"modern_reference","source":"OpenStreetMap contributors","license":"ODbL-1.0","sourceAreaDegrees":0.000003165},"geometry":{"type":"Polygon","coordinates":[[[118.443097,24.419127],[118.443566,24.419494],[118.444517,24.418906],[118.444657,24.418591],[118.443949,24.417379],[118.443492,24.417115],[118.442221,24.417496],[118.44269,24.418746],[118.443097,24.419127]]]}},{"type":"Feature","properties":{"id":"osm-way-1084903016","layer":"land-cover","category":"open-ground","name":null,"referenceEra":"modern_reference","source":"OpenStreetMap contributors","license":"ODbL-1.0","sourceAreaDegrees":0.000002891},"geometry":{"type":"Polygon","coordinates":[[[117.970882,24.533637],[117.971031,24.532053],[117.972801,24.532014],[117.972744,24.533617],[117.970882,24.533637]]]}},{"type":"Feature","properties":{"id":"osm-way-559638750","layer":"land-cover","category":"open-ground","name":null,"referenceEra":"modern_reference","source":"OpenStreetMap contributors","license":"ODbL-1.0","sourceAreaDegrees":0.000002683},"geometry":{"type":"Polygon","coordinates":[[[118.083223,24.477822],[118.083601,24.476849],[118.085939,24.477611],[118.085715,24.478444],[118.085284,24.478536],[118.083223,24.477822]]]}},{"type":"Feature","properties":{"id":"osm-way-1084902968","layer":"land-cover","category":"open-ground","name":null,"referenceEra":"modern_reference","source":"OpenStreetMap contributors","license":"ODbL-1.0","sourceAreaDegrees":0.000002679},"geometry":{"type":"Polygon","coordinates":[[[117.969159,24.54911],[117.969089,24.547778],[117.9713,24.547637],[117.97101,24.548959],[117.969159,24.54911]]]}},{"type":"Feature","properties":{"id":"osm-way-1369513341","layer":"land-cover","category":"open-ground","name":null,"referenceEra":"modern_reference","source":"OpenStreetMap contributors","license":"ODbL-1.0","sourceAreaDegrees":0.000002667},"geometry":{"type":"Polygon","coordinates":[[[117.958944,24.36742],[117.959297,24.36797],[117.958923,24.368141],[117.957537,24.367822],[117.957027,24.36641],[117.957304,24.366044],[117.956999,24.365884],[117.957651,24.365789],[117.95841,24.367011],[117.958944,24.36742]]]}},{"type":"Feature","properties":{"id":"osm-way-1084927027","layer":"land-cover","category":"open-ground","name":null,"referenceEra":"modern_reference","source":"OpenStreetMap contributors","license":"ODbL-1.0","sourceAreaDegrees":0.000002666},"geometry":{"type":"Polygon","coordinates":[[[117.951934,24.549774],[117.952961,24.548207],[117.954021,24.548814],[117.953372,24.550573],[117.951934,24.549774]]]}},{"type":"Feature","properties":{"id":"osm-way-574910767","layer":"land-cover","category":"open-ground","name":null,"referenceEra":"modern_reference","source":"OpenStreetMap contributors","license":"ODbL-1.0","sourceAreaDegrees":0.000002533},"geometry":{"type":"Polygon","coordinates":[[[118.146771,24.535425],[118.147245,24.534388],[118.145341,24.533744],[118.145595,24.533094],[118.147436,24.533718],[118.147981,24.532431],[118.147323,24.531961],[118.148402,24.532203],[118.146922,24.535487],[118.146771,24.535425]]]}},{"type":"Feature","properties":{"id":"osm-way-681062547","layer":"land-cover","category":"open-ground","name":"防护绿地","referenceEra":"modern_reference","source":"OpenStreetMap contributors","license":"ODbL-1.0","sourceAreaDegrees":0.00000247},"geometry":{"type":"Polygon","coordinates":[[[118.138575,24.525171],[118.141961,24.522563],[118.143379,24.523222],[118.142281,24.522841],[118.139193,24.525296],[118.138659,24.525352],[118.138575,24.525171]]]}},{"type":"Feature","properties":{"id":"osm-way-974522256","layer":"beaches","category":"beach","name":null,"referenceEra":"modern_reference","source":"OpenStreetMap contributors","license":"ODbL-1.0","sourceAreaDegrees":0.000059727},"geometry":{"type":"Polygon","coordinates":[[[118.346773,24.418336],[118.350335,24.421305],[118.358939,24.426561],[118.370838,24.432266],[118.374303,24.433155],[118.376406,24.433223],[118.376696,24.432578],[118.369572,24.430185],[118.362501,24.426952],[118.352631,24.421012],[118.347438,24.416225],[118.345292,24.413148],[118.344155,24.410657],[118.342095,24.409035],[118.341247,24.409738],[118.346241,24.416881],[118.345432,24.417004],[118.345886,24.417819],[118.346572,24.417852],[118.346773,24.418336]]]}},{"type":"Feature","properties":{"id":"osm-way-151559717","layer":"beaches","category":"beach","name":null,"referenceEra":"modern_reference","source":"OpenStreetMap contributors","license":"ODbL-1.0","sourceAreaDegrees":0.000023259},"geometry":{"type":"Polygon","coordinates":[[[118.196336,24.48583],[118.197044,24.485313],[118.195499,24.497635],[118.194949,24.507399],[118.19437,24.507246],[118.194329,24.505962],[118.194769,24.501129],[118.195348,24.499577],[118.194179,24.498425],[118.193997,24.496931],[118.19464,24.492811],[118.195177,24.491571],[118.194737,24.490673],[118.196218,24.485967],[118.196336,24.48583]]]}},{"type":"Feature","properties":{"id":"osm-way-473759004","layer":"beaches","category":"beach","name":"歐厝沙灘","referenceEra":"modern_reference","source":"OpenStreetMap contributors","license":"ODbL-1.0","sourceAreaDegrees":0.000018216},"geometry":{"type":"Polygon","coordinates":[[[118.336262,24.402856],[118.334978,24.401543],[118.334332,24.401354],[118.335026,24.400862],[118.334181,24.395941],[118.333096,24.394021],[118.33099,24.391676],[118.330946,24.391285],[118.331341,24.391399],[118.331762,24.390635],[118.332984,24.392564],[118.335213,24.394531],[118.335519,24.396979],[118.337836,24.403086],[118.337244,24.403187],[118.336682,24.40256],[118.336149,24.402624],[118.336262,24.402856]]]}},{"type":"Feature","properties":{"id":"osm-way-279531052","layer":"beaches","category":"beach","name":null,"referenceEra":"modern_reference","source":"OpenStreetMap contributors","license":"ODbL-1.0","sourceAreaDegrees":0.000018031},"geometry":{"type":"Polygon","coordinates":[[[118.171257,24.456111],[118.171873,24.456204],[118.172038,24.4559],[118.17015,24.454492],[118.168726,24.45268],[118.149626,24.43984],[118.142343,24.432634],[118.144585,24.435811],[118.150494,24.441055],[118.156571,24.44478],[118.157947,24.44604],[118.161563,24.447948],[118.165055,24.450872],[118.165884,24.45216],[118.170779,24.455831],[118.171257,24.456111]]]}},{"type":"Feature","properties":{"id":"osm-way-904444648","layer":"beaches","category":"beach","name":null,"referenceEra":"modern_reference","source":"OpenStreetMap contributors","license":"ODbL-1.0","sourceAreaDegrees":0.000014151},"geometry":{"type":"Polygon","coordinates":[[[118.245274,24.418682],[118.246766,24.421379],[118.249491,24.423743],[118.250971,24.424495],[118.255166,24.425413],[118.258363,24.425052],[118.258245,24.424495],[118.256357,24.424847],[118.252194,24.424192],[118.248547,24.422004],[118.24712,24.420568],[118.246197,24.418077],[118.246401,24.417002],[118.247495,24.416494],[118.246336,24.416133],[118.24551,24.416592],[118.245167,24.418243],[118.245274,24.418682]]]}},{"type":"Feature","properties":{"id":"osm-way-343520953","layer":"beaches","category":"beach","name":"田墩沙灘","referenceEra":"modern_reference","source":"OpenStreetMap contributors","license":"ODbL-1.0","sourceAreaDegrees":0.000011936},"geometry":{"type":"Polygon","coordinates":[[[118.39243,24.50915],[118.392146,24.508952],[118.392546,24.508414],[118.392713,24.505352],[118.391986,24.50094],[118.393856,24.49989],[118.39392,24.50688],[118.393453,24.508434],[118.392764,24.508726],[118.39243,24.50915]]]}},{"type":"Feature","properties":{"id":"osm-way-462788478","layer":"beaches","category":"beach","name":null,"referenceEra":"modern_reference","source":"OpenStreetMap contributors","license":"ODbL-1.0","sourceAreaDegrees":0.000010561},"geometry":{"type":"Polygon","coordinates":[[[118.448452,24.504372],[118.448151,24.501833],[118.448838,24.498573],[118.449503,24.497167],[118.451365,24.495961],[118.450297,24.495214],[118.449482,24.495253],[118.447867,24.497816],[118.447315,24.50195],[118.447336,24.50404],[118.447658,24.504196],[118.448452,24.504372]]]}},{"type":"Feature","properties":{"id":"osm-way-462847566","layer":"beaches","category":"beach","name":null,"referenceEra":"modern_reference","source":"OpenStreetMap contributors","license":"ODbL-1.0","sourceAreaDegrees":0.000009805},"geometry":{"type":"Polygon","coordinates":[[[118.45695,24.426239],[118.455774,24.425888],[118.454092,24.424322],[118.453465,24.424371],[118.453285,24.423574],[118.452624,24.42334],[118.452985,24.422825],[118.452539,24.420738],[118.454439,24.421229],[118.45439,24.422138],[118.456073,24.425007],[118.457216,24.425592],[118.458306,24.42558],[118.457447,24.426495],[118.45695,24.426239]]]}},{"type":"Feature","properties":{"id":"osm-way-462782924","layer":"beaches","category":"beach","name":null,"referenceEra":"modern_reference","source":"OpenStreetMap contributors","license":"ODbL-1.0","sourceAreaDegrees":0.000008768},"geometry":{"type":"Polygon","coordinates":[[[118.43376,24.508993],[118.433363,24.508539],[118.432225,24.508769],[118.430277,24.511635],[118.428233,24.51611],[118.42774,24.518165],[118.427816,24.519751],[118.427274,24.519678],[118.427123,24.520088],[118.428481,24.519931],[118.428342,24.518169],[118.428814,24.516154],[118.430272,24.512889],[118.433255,24.508989],[118.43376,24.508993]]]}},{"type":"Feature","properties":{"id":"osm-way-1003279694","layer":"beaches","category":"beach","name":null,"referenceEra":"modern_reference","source":"OpenStreetMap contributors","license":"ODbL-1.0","sourceAreaDegrees":0.000008292},"geometry":{"type":"Polygon","coordinates":[[[118.426682,24.425143],[118.429735,24.423072],[118.429798,24.422485],[118.432169,24.419642],[118.433918,24.415357],[118.434235,24.41416],[118.433799,24.413525],[118.43355,24.413458],[118.43305,24.41668],[118.43163,24.419799],[118.428272,24.423184],[118.426061,24.423918],[118.426682,24.425143]]]}},{"type":"Feature","properties":{"id":"osm-way-1003739675","layer":"beaches","category":"beach","name":null,"referenceEra":"modern_reference","source":"OpenStreetMap contributors","license":"ODbL-1.0","sourceAreaDegrees":0.000008011},"geometry":{"type":"Polygon","coordinates":[[[118.250889,24.452206],[118.251142,24.452673],[118.253735,24.451586],[118.255452,24.449914],[118.260626,24.446273],[118.260226,24.445924],[118.259126,24.446417],[118.256498,24.448683],[118.253655,24.450529],[118.252029,24.451134],[118.251289,24.452048],[118.250889,24.452206]]]}},{"type":"Feature","properties":{"id":"osm-way-1003279695","layer":"beaches","category":"beach","name":null,"referenceEra":"modern_reference","source":"OpenStreetMap contributors","license":"ODbL-1.0","sourceAreaDegrees":0.000007894},"geometry":{"type":"Polygon","coordinates":[[[118.414491,24.427819],[118.42326,24.425364],[118.426061,24.423918],[118.426682,24.425143],[118.416441,24.427983],[118.414466,24.427915],[118.414491,24.427819]]]}},{"type":"Feature","properties":{"id":"osm-way-473763965","layer":"beaches","category":"beach","name":"溪邊海水浴場","referenceEra":"modern_reference","source":"OpenStreetMap contributors","license":"ODbL-1.0","sourceAreaDegrees":0.000007439},"geometry":{"type":"Polygon","coordinates":[[[118.468098,24.441239],[118.46882,24.441305],[118.468288,24.44247],[118.465094,24.442431],[118.462357,24.440883],[118.461876,24.440274],[118.461934,24.439627],[118.462644,24.439571],[118.464698,24.441216],[118.467005,24.441742],[118.467735,24.441537],[118.468098,24.441239]]]}},{"type":"Feature","properties":{"id":"osm-way-281785206","layer":"beaches","category":"beach","name":null,"referenceEra":"modern_reference","source":"OpenStreetMap contributors","license":"ODbL-1.0","sourceAreaDegrees":0.000006558},"geometry":{"type":"Polygon","coordinates":[[[118.174964,24.458781],[118.177078,24.460944],[118.183042,24.468929],[118.181232,24.465444],[118.178342,24.461726],[118.175836,24.459118],[118.172006,24.456104],[118.172569,24.456952],[118.174204,24.458125],[118.174964,24.458781]]]}},{"type":"Feature","properties":{"id":"osm-way-1004047859","layer":"beaches","category":"beach","name":null,"referenceEra":"modern_reference","source":"OpenStreetMap contributors","license":"ODbL-1.0","sourceAreaDegrees":0.000004855},"geometry":{"type":"Polygon","coordinates":[[[118.35139,24.464512],[118.35054,24.464238],[118.343427,24.467386],[118.340064,24.469282],[118.340406,24.469612],[118.343839,24.467654],[118.350942,24.464507],[118.35139,24.464512]]]}},{"type":"Feature","properties":{"id":"osm-way-1491387978","layer":"beaches","category":"beach","name":null,"referenceEra":"modern_reference","source":"OpenStreetMap contributors","license":"ODbL-1.0","sourceAreaDegrees":0.000004817},"geometry":{"type":"Polygon","coordinates":[[[118.050821,24.381326],[118.050519,24.382172],[118.051033,24.382624],[118.052535,24.373038],[118.053541,24.369502],[118.05405,24.369063],[118.053611,24.368651],[118.052128,24.372858],[118.050936,24.380933],[118.050821,24.381326]]]}},{"type":"Feature","properties":{"id":"osm-way-1320034720","layer":"beaches","category":"beach","name":null,"referenceEra":"modern_reference","source":"OpenStreetMap contributors","license":"ODbL-1.0","sourceAreaDegrees":0.000004574},"geometry":{"type":"Polygon","coordinates":[[[118.094909,24.565794],[118.094938,24.565403],[118.099077,24.565763],[118.100334,24.566287],[118.101415,24.568296],[118.100851,24.568375],[118.100034,24.567803],[118.100427,24.567581],[118.099826,24.566567],[118.098284,24.566558],[118.097663,24.566011],[118.094909,24.565794]]]}},{"type":"Feature","properties":{"id":"osm-way-473763465","layer":"beaches","category":"beach","name":"溪邊海水浴場","referenceEra":"modern_reference","source":"OpenStreetMap contributors","license":"ODbL-1.0","sourceAreaDegrees":0.000004571},"geometry":{"type":"Polygon","coordinates":[[[118.461526,24.439187],[118.461759,24.438789],[118.460712,24.438223],[118.46002,24.436243],[118.460271,24.434649],[118.461404,24.433524],[118.46082,24.43303],[118.459396,24.435077],[118.458829,24.435155],[118.45931,24.437156],[118.461095,24.439017],[118.461526,24.439187]]]}},{"type":"Feature","properties":{"id":"osm-way-473759492","layer":"beaches","category":"beach","name":null,"referenceEra":"modern_reference","source":"OpenStreetMap contributors","license":"ODbL-1.0","sourceAreaDegrees":0.000004552},"geometry":{"type":"Polygon","coordinates":[[[118.341198,24.41039],[118.344133,24.415078],[118.344649,24.414845],[118.341911,24.410561],[118.339936,24.408803],[118.336975,24.403918],[118.339568,24.408662],[118.339319,24.408975],[118.339842,24.409053],[118.341162,24.410339],[118.341198,24.41039]]]}},{"type":"Feature","properties":{"id":"osm-way-164688343","layer":"beaches","category":"beach","name":"白城沙滩","referenceEra":"modern_reference","source":"OpenStreetMap contributors","license":"ODbL-1.0","sourceAreaDegrees":0.000004524},"geometry":{"type":"Polygon","coordinates":[[[118.10066,24.431414],[118.100745,24.432109],[118.099803,24.434032],[118.096139,24.435268],[118.095038,24.43461],[118.098551,24.433788],[118.100544,24.431737],[118.10066,24.431414]]]}},{"type":"Feature","properties":{"id":"osm-way-472327500","layer":"beaches","category":"beach","name":null,"referenceEra":"modern_reference","source":"OpenStreetMap contributors","license":"ODbL-1.0","sourceAreaDegrees":0.000004483},"geometry":{"type":"Polygon","coordinates":[[[118.574168,24.517613],[118.574559,24.516844],[118.573497,24.517027],[118.573132,24.518415],[118.573926,24.520856],[118.575986,24.523745],[118.576357,24.523525],[118.575095,24.522022],[118.573856,24.518489],[118.574168,24.517613]]]}},{"type":"Feature","properties":{"id":"osm-way-1003739674","layer":"beaches","category":"beach","name":null,"referenceEra":"modern_reference","source":"OpenStreetMap contributors","license":"ODbL-1.0","sourceAreaDegrees":0.000004234},"geometry":{"type":"Polygon","coordinates":[[[118.260626,24.446273],[118.261307,24.445172],[118.264118,24.44336],[118.264537,24.443143],[118.265073,24.443746],[118.265537,24.443594],[118.26536,24.44411],[118.261203,24.445953],[118.260626,24.446273]]]}},{"type":"Feature","properties":{"id":"osm-way-165645041","layer":"beaches","category":"beach","name":null,"referenceEra":"modern_reference","source":"OpenStreetMap contributors","license":"ODbL-1.0","sourceAreaDegrees":0.000004076},"geometry":{"type":"Polygon","coordinates":[[[118.165008,24.535243],[118.165222,24.535778],[118.165968,24.533533],[118.167174,24.531788],[118.168642,24.530602],[118.169321,24.52895],[118.16552,24.532933],[118.164989,24.53485],[118.165008,24.535243]]]}},{"type":"Feature","properties":{"id":"osm-way-342739759","layer":"beaches","category":"beach","name":null,"referenceEra":"modern_reference","source":"OpenStreetMap contributors","license":"ODbL-1.0","sourceAreaDegrees":0.00000406},"geometry":{"type":"Polygon","coordinates":[[[118.320238,24.485739],[118.320037,24.485314],[118.321201,24.484089],[118.327092,24.478766],[118.327404,24.478842],[118.320238,24.485739]]]}},{"type":"Feature","properties":{"id":"osm-way-536167950","layer":"beaches","category":"beach","name":null,"referenceEra":"modern_reference","source":"OpenStreetMap contributors","license":"ODbL-1.0","sourceAreaDegrees":0.00000353},"geometry":{"type":"Polygon","coordinates":[[[118.215548,24.409829],[118.215934,24.410331],[118.219582,24.410051],[118.222718,24.409092],[118.223362,24.408304],[118.222053,24.408969],[118.216985,24.409868],[118.215548,24.409829]]]}},{"type":"Feature","properties":{"id":"osm-way-462779864","layer":"beaches","category":"beach","name":null,"referenceEra":"modern_reference","source":"OpenStreetMap contributors","license":"ODbL-1.0","sourceAreaDegrees":0.00000348},"geometry":{"type":"Polygon","coordinates":[[[118.410172,24.527033],[118.411347,24.525388],[118.412988,24.524456],[118.414898,24.524368],[118.416016,24.525388],[118.414276,24.524729],[118.413203,24.525012],[118.412002,24.525559],[118.410664,24.52725],[118.410172,24.527033]]]}},{"type":"Feature","properties":{"id":"osm-way-164688341","layer":"beaches","category":"beach","name":null,"referenceEra":"modern_reference","source":"OpenStreetMap contributors","license":"ODbL-1.0","sourceAreaDegrees":0.000003256},"geometry":{"type":"Polygon","coordinates":[[[118.088374,24.435106],[118.095034,24.434526],[118.085877,24.436069],[118.08578,24.435665],[118.086913,24.435304],[118.088374,24.435106]]]}},{"type":"Feature","properties":{"id":"osm-way-472327475","layer":"beaches","category":"beach","name":null,"referenceEra":"modern_reference","source":"OpenStreetMap contributors","license":"ODbL-1.0","sourceAreaDegrees":0.000003013},"geometry":{"type":"Polygon","coordinates":[[[118.58328,24.528277],[118.588201,24.530078],[118.589839,24.530167],[118.590384,24.530521],[118.59033,24.530931],[118.58914,24.530976],[118.589017,24.5306],[118.585675,24.529653],[118.583329,24.528354],[118.58328,24.528277]]]}},{"type":"Feature","properties":{"id":"osm-way-473755704","layer":"beaches","category":"beach","name":"翟山沙灘","referenceEra":"modern_reference","source":"OpenStreetMap contributors","license":"ODbL-1.0","sourceAreaDegrees":0.000002968},"geometry":{"type":"Polygon","coordinates":[[[118.322935,24.386696],[118.322912,24.386292],[118.323654,24.38668],[118.324184,24.386349],[118.326273,24.388182],[118.325665,24.388423],[118.324779,24.388175],[118.323157,24.386761],[118.322935,24.386696]]]}},{"type":"Feature","properties":{"id":"osm-way-1004047857","layer":"beaches","category":"beach","name":null,"referenceEra":"modern_reference","source":"OpenStreetMap contributors","license":"ODbL-1.0","sourceAreaDegrees":0.000002898},"geometry":{"type":"Polygon","coordinates":[[[118.336572,24.471468],[118.337075,24.471613],[118.331536,24.475541],[118.331306,24.475061],[118.331597,24.474667],[118.333466,24.47375],[118.336572,24.471468]]]}},{"type":"Feature","properties":{"id":"osm-way-472327465","layer":"beaches","category":"beach","name":null,"referenceEra":"modern_reference","source":"OpenStreetMap contributors","license":"ODbL-1.0","sourceAreaDegrees":0.000002736},"geometry":{"type":"Polygon","coordinates":[[[118.504383,24.616565],[118.510894,24.61488],[118.512332,24.614158],[118.503845,24.616499],[118.504383,24.616565]]]}},{"type":"Feature","properties":{"id":"osm-way-1251106148","layer":"beaches","category":"beach","name":"月亮湾","referenceEra":"modern_reference","source":"OpenStreetMap contributors","license":"ODbL-1.0","sourceAreaDegrees":0.000002687},"geometry":{"type":"Polygon","coordinates":[[[118.568981,24.514953],[118.569855,24.515329],[118.571212,24.514523],[118.571942,24.513337],[118.57159,24.512922],[118.570928,24.512959],[118.570298,24.514116],[118.568981,24.514953]]]}},{"type":"Feature","properties":{"id":"osm-way-905736886","layer":"beaches","category":"beach","name":null,"referenceEra":"modern_reference","source":"OpenStreetMap contributors","license":"ODbL-1.0","sourceAreaDegrees":0.000002134},"geometry":{"type":"Polygon","coordinates":[[[118.053758,24.444902],[118.055793,24.444365],[118.058017,24.444391],[118.058648,24.443707],[118.058503,24.443477],[118.057687,24.443978],[118.055515,24.444017],[118.053429,24.444731],[118.053419,24.445292],[118.053619,24.444909],[118.053758,24.444902]]]}},{"type":"Feature","properties":{"id":"osm-way-1003739673","layer":"beaches","category":"beach","name":null,"referenceEra":"modern_reference","source":"OpenStreetMap contributors","license":"ODbL-1.0","sourceAreaDegrees":0.000002008},"geometry":{"type":"Polygon","coordinates":[[[118.267178,24.443064],[118.267822,24.443116],[118.267903,24.442618],[118.266674,24.440703],[118.266414,24.439604],[118.266288,24.441157],[118.267117,24.442271],[118.267106,24.442901],[118.267178,24.443064]]]}},{"type":"Feature","properties":{"id":"osm-way-462782120","layer":"beaches","category":"beach","name":null,"referenceEra":"modern_reference","source":"OpenStreetMap contributors","license":"ODbL-1.0","sourceAreaDegrees":0.000001964},"geometry":{"type":"Polygon","coordinates":[[[118.426082,24.524736],[118.426174,24.52509],[118.425547,24.524792],[118.425321,24.52388],[118.425787,24.522626],[118.426845,24.521562],[118.427317,24.521849],[118.425847,24.523694],[118.425905,24.52458],[118.426082,24.524736]]]}},{"type":"Feature","properties":{"id":"osm-way-534679648","layer":"beaches","category":"beach","name":null,"referenceEra":"modern_reference","source":"OpenStreetMap contributors","license":"ODbL-1.0","sourceAreaDegrees":0.000001962},"geometry":{"type":"Polygon","coordinates":[[[118.327145,24.478705],[118.327404,24.478842],[118.330789,24.476262],[118.331536,24.475541],[118.331392,24.475078],[118.3284,24.477697],[118.327145,24.478705]]]}},{"type":"Feature","properties":{"id":"osm-way-164687749","layer":"beaches","category":"beach","name":"港仔后沙滩","referenceEra":"modern_reference","source":"OpenStreetMap contributors","license":"ODbL-1.0","sourceAreaDegrees":0.000001933},"geometry":{"type":"Polygon","coordinates":[[[118.060321,24.441438],[118.059281,24.441406],[118.062683,24.442538],[118.063669,24.442219],[118.063616,24.441928],[118.061512,24.44169],[118.060321,24.441438]]]}},{"type":"Feature","properties":{"id":"osm-way-279720910","layer":"beaches","category":"beach","name":null,"referenceEra":"modern_reference","source":"OpenStreetMap contributors","license":"ODbL-1.0","sourceAreaDegrees":0.000001639},"geometry":{"type":"Polygon","coordinates":[[[118.137311,24.430681],[118.137663,24.430705],[118.136078,24.429213],[118.133598,24.425892],[118.135721,24.42939],[118.13727,24.430666],[118.137311,24.430681]]]}},{"type":"Feature","properties":{"id":"osm-way-462781944","layer":"beaches","category":"beach","name":null,"referenceEra":"modern_reference","source":"OpenStreetMap contributors","license":"ODbL-1.0","sourceAreaDegrees":0.000001543},"geometry":{"type":"Polygon","coordinates":[[[118.42243,24.526842],[118.422903,24.526956],[118.424038,24.525747],[118.425492,24.525101],[118.424147,24.525134],[118.422349,24.526794],[118.42243,24.526842]]]}},{"type":"Feature","properties":{"id":"osm-way-535025946","layer":"beaches","category":"beach","name":null,"referenceEra":"modern_reference","source":"OpenStreetMap contributors","license":"ODbL-1.0","sourceAreaDegrees":0.00000141},"geometry":{"type":"Polygon","coordinates":[[[118.314475,24.489671],[118.313817,24.489303],[118.315605,24.487804],[118.316216,24.487835],[118.314475,24.489671]]]}},{"type":"Feature","properties":{"id":"osm-way-535025413","layer":"beaches","category":"beach","name":null,"referenceEra":"modern_reference","source":"OpenStreetMap contributors","license":"ODbL-1.0","sourceAreaDegrees":0.000001392},"geometry":{"type":"Polygon","coordinates":[[[118.318226,24.486582],[118.317764,24.487068],[118.318131,24.487286],[118.319862,24.485795],[118.31936,24.485544],[118.318465,24.485795],[118.318176,24.486421],[118.318226,24.486582]]]}},{"type":"Feature","properties":{"id":"osm-way-462948446","layer":"beaches","category":"beach","name":null,"referenceEra":"modern_reference","source":"OpenStreetMap contributors","license":"ODbL-1.0","sourceAreaDegrees":0.000001371},"geometry":{"type":"Polygon","coordinates":[[[118.265863,24.436198],[118.263153,24.434323],[118.262739,24.433614],[118.262898,24.433014],[118.263239,24.433118],[118.263492,24.434243],[118.26563,24.435827],[118.265863,24.436198]]]}},{"type":"Feature","properties":{"id":"osm-way-462779475","layer":"beaches","category":"beach","name":null,"referenceEra":"modern_reference","source":"OpenStreetMap contributors","license":"ODbL-1.0","sourceAreaDegrees":0.000001338},"geometry":{"type":"Polygon","coordinates":[[[118.409362,24.525868],[118.410124,24.525471],[118.410285,24.524397],[118.409199,24.523164],[118.408728,24.523557],[118.409426,24.52361],[118.409898,24.524606],[118.409668,24.525578],[118.409362,24.525868]]]}},{"type":"Feature","properties":{"id":"osm-way-342727464","layer":"beaches","category":"beach","name":null,"referenceEra":"modern_reference","source":"OpenStreetMap contributors","license":"ODbL-1.0","sourceAreaDegrees":0.000001293},"geometry":{"type":"Polygon","coordinates":[[[118.34608,24.416834],[118.344649,24.414845],[118.344133,24.415078],[118.344988,24.41657],[118.345858,24.416929],[118.34608,24.416834]]]}},{"type":"Feature","properties":{"id":"osm-way-1004047858","layer":"beaches","category":"beach","name":null,"referenceEra":"modern_reference","source":"OpenStreetMap contributors","license":"ODbL-1.0","sourceAreaDegrees":0.000001262},"geometry":{"type":"Polygon","coordinates":[[[118.34009,24.469792],[118.33962,24.469559],[118.337019,24.471205],[118.337379,24.471415],[118.34009,24.469792]]]}},{"type":"Feature","properties":{"id":"osm-way-174196274","layer":"beaches","category":"beach","name":null,"referenceEra":"modern_reference","source":"OpenStreetMap contributors","license":"ODbL-1.0","sourceAreaDegrees":0.000001205},"geometry":{"type":"Polygon","coordinates":[[[118.054467,24.445947],[118.054845,24.446151],[118.054674,24.447253],[118.054436,24.447636],[118.053695,24.447645],[118.05341,24.447031],[118.054245,24.446889],[118.054445,24.446451],[118.054467,24.445947]]]}},{"type":"Feature","properties":{"id":"osm-way-993487713","layer":"beaches","category":"beach","name":"后江","referenceEra":"modern_reference","source":"OpenStreetMap contributors","license":"ODbL-1.0","sourceAreaDegrees":0.000001044},"geometry":{"type":"Polygon","coordinates":[[[118.146279,24.32944],[118.145724,24.329535],[118.145834,24.330999],[118.146174,24.331914],[118.146974,24.332388],[118.146399,24.331456],[118.146143,24.329777],[118.146279,24.32944]]]}},{"type":"Feature","properties":{"id":"osm-way-1395496349","layer":"beaches","category":"beach","name":null,"referenceEra":"modern_reference","source":"OpenStreetMap contributors","license":"ODbL-1.0","sourceAreaDegrees":9.44e-7},"geometry":{"type":"Polygon","coordinates":[[[118.304362,24.426034],[118.305483,24.426359],[118.307546,24.425724],[118.310542,24.427028],[118.31122,24.427002],[118.310517,24.42726],[118.307772,24.425871],[118.305489,24.426494],[118.304405,24.426232],[118.304362,24.426034]]]}},{"type":"Feature","properties":{"id":"osm-way-164687746","layer":"beaches","category":"beach","name":"大德记浴场","referenceEra":"modern_reference","source":"OpenStreetMap contributors","license":"ODbL-1.0","sourceAreaDegrees":8.81e-7},"geometry":{"type":"Polygon","coordinates":[[[118.069548,24.440813],[118.06925,24.441109],[118.069905,24.442713],[118.070637,24.442991],[118.069663,24.440957],[118.069548,24.440813]]]}},{"type":"Feature","properties":{"id":"osm-way-1498778167","layer":"beaches","category":"beach","name":null,"referenceEra":"modern_reference","source":"OpenStreetMap contributors","license":"ODbL-1.0","sourceAreaDegrees":8.81e-7},"geometry":{"type":"Polygon","coordinates":[[[118.113175,24.429878],[118.114473,24.430261],[118.115629,24.429644],[118.113585,24.429788],[118.113175,24.429878]]]}},{"type":"Feature","properties":{"id":"osm-way-127162599","layer":"roads","category":"road-primary","name":"环岛东路","referenceEra":"modern_reference","source":"OpenStreetMap contributors","license":"ODbL-1.0"},"geometry":{"type":"LineString","coordinates":[[118.1828,24.469172],[118.188143,24.476908],[118.192223,24.484915],[118.193023,24.486985],[118.193385,24.490001],[118.192096,24.494988],[118.191939,24.496715],[118.193322,24.501601],[118.193472,24.503668],[118.193029,24.505735],[118.190913,24.510412],[118.190618,24.514],[118.190263,24.515237],[118.187415,24.519842],[118.187075,24.523765],[118.184915,24.531512],[118.183888,24.533159],[118.182542,24.534588],[118.178269,24.5387],[118.176346,24.539948]]}},{"type":"Feature","properties":{"id":"osm-way-548159180","layer":"roads","category":"road-primary","name":"南英路","referenceEra":"modern_reference","source":"OpenStreetMap contributors","license":"ODbL-1.0"},"geometry":{"type":"LineString","coordinates":[[118.553181,24.7],[118.552472,24.698574],[118.550438,24.695921],[118.547899,24.688093],[118.547523,24.685714],[118.547802,24.683799],[118.549626,24.679378],[118.550483,24.669485],[118.553079,24.65939],[118.553341,24.657464],[118.553279,24.655331],[118.552731,24.653005],[118.551569,24.650589],[118.550362,24.648928],[118.545135,24.643568],[118.543814,24.641585],[118.542768,24.63927],[118.538319,24.621447],[118.538129,24.618057],[118.538443,24.612299]]}},{"type":"Feature","properties":{"id":"osm-way-837706739","layer":"roads","category":"road-primary","name":"南英路","referenceEra":"modern_reference","source":"OpenStreetMap contributors","license":"ODbL-1.0"},"geometry":{"type":"LineString","coordinates":[[118.538614,24.612244],[118.538329,24.618948],[118.538499,24.621426],[118.542715,24.63865],[118.543989,24.641504],[118.545331,24.643533],[118.550493,24.64882],[118.551705,24.650509],[118.552899,24.652961],[118.553456,24.655303],[118.55352,24.657455],[118.553259,24.659402],[118.550644,24.669568],[118.549808,24.679378],[118.547981,24.683912],[118.547694,24.685695],[118.547861,24.687289],[118.550643,24.695884],[118.552665,24.698525],[118.55337,24.7]]}},{"type":"Feature","properties":{"id":"osm-way-230443264","layer":"roads","category":"road-primary","name":"南滨大道","referenceEra":"modern_reference","source":"OpenStreetMap contributors","license":"ODbL-1.0"},"geometry":{"type":"LineString","coordinates":[[118.025717,24.350419],[118.03154,24.351617],[118.03967,24.355101],[118.042137,24.357052],[118.043561,24.359182],[118.044479,24.361115],[118.045221,24.365005],[118.045489,24.374065],[118.045176,24.375481],[118.043983,24.377179],[118.043362,24.378632],[118.043368,24.38007],[118.043783,24.381179],[118.045186,24.382791],[118.051798,24.387867],[118.056389,24.389303],[118.057732,24.390143],[118.063063,24.397129],[118.064538,24.403104]]}},{"type":"Feature","properties":{"id":"osm-way-239975798","layer":"roads","category":"road-primary","name":"南滨大道","referenceEra":"modern_reference","source":"OpenStreetMap contributors","license":"ODbL-1.0"},"geometry":{"type":"LineString","coordinates":[[118.057478,24.390121],[118.05634,24.38941],[118.052687,24.3884],[118.051476,24.38778],[118.044753,24.382592],[118.043461,24.380815],[118.043163,24.379298],[118.043327,24.378215],[118.045055,24.375288],[118.045356,24.374059],[118.045087,24.365011],[118.044353,24.361155],[118.043442,24.359236],[118.042041,24.357153],[118.040653,24.355838],[118.039606,24.355208],[118.033171,24.352418],[118.030291,24.351346],[118.025686,24.350558]]}},{"type":"Feature","properties":{"id":"osm-way-987262257","layer":"roads","category":"road-primary","name":"溪东大桥","referenceEra":"modern_reference","source":"OpenStreetMap contributors","license":"ODbL-1.0"},"geometry":{"type":"LineString","coordinates":[[118.317976,24.557618],[118.318606,24.559237],[118.318705,24.560489],[118.318458,24.561796],[118.317729,24.56326],[118.316835,24.564214],[118.315659,24.564986],[118.311689,24.566566],[118.309029,24.567982],[118.305651,24.570696],[118.303599,24.573284],[118.296901,24.583289],[118.296086,24.585489],[118.29578,24.590547],[118.29515,24.593753],[118.29383,24.596975],[118.292352,24.599212]]}},{"type":"Feature","properties":{"id":"osm-way-987262258","layer":"roads","category":"road-primary","name":"溪东大桥","referenceEra":"modern_reference","source":"OpenStreetMap contributors","license":"ODbL-1.0"},"geometry":{"type":"LineString","coordinates":[[118.291465,24.600137],[118.293222,24.597778],[118.29503,24.593724],[118.295642,24.590595],[118.295961,24.585466],[118.29687,24.583047],[118.304209,24.57219],[118.305593,24.570627],[118.308953,24.567881],[118.311612,24.566473],[118.315246,24.565038],[118.316644,24.564134],[118.317378,24.563338],[118.318054,24.562171],[118.31844,24.560506],[118.318325,24.559141],[118.317517,24.557224]]}},{"type":"Feature","properties":{"id":"osm-way-219408158","layer":"roads","category":"road-primary","name":"福昆线","referenceEra":"modern_reference","source":"OpenStreetMap contributors","license":"ODbL-1.0"},"geometry":{"type":"LineString","coordinates":[[118.325268,24.686874],[118.326694,24.688084],[118.328256,24.688769],[118.333824,24.689347],[118.337331,24.692014],[118.342488,24.693682],[118.345182,24.69402],[118.347986,24.69395],[118.36333,24.695929],[118.370424,24.695094],[118.380299,24.69284],[118.386372,24.692461],[118.39181,24.694779],[118.406375,24.7]]}},{"type":"Feature","properties":{"id":"osm-way-837702220","layer":"roads","category":"road-primary","name":"福昆线","referenceEra":"modern_reference","source":"OpenStreetMap contributors","license":"ODbL-1.0"},"geometry":{"type":"LineString","coordinates":[[118.406122,24.7],[118.391776,24.694856],[118.386362,24.69255],[118.380314,24.692927],[118.37044,24.695178],[118.363319,24.696018],[118.347979,24.694038],[118.345182,24.694108],[118.342462,24.693767],[118.337277,24.692087],[118.333783,24.689427],[118.328223,24.688862],[118.326624,24.688162],[118.325186,24.686923]]}},{"type":"Feature","properties":{"id":"osm-way-1329802045","layer":"roads","category":"road-primary","name":"环岛南路","referenceEra":"modern_reference","source":"OpenStreetMap contributors","license":"ODbL-1.0"},"geometry":{"type":"LineString","coordinates":[[118.131153,24.425493],[118.12944,24.425592],[118.126008,24.426813],[118.122194,24.42689],[118.120803,24.427163],[118.11962,24.427682],[118.115252,24.430509],[118.112301,24.430813],[118.109233,24.431801],[118.107241,24.432155],[118.105236,24.432223],[118.103292,24.432863],[118.102061,24.433682],[118.097308,24.435297]]}},{"type":"Feature","properties":{"id":"osm-way-128826879","layer":"roads","category":"road-primary","name":"环岛东路","referenceEra":"modern_reference","source":"OpenStreetMap contributors","license":"ODbL-1.0"},"geometry":{"type":"LineString","coordinates":[[118.176281,24.53982],[118.178453,24.538377],[118.18349,24.533418],[118.185139,24.530595],[118.186785,24.524385],[118.187205,24.519932],[118.187578,24.518981],[118.190151,24.515053],[118.19087,24.509861],[118.192593,24.506206],[118.193214,24.504287],[118.193234,24.502242],[118.191766,24.496387]]}},{"type":"Feature","properties":{"id":"osm-way-933417808","layer":"roads","category":"road-primary","name":null,"referenceEra":"modern_reference","source":"OpenStreetMap contributors","license":"ODbL-1.0"},"geometry":{"type":"LineString","coordinates":[[118.479727,24.657116],[118.481602,24.658443],[118.4865,24.662747],[118.5004,24.673169],[118.502705,24.674403],[118.504494,24.675016],[118.508803,24.675481],[118.517312,24.674658],[118.51939,24.674728],[118.528704,24.676771],[118.532233,24.677232],[118.534774,24.677225],[118.546541,24.675866]]}},{"type":"Feature","properties":{"id":"osm-way-933817776","layer":"roads","category":"road-primary","name":null,"referenceEra":"modern_reference","source":"OpenStreetMap contributors","license":"ODbL-1.0"},"geometry":{"type":"LineString","coordinates":[[118.546586,24.67624],[118.533328,24.677696],[118.528961,24.677288],[118.521331,24.675533],[118.518891,24.675197],[118.515853,24.675242],[118.508804,24.675957],[118.506343,24.675847],[118.503481,24.67521],[118.500034,24.673437],[118.485901,24.662869],[118.48048,24.659123],[118.477369,24.656466]]}},{"type":"Feature","properties":{"id":"osm-way-1021369642","layer":"roads","category":"road-primary","name":"翔安大桥","referenceEra":"modern_reference","source":"OpenStreetMap contributors","license":"ODbL-1.0"},"geometry":{"type":"LineString","coordinates":[[118.228823,24.584891],[118.222508,24.582149],[118.219342,24.581037],[118.206357,24.577496],[118.204142,24.576273],[118.200066,24.572831],[118.197905,24.571811],[118.195649,24.571261],[118.191004,24.570943],[118.186868,24.570246],[118.182836,24.568799],[118.178893,24.566513],[118.161874,24.552629]]}},{"type":"Feature","properties":{"id":"osm-way-129252337","layer":"roads","category":"road-primary","name":"海沧大道","referenceEra":"modern_reference","source":"OpenStreetMap contributors","license":"ODbL-1.0"},"geometry":{"type":"LineString","coordinates":[[118.050873,24.492801],[118.055931,24.497369],[118.057989,24.500495],[118.058283,24.502521],[118.057572,24.504466],[118.054195,24.508205],[118.051697,24.511813],[118.051587,24.512604],[118.051893,24.513639],[118.051658,24.514657],[118.0502,24.51622],[118.048503,24.517087]]}},{"type":"Feature","properties":{"id":"osm-way-190663739","layer":"roads","category":"road-primary","name":"民安大道","referenceEra":"modern_reference","source":"OpenStreetMap contributors","license":"ODbL-1.0"},"geometry":{"type":"LineString","coordinates":[[118.259587,24.66616],[118.271119,24.668928],[118.273087,24.671701],[118.275787,24.673363],[118.279478,24.673537],[118.283704,24.671707],[118.284795,24.671499],[118.311844,24.676739],[118.315742,24.677708],[118.316851,24.678338],[118.32191,24.683171],[118.325268,24.686874]]}},{"type":"Feature","properties":{"id":"osm-way-685725291","layer":"roads","category":"road-primary","name":"沿海大通道","referenceEra":"modern_reference","source":"OpenStreetMap contributors","license":"ODbL-1.0"},"geometry":{"type":"LineString","coordinates":[[118.032586,24.34096],[118.03878,24.332866],[118.043134,24.335455],[118.044394,24.336696],[118.046,24.339059],[118.047817,24.340435],[118.05169,24.341129],[118.057248,24.343131],[118.061391,24.343023],[118.062768,24.343247],[118.064093,24.343951],[118.066863,24.346212]]}},{"type":"Feature","properties":{"id":"osm-way-839807215","layer":"roads","category":"road-primary","name":"福厦高速","referenceEra":"modern_reference","source":"OpenStreetMap contributors","license":"ODbL-1.0"},"geometry":{"type":"LineString","coordinates":[[118.477476,24.656319],[118.467621,24.648988],[118.46506,24.647695],[118.46293,24.647159],[118.450591,24.646505],[118.4479,24.64656],[118.445436,24.646937],[118.430711,24.65088],[118.426629,24.651264],[118.424649,24.651031],[118.422385,24.650411],[118.408344,24.645749]]}},{"type":"Feature","properties":{"id":"osm-way-1021369643","layer":"roads","category":"road-primary","name":"翔安大桥","referenceEra":"modern_reference","source":"OpenStreetMap contributors","license":"ODbL-1.0"},"geometry":{"type":"LineString","coordinates":[[118.163301,24.55357],[118.179162,24.566489],[118.183374,24.568843],[118.186169,24.569884],[118.188947,24.57047],[118.195767,24.571156],[118.198156,24.571769],[118.20027,24.572818],[118.203803,24.575817],[118.206619,24.577445],[118.220257,24.581198],[118.22942,24.584989]]}},{"type":"Feature","properties":{"id":"osm-way-1329802046","layer":"roads","category":"road-primary","name":"环岛南路","referenceEra":"modern_reference","source":"OpenStreetMap contributors","license":"ODbL-1.0"},"geometry":{"type":"LineString","coordinates":[[118.096861,24.435283],[118.101649,24.433674],[118.103042,24.432858],[118.105226,24.432149],[118.107239,24.432104],[118.112281,24.430734],[118.115221,24.430433],[118.120722,24.427054],[118.12219,24.426755],[118.125863,24.426701],[118.129413,24.425515],[118.13117,24.425372]]}},{"type":"Feature","properties":{"id":"osm-way-239975799","layer":"roads","category":"road-primary","name":null,"referenceEra":"modern_reference","source":"OpenStreetMap contributors","license":"ODbL-1.0"},"geometry":{"type":"LineString","coordinates":[[118.038445,24.332775],[118.035999,24.33152],[118.031434,24.330428],[118.029161,24.329251],[118.027414,24.326276],[118.026684,24.325538],[118.022963,24.32292],[118.017019,24.319478],[118.012931,24.318632],[118.012268,24.318672],[118.011306,24.319272]]}},{"type":"Feature","properties":{"id":"osm-way-663134960","layer":"roads","category":"road-primary","name":"海沧隧道","referenceEra":"modern_reference","source":"OpenStreetMap contributors","license":"ODbL-1.0"},"geometry":{"type":"LineString","coordinates":[[118.112244,24.523111],[118.108146,24.522835],[118.104271,24.521428],[118.101066,24.520584],[118.091294,24.519593],[118.068764,24.513297],[118.065908,24.512704],[118.062437,24.512395],[118.057591,24.512558],[118.054033,24.513025],[118.051066,24.514086]]}},{"type":"Feature","properties":{"id":"osm-way-686170812","layer":"roads","category":"road-primary","name":null,"referenceEra":"modern_reference","source":"OpenStreetMap contributors","license":"ODbL-1.0"},"geometry":{"type":"LineString","coordinates":[[118.116465,24.30082],[118.116615,24.307459],[118.116101,24.308944],[118.103924,24.324621],[118.101769,24.32651],[118.093692,24.330404],[118.092637,24.331119],[118.091579,24.332341],[118.08899,24.336656],[118.083898,24.340513],[118.081072,24.343626]]}},{"type":"Feature","properties":{"id":"osm-way-837695684","layer":"roads","category":"road-primary","name":"凤南路","referenceEra":"modern_reference","source":"OpenStreetMap contributors","license":"ODbL-1.0"},"geometry":{"type":"LineString","coordinates":[[118.064734,24.686276],[118.064267,24.686058],[118.063779,24.685354],[118.062927,24.681911],[118.061781,24.679841],[118.059789,24.679178],[118.047916,24.673533],[118.042238,24.669244],[118.04011,24.667998],[118.035332,24.663956],[118.035068,24.663445]]}},{"type":"Feature","properties":{"id":"osm-way-837702210","layer":"roads","category":"road-primary","name":"民安大道","referenceEra":"modern_reference","source":"OpenStreetMap contributors","license":"ODbL-1.0"},"geometry":{"type":"LineString","coordinates":[[118.317918,24.679524],[118.316313,24.678081],[118.314009,24.677299],[118.285146,24.671628],[118.283744,24.671781],[118.279505,24.673623],[118.278048,24.673716],[118.275761,24.673449],[118.273022,24.671766],[118.271039,24.66902],[118.259549,24.666259]]}},{"type":"Feature","properties":{"id":"osm-way-839807202","layer":"roads","category":"road-primary","name":"贤林大道","referenceEra":"modern_reference","source":"OpenStreetMap contributors","license":"ODbL-1.0"},"geometry":{"type":"LineString","coordinates":[[118.333451,24.59656],[118.340565,24.597151],[118.342828,24.597481],[118.344074,24.59795],[118.347636,24.600947],[118.351515,24.601737],[118.353724,24.603071],[118.354522,24.603977],[118.356154,24.607354],[118.357138,24.6083],[118.358068,24.608792]]}},{"type":"Feature","properties":{"id":"osm-way-839807216","layer":"roads","category":"road-primary","name":"福厦高速","referenceEra":"modern_reference","source":"OpenStreetMap contributors","license":"ODbL-1.0"},"geometry":{"type":"LineString","coordinates":[[118.408421,24.645576],[118.424577,24.650785],[118.427113,24.651116],[118.430237,24.650814],[118.445229,24.646834],[118.447457,24.646472],[118.45162,24.64639],[118.46254,24.646937],[118.465292,24.647625],[118.467455,24.648696],[118.477574,24.656206]]}},{"type":"Feature","properties":{"id":"osm-way-839875765","layer":"roads","category":"road-primary","name":"滨海东大道","referenceEra":"modern_reference","source":"OpenStreetMap contributors","license":"ODbL-1.0"},"geometry":{"type":"LineString","coordinates":[[118.212717,24.557455],[118.214264,24.556204],[118.216195,24.555085],[118.229578,24.549407],[118.234973,24.548165],[118.242985,24.54746],[118.246523,24.547665],[118.251081,24.548826],[118.257786,24.551573],[118.260376,24.552881],[118.264559,24.555521]]}},{"type":"Feature","properties":{"id":"osm-way-1014375474","layer":"roads","category":"road-primary","name":null,"referenceEra":"modern_reference","source":"OpenStreetMap contributors","license":"ODbL-1.0"},"geometry":{"type":"LineString","coordinates":[[118.409385,24.649202],[118.408347,24.649093],[118.407554,24.648609],[118.406139,24.646709],[118.404664,24.645397],[118.40252,24.644446],[118.397869,24.643194],[118.395875,24.641636],[118.394401,24.640864],[118.392362,24.640704],[118.387089,24.641705]]}},{"type":"Feature","properties":{"id":"osm-way-1021368238","layer":"roads","category":"road-primary","name":"海沧隧道","referenceEra":"modern_reference","source":"OpenStreetMap contributors","license":"ODbL-1.0"},"geometry":{"type":"LineString","coordinates":[[118.051034,24.51397],[118.053336,24.513018],[118.057305,24.512438],[118.062064,24.512247],[118.06591,24.512535],[118.06878,24.513136],[118.091439,24.519498],[118.101118,24.520503],[118.10422,24.521291],[118.107916,24.522663],[118.112273,24.522996]]}},{"type":"Feature","properties":{"id":"osm-way-1347253310","layer":"roads","category":"road-primary","name":null,"referenceEra":"modern_reference","source":"OpenStreetMap contributors","license":"ODbL-1.0"},"geometry":{"type":"LineString","coordinates":[[118.066829,24.346396],[118.06391,24.34402],[118.062692,24.343417],[118.061374,24.343183],[118.057196,24.343281],[118.051646,24.341278],[118.047736,24.340578],[118.045857,24.339172],[118.044236,24.336792],[118.043025,24.335572],[118.038667,24.333013]]}},{"type":"Feature","properties":{"id":"osm-way-66218548","layer":"roads","category":"road-primary","name":"翔安大道","referenceEra":"modern_reference","source":"OpenStreetMap contributors","license":"ODbL-1.0"},"geometry":{"type":"LineString","coordinates":[[118.23582,24.589297],[118.23467,24.607925],[118.234959,24.621317],[118.234827,24.624928],[118.232193,24.636654],[118.227325,24.650756],[118.226362,24.656176],[118.226404,24.660842],[118.227449,24.669684],[118.230461,24.680047]]}},{"type":"Feature","properties":{"id":"osm-way-106281071","layer":"roads","category":"road-primary","name":"环岛东路","referenceEra":"modern_reference","source":"OpenStreetMap contributors","license":"ODbL-1.0"},"geometry":{"type":"LineString","coordinates":[[118.181458,24.467551],[118.177121,24.46172],[118.174999,24.459409],[118.171946,24.457092],[118.167356,24.454154],[118.161775,24.449232],[118.157993,24.446942],[118.153622,24.443487],[118.150677,24.442058],[118.148527,24.440654]]}},{"type":"Feature","properties":{"id":"osm-way-128159859","layer":"roads","category":"road-primary","name":"梧村隧道","referenceEra":"modern_reference","source":"OpenStreetMap contributors","license":"ODbL-1.0"},"geometry":{"type":"LineString","coordinates":[[118.108473,24.463576],[118.111598,24.464894],[118.119294,24.466755],[118.120835,24.467697],[118.121843,24.468793],[118.12287,24.470343],[118.123918,24.472824],[118.125137,24.478847],[118.125405,24.482948],[118.127755,24.486826]]}},{"type":"Feature","properties":{"id":"osm-way-149522227","layer":"roads","category":"road-primary","name":"海沧大道","referenceEra":"modern_reference","source":"OpenStreetMap contributors","license":"ODbL-1.0"},"geometry":{"type":"LineString","coordinates":[[118.047356,24.516296],[118.050062,24.51413],[118.054048,24.508119],[118.057488,24.50431],[118.058057,24.502898],[118.058059,24.501378],[118.057618,24.500102],[118.055417,24.496987],[118.050758,24.492893],[118.042982,24.485086]]}},{"type":"Feature","properties":{"id":"osm-way-169058052","layer":"roads","category":"road-primary","name":"翔安大道","referenceEra":"modern_reference","source":"OpenStreetMap contributors","license":"ODbL-1.0"},"geometry":{"type":"LineString","coordinates":[[118.235555,24.585949],[118.235441,24.584261],[118.234719,24.581323],[118.234019,24.579582],[118.231941,24.576284],[118.229095,24.572659],[118.223724,24.567994],[118.221142,24.565398],[118.219339,24.563086],[118.217943,24.560702]]}},{"type":"Feature","properties":{"id":"osm-way-169058071","layer":"roads","category":"road-primary","name":"翔安大道","referenceEra":"modern_reference","source":"OpenStreetMap contributors","license":"ODbL-1.0"},"geometry":{"type":"LineString","coordinates":[[118.230136,24.679737],[118.22768,24.671847],[118.227138,24.6694],[118.225964,24.659664],[118.225956,24.656681],[118.226807,24.651354],[118.231891,24.636466],[118.234572,24.624175],[118.234349,24.607927],[118.235537,24.590323]]}},{"type":"Feature","properties":{"id":"osm-way-177489602","layer":"roads","category":"road-primary","name":"天马路","referenceEra":"modern_reference","source":"OpenStreetMap contributors","license":"ODbL-1.0"},"geometry":{"type":"LineString","coordinates":[[118.110567,24.613358],[118.105186,24.616422],[118.103707,24.6169],[118.101472,24.617135],[118.097353,24.616639],[118.09589,24.616933],[118.09509,24.617381],[118.093982,24.618577],[118.088428,24.627098],[118.083689,24.6317]]}},{"type":"Feature","properties":{"id":"osm-way-215967969","layer":"roads","category":"road-primary","name":null,"referenceEra":"modern_reference","source":"OpenStreetMap contributors","license":"ODbL-1.0"},"geometry":{"type":"LineString","coordinates":[[118.080865,24.343594],[118.083789,24.340409],[118.088853,24.336552],[118.091488,24.332165],[118.092553,24.330959],[118.101625,24.326403],[118.103788,24.324498],[118.116061,24.308724],[118.116523,24.306564],[118.116296,24.300936]]}},{"type":"Feature","properties":{"id":"osm-way-369925701","layer":"roads","category":"road-primary","name":"天马路","referenceEra":"modern_reference","source":"OpenStreetMap contributors","license":"ODbL-1.0"},"geometry":{"type":"LineString","coordinates":[[118.083601,24.631626],[118.088326,24.627028],[118.093874,24.618513],[118.095009,24.617289],[118.095836,24.616826],[118.097345,24.616522],[118.101474,24.617018],[118.103675,24.616787],[118.105125,24.616318],[118.110508,24.613291]]}},{"type":"Feature","properties":{"id":"osm-way-685935122","layer":"roads","category":"road-primary","name":null,"referenceEra":"modern_reference","source":"OpenStreetMap contributors","license":"ODbL-1.0"},"geometry":{"type":"LineString","coordinates":[[118.554016,24.622053],[118.562533,24.63138],[118.564834,24.633326],[118.568504,24.635858],[118.574346,24.641944],[118.575496,24.643782],[118.576185,24.648148],[118.576882,24.649626],[118.578261,24.651005],[118.581929,24.653347]]}},{"type":"Feature","properties":{"id":"osm-way-685935123","layer":"roads","category":"road-primary","name":null,"referenceEra":"modern_reference","source":"OpenStreetMap contributors","license":"ODbL-1.0"},"geometry":{"type":"LineString","coordinates":[[118.581849,24.653454],[118.578175,24.651093],[118.576764,24.649694],[118.576008,24.648187],[118.575351,24.643814],[118.574223,24.642006],[118.568377,24.63593],[118.56419,24.633052],[118.562436,24.631492],[118.553913,24.622112]]}},{"type":"Feature","properties":{"id":"osm-way-837695554","layer":"roads","category":"road-primary","name":"凤南路","referenceEra":"modern_reference","source":"OpenStreetMap contributors","license":"ODbL-1.0"},"geometry":{"type":"LineString","coordinates":[[118.035171,24.663418],[118.035546,24.664035],[118.040262,24.667935],[118.042383,24.669177],[118.048061,24.673465],[118.0596,24.678976],[118.061922,24.6798],[118.063033,24.681895],[118.063972,24.685344],[118.064783,24.686181]]}},{"type":"Feature","properties":{"id":"osm-way-129252303","layer":"roads","category":"road-primary","name":null,"referenceEra":"modern_reference","source":"OpenStreetMap contributors","license":"ODbL-1.0"},"geometry":{"type":"LineString","coordinates":[[118.042948,24.514418],[118.039482,24.510198],[118.037517,24.5083],[118.036639,24.507889],[118.034176,24.50738],[118.033599,24.506287],[118.033599,24.505126],[118.033096,24.504268],[118.024075,24.498247]]}},{"type":"Feature","properties":{"id":"osm-way-200728474","layer":"roads","category":"road-primary","name":"梧村隧道","referenceEra":"modern_reference","source":"OpenStreetMap contributors","license":"ODbL-1.0"},"geometry":{"type":"LineString","coordinates":[[118.127456,24.486647],[118.125239,24.482933],[118.125004,24.478872],[118.123688,24.472897],[118.122655,24.470482],[118.121158,24.468384],[118.119146,24.467018],[118.111545,24.465126],[118.108407,24.463724]]}},{"type":"Feature","properties":{"id":"osm-way-441651574","layer":"roads","category":"road-primary","name":"环岛东路","referenceEra":"modern_reference","source":"OpenStreetMap contributors","license":"ODbL-1.0"},"geometry":{"type":"LineString","coordinates":[[118.148597,24.440573],[118.150597,24.441834],[118.153361,24.443131],[118.15716,24.446201],[118.1615,24.448871],[118.167144,24.453843],[118.173702,24.458181],[118.176755,24.46106],[118.180201,24.465621]]}},{"type":"Feature","properties":{"id":"osm-way-472075025","layer":"roads","category":"road-primary","name":"环岛南路","referenceEra":"modern_reference","source":"OpenStreetMap contributors","license":"ODbL-1.0"},"geometry":{"type":"LineString","coordinates":[[118.148527,24.440654],[118.144015,24.43644],[118.142681,24.435794],[118.138951,24.434833],[118.136927,24.433548],[118.13552,24.431649],[118.133784,24.427048],[118.132641,24.426025],[118.131153,24.425493]]}},{"type":"Feature","properties":{"id":"osm-way-538573216","layer":"roads","category":"road-primary","name":"环美北路","referenceEra":"modern_reference","source":"OpenStreetMap contributors","license":"ODbL-1.0"},"geometry":{"type":"LineString","coordinates":[[118.023819,24.656796],[118.020419,24.656207],[118.012143,24.655668],[118.008647,24.65479],[118.006268,24.653636],[118.001536,24.650629],[117.993553,24.647952],[117.990849,24.646536],[117.98677,24.643909]]}},{"type":"Feature","properties":{"id":"osm-way-540977691","layer":"roads","category":"road-primary","name":"滨海东大道","referenceEra":"modern_reference","source":"OpenStreetMap contributors","license":"ODbL-1.0"},"geometry":{"type":"LineString","coordinates":[[118.264469,24.55564],[118.258398,24.552025],[118.250793,24.548911],[118.246522,24.54782],[118.242827,24.547638],[118.235005,24.548339],[118.229686,24.549511],[118.215889,24.555385],[118.212817,24.557562]]}},{"type":"Feature","properties":{"id":"osm-way-548159124","layer":"roads","category":"road-primary","name":"海翔大道","referenceEra":"modern_reference","source":"OpenStreetMap contributors","license":"ODbL-1.0"},"geometry":{"type":"LineString","coordinates":[[118.37585,24.62782],[118.373567,24.62813],[118.37096,24.628894],[118.368477,24.630136],[118.364779,24.632631],[118.362511,24.633707],[118.355994,24.635245],[118.354209,24.635894],[118.34427,24.641324]]}},{"type":"Feature","properties":{"id":"osm-way-653506329","layer":"roads","category":"road-primary","name":"环岛南路","referenceEra":"modern_reference","source":"OpenStreetMap contributors","license":"ODbL-1.0"},"geometry":{"type":"LineString","coordinates":[[118.13117,24.425372],[118.132852,24.426005],[118.13386,24.426931],[118.135591,24.431462],[118.136964,24.433417],[118.138941,24.434696],[118.142766,24.435693],[118.144145,24.436366],[118.148597,24.440573]]}},{"type":"Feature","properties":{"id":"osm-way-662848991","layer":"roads","category":"road-primary","name":"环美北路","referenceEra":"modern_reference","source":"OpenStreetMap contributors","license":"ODbL-1.0"},"geometry":{"type":"LineString","coordinates":[[117.986821,24.643817],[117.990848,24.646385],[117.993722,24.647875],[118.001533,24.650516],[118.007057,24.653969],[118.009691,24.655049],[118.012117,24.655549],[118.020424,24.656097],[118.023849,24.656717]]}},{"type":"Feature","properties":{"id":"osm-way-983246452","layer":"roads","category":"road-primary","name":null,"referenceEra":"modern_reference","source":"OpenStreetMap contributors","license":"ODbL-1.0"},"geometry":{"type":"LineString","coordinates":[[118.000433,24.567296],[117.99887,24.565697],[117.996503,24.561498],[117.99587,24.560786],[117.994703,24.559987],[117.993043,24.55945],[117.991214,24.559546],[117.986056,24.560847],[117.972991,24.561876]]}},{"type":"Feature","properties":{"id":"osm-way-9472931","layer":"roads","category":"road-primary","name":"灌口大道","referenceEra":"modern_reference","source":"OpenStreetMap contributors","license":"ODbL-1.0"},"geometry":{"type":"LineString","coordinates":[[117.95,24.573716],[117.953116,24.575837],[117.956897,24.579383],[117.958081,24.580817],[117.959555,24.583416],[117.960742,24.587944],[117.963127,24.590699],[117.963786,24.591824]]}},{"type":"Feature","properties":{"id":"osm-way-128827045","layer":"roads","category":"road-primary","name":"云顶南路","referenceEra":"modern_reference","source":"OpenStreetMap contributors","license":"ODbL-1.0"},"geometry":{"type":"LineString","coordinates":[[118.148597,24.440573],[118.146701,24.443649],[118.146438,24.445129],[118.147316,24.448403],[118.149148,24.450389],[118.150098,24.451961],[118.150177,24.453025],[118.149731,24.453848]]}},{"type":"Feature","properties":{"id":"osm-way-128827168","layer":"roads","category":"road-primary","name":"环岛干道","referenceEra":"modern_reference","source":"OpenStreetMap contributors","license":"ODbL-1.0"},"geometry":{"type":"LineString","coordinates":[[118.152539,24.453518],[118.154329,24.454132],[118.157595,24.453807],[118.161304,24.453932],[118.163918,24.45562],[118.165897,24.456509],[118.169126,24.459041],[118.171516,24.459955]]}},{"type":"Feature","properties":{"id":"osm-way-128840187","layer":"roads","category":"road-primary","name":"云顶南路","referenceEra":"modern_reference","source":"OpenStreetMap contributors","license":"ODbL-1.0"},"geometry":{"type":"LineString","coordinates":[[118.149142,24.454143],[118.149671,24.453125],[118.149591,24.451476],[118.149034,24.450474],[118.147238,24.448548],[118.146275,24.444824],[118.146586,24.443581],[118.14851,24.440499]]}},{"type":"Feature","properties":{"id":"osm-way-177489620","layer":"roads","category":"road-primary","name":null,"referenceEra":"modern_reference","source":"OpenStreetMap contributors","license":"ODbL-1.0"},"geometry":{"type":"LineString","coordinates":[[118.13626,24.640759],[118.136179,24.638685],[118.135517,24.635796],[118.134693,24.633636],[118.132957,24.630954],[118.130947,24.628873],[118.125036,24.624212],[118.122011,24.62107]]}},{"type":"Feature","properties":{"id":"osm-way-219408190","layer":"roads","category":"road-primary","name":null,"referenceEra":"modern_reference","source":"OpenStreetMap contributors","license":"ODbL-1.0"},"geometry":{"type":"LineString","coordinates":[[118.560737,24.690135],[118.571358,24.684109],[118.577614,24.679121],[118.579011,24.678287],[118.585356,24.675352],[118.593124,24.673154],[118.59455,24.672448],[118.6,24.666996]]}},{"type":"Feature","properties":{"id":"osm-way-230443266","layer":"roads","category":"road-primary","name":"招商大道","referenceEra":"modern_reference","source":"OpenStreetMap contributors","license":"ODbL-1.0"},"geometry":{"type":"LineString","coordinates":[[118.047987,24.40643],[118.043643,24.407133],[118.019453,24.409162],[118.01644,24.408332],[118.00675,24.402983],[118.00465,24.4023],[117.987516,24.401184],[117.982366,24.400187]]}},{"type":"Feature","properties":{"id":"osm-way-239975790","layer":"roads","category":"road-primary","name":null,"referenceEra":"modern_reference","source":"OpenStreetMap contributors","license":"ODbL-1.0"},"geometry":{"type":"LineString","coordinates":[[118.003226,24.323282],[118.005514,24.328248],[118.007393,24.330513],[118.007629,24.331293],[118.007612,24.332849],[118.007902,24.333625],[118.008289,24.334218],[118.010113,24.335589]]}},{"type":"Feature","properties":{"id":"osm-way-239977569","layer":"roads","category":"road-primary","name":"招商大道","referenceEra":"modern_reference","source":"OpenStreetMap contributors","license":"ODbL-1.0"},"geometry":{"type":"LineString","coordinates":[[117.982389,24.4001],[117.987535,24.401043],[118.004683,24.402177],[118.00681,24.402869],[118.016511,24.408255],[118.019463,24.409055],[118.043624,24.407008],[118.047963,24.40631]]}},{"type":"Feature","properties":{"id":"osm-way-330755259","layer":"roads","category":"road-primary","name":"南惠高速","referenceEra":"modern_reference","source":"OpenStreetMap contributors","license":"ODbL-1.0"},"geometry":{"type":"LineString","coordinates":[[118.403781,24.664762],[118.403641,24.667139],[118.40466,24.685424],[118.404978,24.687514],[118.406307,24.691729],[118.40674,24.693998],[118.406419,24.697012],[118.405146,24.7]]}},{"type":"Feature","properties":{"id":"osm-way-472296897","layer":"roads","category":"road-primary","name":null,"referenceEra":"modern_reference","source":"OpenStreetMap contributors","license":"ODbL-1.0"},"geometry":{"type":"LineString","coordinates":[[118.6,24.667146],[118.59553,24.67183],[118.593947,24.672923],[118.585485,24.675433],[118.579066,24.678373],[118.577684,24.679207],[118.571418,24.684204],[118.560822,24.690215]]}},{"type":"Feature","properties":{"id":"osm-way-538551729","layer":"roads","category":"road-primary","name":null,"referenceEra":"modern_reference","source":"OpenStreetMap contributors","license":"ODbL-1.0"},"geometry":{"type":"LineString","coordinates":[[118.04675,24.66074],[118.048399,24.661757],[118.049912,24.663173],[118.050919,24.664756],[118.051758,24.666833],[118.052414,24.670008],[118.05323,24.67127],[118.05477,24.67239]]}},{"type":"Feature","properties":{"id":"osm-way-538551731","layer":"roads","category":"road-primary","name":null,"referenceEra":"modern_reference","source":"OpenStreetMap contributors","license":"ODbL-1.0"},"geometry":{"type":"LineString","coordinates":[[118.05453,24.672558],[118.052867,24.671368],[118.05204,24.670089],[118.051327,24.666992],[118.050546,24.664814],[118.049678,24.663389],[118.048304,24.662089],[118.04597,24.660743]]}},{"type":"Feature","properties":{"id":"osm-way-551724375","layer":"roads","category":"road-primary","name":"环岛干道","referenceEra":"modern_reference","source":"OpenStreetMap contributors","license":"ODbL-1.0"},"geometry":{"type":"LineString","coordinates":[[118.170999,24.459891],[118.168689,24.459091],[118.166408,24.456945],[118.162924,24.455335],[118.161384,24.454058],[118.157022,24.453938],[118.154439,24.454227],[118.152227,24.453725]]}},{"type":"Feature","properties":{"id":"osm-way-579451925","layer":"roads","category":"road-primary","name":"同招高速","referenceEra":"modern_reference","source":"OpenStreetMap contributors","license":"ODbL-1.0"},"geometry":{"type":"LineString","coordinates":[[117.98452,24.369637],[117.985139,24.372446],[117.985198,24.374609],[117.984844,24.376916],[117.983936,24.379093],[117.981845,24.38165],[117.977044,24.384992],[117.974009,24.38801]]}},{"type":"Feature","properties":{"id":"osm-way-663009529","layer":"roads","category":"road-primary","name":null,"referenceEra":"modern_reference","source":"OpenStreetMap contributors","license":"ODbL-1.0"},"geometry":{"type":"LineString","coordinates":[[118.288598,24.689415],[118.294549,24.687707],[118.296586,24.686779],[118.298408,24.685518],[118.301391,24.682798],[118.30293,24.681997],[118.309821,24.681686],[118.309861,24.68195]]}},{"type":"Feature","properties":{"id":"osm-way-663132423","layer":"roads","category":"road-primary","name":"马青路","referenceEra":"modern_reference","source":"OpenStreetMap contributors","license":"ODbL-1.0"},"geometry":{"type":"LineString","coordinates":[[118.047597,24.521106],[118.047655,24.523655],[118.04706,24.525534],[118.045837,24.527291],[118.043777,24.528823],[118.042453,24.529409],[118.040805,24.52976],[118.031295,24.530364]]}},{"type":"Feature","properties":{"id":"osm-way-685719959","layer":"roads","category":"road-primary","name":"同招高速","referenceEra":"modern_reference","source":"OpenStreetMap contributors","license":"ODbL-1.0"},"geometry":{"type":"LineString","coordinates":[[117.973482,24.388466],[117.976121,24.385549],[117.981829,24.38146],[117.983808,24.379061],[117.984715,24.376867],[117.985037,24.3746],[117.984834,24.372503],[117.984106,24.369773]]}},{"type":"Feature","properties":{"id":"osm-way-689186085","layer":"roads","category":"road-primary","name":"翔安大道","referenceEra":"modern_reference","source":"OpenStreetMap contributors","license":"ODbL-1.0"},"geometry":{"type":"LineString","coordinates":[[118.224593,24.568346],[118.228347,24.571431],[118.230305,24.573493],[118.23233,24.57626],[118.234571,24.579979],[118.235256,24.58193],[118.235778,24.584536],[118.235851,24.587993]]}},{"type":"Feature","properties":{"id":"osm-way-709321450","layer":"roads","category":"road-primary","name":"海翔大道","referenceEra":"modern_reference","source":"OpenStreetMap contributors","license":"ODbL-1.0"},"geometry":{"type":"LineString","coordinates":[[118.344283,24.641183],[118.354155,24.635755],[118.362467,24.633591],[118.364785,24.632467],[118.368406,24.630019],[118.370441,24.62898],[118.372734,24.628204],[118.375828,24.627669]]}},{"type":"Feature","properties":{"id":"osm-way-837691718","layer":"roads","category":"road-primary","name":"灌口大道","referenceEra":"modern_reference","source":"OpenStreetMap contributors","license":"ODbL-1.0"},"geometry":{"type":"LineString","coordinates":[[117.963705,24.591859],[117.962684,24.590259],[117.960643,24.587965],[117.95941,24.583301],[117.957996,24.58087],[117.955966,24.578553],[117.953026,24.575804],[117.95,24.573788]]}},{"type":"Feature","properties":{"id":"osm-way-983246453","layer":"roads","category":"road-primary","name":null,"referenceEra":"modern_reference","source":"OpenStreetMap contributors","license":"ODbL-1.0"},"geometry":{"type":"LineString","coordinates":[[117.972937,24.561702],[117.98604,24.560702],[117.991318,24.559349],[117.993072,24.55929],[117.994817,24.559832],[117.996006,24.560561],[117.999066,24.565651],[118.000526,24.567153]]}},{"type":"Feature","properties":{"id":"osm-way-1014375473","layer":"roads","category":"road-primary","name":null,"referenceEra":"modern_reference","source":"OpenStreetMap contributors","license":"ODbL-1.0"},"geometry":{"type":"LineString","coordinates":[[118.386831,24.641433],[118.392714,24.640528],[118.394453,24.6407],[118.398286,24.643243],[118.404129,24.644929],[118.405748,24.646111],[118.408076,24.648787],[118.40946,24.648981]]}},{"type":"Feature","properties":{"id":"osm-way-1431104425","layer":"roads","category":"road-primary","name":"东升路","referenceEra":"modern_reference","source":"OpenStreetMap contributors","license":"ODbL-1.0"},"geometry":{"type":"LineString","coordinates":[[118.469688,24.667938],[118.467836,24.673011],[118.467532,24.674453],[118.466798,24.675604],[118.466121,24.676081],[118.457155,24.679141],[118.456838,24.679522],[118.456947,24.679907]]}},{"type":"Feature","properties":{"id":"osm-way-1456205551","layer":"roads","category":"road-primary","name":"翔安南路","referenceEra":"modern_reference","source":"OpenStreetMap contributors","license":"ODbL-1.0"},"geometry":{"type":"LineString","coordinates":[[118.345764,24.590242],[118.344698,24.589499],[118.343635,24.589525],[118.341411,24.590899],[118.337143,24.59433],[118.334457,24.595852],[118.330648,24.59725],[118.325799,24.598041]]}},{"type":"Feature","properties":{"id":"osm-way-1456205553","layer":"roads","category":"road-primary","name":"翔安南路","referenceEra":"modern_reference","source":"OpenStreetMap contributors","license":"ODbL-1.0"},"geometry":{"type":"LineString","coordinates":[[118.326003,24.597699],[118.330654,24.596967],[118.334917,24.595454],[118.336285,24.594693],[118.341749,24.590466],[118.343504,24.589442],[118.344677,24.589371],[118.345843,24.590159]]}},{"type":"Feature","properties":{"id":"osm-way-1508241454","layer":"roads","category":"road-primary","name":"贤林大道","referenceEra":"modern_reference","source":"OpenStreetMap contributors","license":"ODbL-1.0"},"geometry":{"type":"LineString","coordinates":[[118.357826,24.608953],[118.356694,24.608233],[118.355705,24.607162],[118.354434,24.604402],[118.353457,24.603165],[118.352142,24.602251],[118.351015,24.601856],[118.348052,24.601332]]}},{"type":"Feature","properties":{"id":"osm-way-50060095","layer":"roads","category":"road-primary","name":"杏前路","referenceEra":"modern_reference","source":"OpenStreetMap contributors","license":"ODbL-1.0"},"geometry":{"type":"LineString","coordinates":[[118.024678,24.581169],[118.025914,24.580015],[118.028262,24.576799],[118.029419,24.575759],[118.032801,24.574018],[118.034249,24.573695],[118.035837,24.573793]]}},{"type":"Feature","properties":{"id":"osm-way-127162347","layer":"roads","category":"road-primary","name":"成功大道","referenceEra":"modern_reference","source":"OpenStreetMap contributors","license":"ODbL-1.0"},"geometry":{"type":"LineString","coordinates":[[118.10611,24.461593],[118.104547,24.457096],[118.102815,24.455509],[118.097778,24.452936],[118.092454,24.451235],[118.085878,24.449567],[118.084627,24.448493]]}},{"type":"Feature","properties":{"id":"osm-way-127162492","layer":"roads","category":"road-primary","name":"枋钟路","referenceEra":"modern_reference","source":"OpenStreetMap contributors","license":"ODbL-1.0"},"geometry":{"type":"LineString","coordinates":[[118.15512,24.546408],[118.153998,24.546528],[118.153439,24.546238],[118.148567,24.541954],[118.147124,24.541112],[118.134863,24.53679],[118.128308,24.531714]]}},{"type":"Feature","properties":{"id":"osm-way-129252241","layer":"roads","category":"road-primary","name":null,"referenceEra":"modern_reference","source":"OpenStreetMap contributors","license":"ODbL-1.0"},"geometry":{"type":"LineString","coordinates":[[118.035766,24.503542],[118.036595,24.504107],[118.037002,24.504895],[118.03782,24.505177],[118.03853,24.505833],[118.038599,24.508175],[118.039605,24.50978]]}},{"type":"Feature","properties":{"id":"osm-way-149341015","layer":"roads","category":"road-primary","name":null,"referenceEra":"modern_reference","source":"OpenStreetMap contributors","license":"ODbL-1.0"},"geometry":{"type":"LineString","coordinates":[[118.009266,24.529183],[117.998572,24.523698],[117.995397,24.522861],[117.976669,24.523548],[117.954102,24.526998],[117.952866,24.527144],[117.95,24.526951]]}},{"type":"Feature","properties":{"id":"osm-way-173905086","layer":"roads","category":"road-primary","name":null,"referenceEra":"modern_reference","source":"OpenStreetMap contributors","license":"ODbL-1.0"},"geometry":{"type":"LineString","coordinates":[[118.110186,24.648139],[118.109465,24.646279],[118.108266,24.644558],[118.105672,24.642862],[118.102439,24.641353],[118.093339,24.637939],[118.089388,24.636142]]}},{"type":"Feature","properties":{"id":"osm-way-183331466","layer":"roads","category":"road-primary","name":"成功大道","referenceEra":"modern_reference","source":"OpenStreetMap contributors","license":"ODbL-1.0"},"geometry":{"type":"LineString","coordinates":[[118.084738,24.448415],[118.085804,24.44922],[118.098184,24.452742],[118.10274,24.454946],[118.104487,24.45631],[118.104929,24.456964],[118.106302,24.461659]]}},{"type":"Feature","properties":{"id":"osm-way-230443265","layer":"roads","category":"road-primary","name":null,"referenceEra":"modern_reference","source":"OpenStreetMap contributors","license":"ODbL-1.0"},"geometry":{"type":"LineString","coordinates":[[118.045317,24.367732],[118.048622,24.368624],[118.049785,24.36826],[118.050892,24.367424],[118.049746,24.365684],[118.049525,24.364619],[118.052334,24.353845]]}},{"type":"Feature","properties":{"id":"osm-way-239191951","layer":"roads","category":"road-primary","name":null,"referenceEra":"modern_reference","source":"OpenStreetMap contributors","license":"ODbL-1.0"},"geometry":{"type":"LineString","coordinates":[[118.309861,24.68195],[118.304079,24.681921],[118.302871,24.682145],[118.301637,24.682828],[118.298059,24.685959],[118.295536,24.687466],[118.288649,24.689522]]}},{"type":"Feature","properties":{"id":"osm-way-239975788","layer":"roads","category":"road-primary","name":null,"referenceEra":"modern_reference","source":"OpenStreetMap contributors","license":"ODbL-1.0"},"geometry":{"type":"LineString","coordinates":[[118.001946,24.321193],[118.000259,24.320358],[117.998056,24.318113],[117.996551,24.316874],[117.995586,24.316417],[117.991286,24.316658],[117.988543,24.317838]]}},{"type":"Feature","properties":{"id":"osm-way-239975795","layer":"roads","category":"road-primary","name":null,"referenceEra":"modern_reference","source":"OpenStreetMap contributors","license":"ODbL-1.0"},"geometry":{"type":"LineString","coordinates":[[117.988543,24.317838],[117.987127,24.318817],[117.985557,24.321057],[117.980995,24.324884],[117.978838,24.324928],[117.977212,24.325685],[117.975781,24.326007]]}},{"type":"Feature","properties":{"id":"osm-way-239975797","layer":"roads","category":"road-primary","name":null,"referenceEra":"modern_reference","source":"OpenStreetMap contributors","license":"ODbL-1.0"},"geometry":{"type":"LineString","coordinates":[[117.97574,24.325909],[117.977022,24.325677],[117.978795,24.324856],[117.980971,24.324833],[117.98589,24.320595],[117.987285,24.318543],[117.988543,24.317838]]}},{"type":"Feature","properties":{"id":"osm-way-330755258","layer":"roads","category":"road-primary","name":"南惠高速","referenceEra":"modern_reference","source":"OpenStreetMap contributors","license":"ODbL-1.0"},"geometry":{"type":"LineString","coordinates":[[118.404991,24.7],[118.406301,24.696909],[118.406577,24.693804],[118.404886,24.687739],[118.404525,24.685455],[118.403488,24.667142],[118.403611,24.664751]]}},{"type":"Feature","properties":{"id":"osm-way-346692346","layer":"roads","category":"road-primary","name":null,"referenceEra":"modern_reference","source":"OpenStreetMap contributors","license":"ODbL-1.0"},"geometry":{"type":"LineString","coordinates":[[118.104776,24.552905],[118.106563,24.551274],[118.109957,24.5468],[118.110815,24.542777],[118.113167,24.537424],[118.113453,24.535625],[118.113394,24.53316]]}},{"type":"Feature","properties":{"id":"osm-way-405558235","layer":"roads","category":"road-primary","name":null,"referenceEra":"modern_reference","source":"OpenStreetMap contributors","license":"ODbL-1.0"},"geometry":{"type":"LineString","coordinates":[[118.378279,24.612912],[118.378313,24.615096],[118.380154,24.61886],[118.380141,24.620884],[118.379753,24.622086],[118.376701,24.627965],[118.375793,24.630649]]}},{"type":"Feature","properties":{"id":"osm-way-437387508","layer":"roads","category":"road-primary","name":null,"referenceEra":"modern_reference","source":"OpenStreetMap contributors","license":"ODbL-1.0"},"geometry":{"type":"LineString","coordinates":[[117.95,24.526766],[117.951651,24.52703],[117.954445,24.526836],[117.976455,24.523415],[117.995202,24.522662],[117.998665,24.523549],[118.009538,24.529179]]}},{"type":"Feature","properties":{"id":"osm-way-472311027","layer":"roads","category":"road-primary","name":"沿海大通道","referenceEra":"modern_reference","source":"OpenStreetMap contributors","license":"ODbL-1.0"},"geometry":{"type":"LineString","coordinates":[[118.578021,24.554969],[118.584191,24.548799],[118.589903,24.539453],[118.591105,24.538457],[118.593277,24.537544],[118.595375,24.537598],[118.6,24.539286]]}},{"type":"Feature","properties":{"id":"osm-way-472348370","layer":"roads","category":"road-primary","name":"滨海西大道","referenceEra":"modern_reference","source":"OpenStreetMap contributors","license":"ODbL-1.0"},"geometry":{"type":"LineString","coordinates":[[118.161149,24.688143],[118.161291,24.689317],[118.160977,24.691563],[118.160471,24.692755],[118.158464,24.695461],[118.157766,24.698892],[118.157258,24.7]]}},{"type":"Feature","properties":{"id":"osm-way-520937112","layer":"roads","category":"road-primary","name":"滨海东大道","referenceEra":"modern_reference","source":"OpenStreetMap contributors","license":"ODbL-1.0"},"geometry":{"type":"LineString","coordinates":[[118.191109,24.606495],[118.190079,24.6024],[118.190126,24.600564],[118.191901,24.595909],[118.195656,24.588919],[118.196189,24.586481],[118.196043,24.583885]]}},{"type":"Feature","properties":{"id":"osm-way-538551691","layer":"roads","category":"road-primary","name":"沙厦高速","referenceEra":"modern_reference","source":"OpenStreetMap contributors","license":"ODbL-1.0"},"geometry":{"type":"LineString","coordinates":[[118.062505,24.656166],[118.061786,24.658133],[118.061335,24.660415],[118.061206,24.662189],[118.061764,24.667727],[118.06155,24.670906],[118.060989,24.672786]]}},{"type":"Feature","properties":{"id":"osm-way-540939454","layer":"roads","category":"road-primary","name":"翔安东路","referenceEra":"modern_reference","source":"OpenStreetMap contributors","license":"ODbL-1.0"},"geometry":{"type":"LineString","coordinates":[[118.257652,24.594565],[118.255766,24.59977],[118.248987,24.611066],[118.247335,24.614293],[118.246731,24.616636],[118.245206,24.630061],[118.245212,24.632639]]}},{"type":"Feature","properties":{"id":"osm-way-550682477","layer":"roads","category":"road-primary","name":"会展南二路","referenceEra":"modern_reference","source":"OpenStreetMap contributors","license":"ODbL-1.0"},"geometry":{"type":"LineString","coordinates":[[118.184721,24.507002],[118.184553,24.504619],[118.182703,24.498388],[118.182727,24.497245],[118.183431,24.495265],[118.18364,24.493693],[118.182546,24.485464]]}},{"type":"Feature","properties":{"id":"osm-way-556556528","layer":"roads","category":"road-primary","name":"沈海高速","referenceEra":"modern_reference","source":"OpenStreetMap contributors","license":"ODbL-1.0"},"geometry":{"type":"LineString","coordinates":[[118.249067,24.688366],[118.253165,24.686572],[118.259167,24.683488],[118.263438,24.682065],[118.266178,24.681523],[118.269865,24.681177],[118.279696,24.681012]]}},{"type":"Feature","properties":{"id":"osm-way-590137402","layer":"roads","category":"road-primary","name":null,"referenceEra":"modern_reference","source":"OpenStreetMap contributors","license":"ODbL-1.0"},"geometry":{"type":"LineString","coordinates":[[118.375554,24.630723],[118.376254,24.628448],[118.379547,24.622022],[118.379928,24.620838],[118.379872,24.618683],[118.378072,24.614973],[118.378099,24.612842]]}},{"type":"Feature","properties":{"id":"osm-way-662502125","layer":"roads","category":"road-primary","name":null,"referenceEra":"modern_reference","source":"OpenStreetMap contributors","license":"ODbL-1.0"},"geometry":{"type":"LineString","coordinates":[[118.12214,24.620972],[118.125517,24.624379],[118.130854,24.628571],[118.133078,24.630816],[118.13401,24.6321],[118.135907,24.636675],[118.136356,24.640767]]}},{"type":"Feature","properties":{"id":"osm-way-662749554","layer":"roads","category":"road-primary","name":null,"referenceEra":"modern_reference","source":"OpenStreetMap contributors","license":"ODbL-1.0"},"geometry":{"type":"LineString","coordinates":[[118.112746,24.538827],[118.111516,24.541459],[118.111243,24.543417],[118.110746,24.544326],[118.109817,24.547485],[118.106601,24.55139],[118.104829,24.553003]]}},{"type":"Feature","properties":{"id":"osm-way-662848988","layer":"roads","category":"road-primary","name":null,"referenceEra":"modern_reference","source":"OpenStreetMap contributors","license":"ODbL-1.0"},"geometry":{"type":"LineString","coordinates":[[117.98629,24.643659],[117.984268,24.64283],[117.978463,24.641103],[117.97112,24.636291],[117.967163,24.633036],[117.965455,24.630869],[117.9641,24.628283]]}},{"type":"Feature","properties":{"id":"osm-way-663288529","layer":"roads","category":"road-primary","name":"滨海东大道","referenceEra":"modern_reference","source":"OpenStreetMap contributors","license":"ODbL-1.0"},"geometry":{"type":"LineString","coordinates":[[118.196201,24.583877],[118.196321,24.586512],[118.195758,24.589165],[118.192555,24.594975],[118.190266,24.600725],[118.190254,24.602406],[118.191276,24.606499]]}},{"type":"Feature","properties":{"id":"osm-way-689186087","layer":"roads","category":"road-primary","name":"翔安东路","referenceEra":"modern_reference","source":"OpenStreetMap contributors","license":"ODbL-1.0"},"geometry":{"type":"LineString","coordinates":[[118.245092,24.632659],[118.245339,24.627797],[118.246616,24.616515],[118.246976,24.61496],[118.248366,24.611864],[118.25562,24.599724],[118.257547,24.594536]]}},{"type":"Feature","properties":{"id":"osm-way-830645483","layer":"roads","category":"road-primary","name":"海沧大道","referenceEra":"modern_reference","source":"OpenStreetMap contributors","license":"ODbL-1.0"},"geometry":{"type":"LineString","coordinates":[[118.042766,24.484873],[118.036119,24.478268],[118.034318,24.476036],[118.033173,24.47378],[118.032542,24.471901],[118.032209,24.46934],[118.032324,24.4678]]}},{"type":"Feature","properties":{"id":"osm-way-837683738","layer":"roads","category":"road-primary","name":"海沧大道","referenceEra":"modern_reference","source":"OpenStreetMap contributors","license":"ODbL-1.0"},"geometry":{"type":"LineString","coordinates":[[118.032477,24.467826],[118.032464,24.470222],[118.032765,24.471982],[118.033641,24.474479],[118.034555,24.476093],[118.035988,24.477904],[118.042871,24.484777]]}},{"type":"Feature","properties":{"id":"osm-way-837702230","layer":"roads","category":"road-primary","name":"丹东 - 东兴","referenceEra":"modern_reference","source":"OpenStreetMap contributors","license":"ODbL-1.0"},"geometry":{"type":"LineString","coordinates":[[118.43529,24.7],[118.436937,24.696228],[118.43712,24.694524],[118.436863,24.691603],[118.435924,24.684794],[118.433183,24.672374],[118.432429,24.669916]]}},{"type":"Feature","properties":{"id":"osm-way-837708474","layer":"roads","category":"road-primary","name":"沿海大通道","referenceEra":"modern_reference","source":"OpenStreetMap contributors","license":"ODbL-1.0"},"geometry":{"type":"LineString","coordinates":[[118.6,24.539464],[118.595336,24.537763],[118.5933,24.53771],[118.591209,24.538594],[118.590048,24.539556],[118.584349,24.548858],[118.578175,24.555055]]}},{"type":"Feature","properties":{"id":"osm-way-840759952","layer":"roads","category":"road-primary","name":"福厦高速","referenceEra":"modern_reference","source":"OpenStreetMap contributors","license":"ODbL-1.0"},"geometry":{"type":"LineString","coordinates":[[118.520403,24.675048],[118.528304,24.676867],[118.532415,24.67741],[118.535705,24.677337],[118.545704,24.676],[118.549668,24.676206],[118.552056,24.676723]]}},{"type":"Feature","properties":{"id":"osm-way-840765802","layer":"roads","category":"road-primary","name":"福厦高速","referenceEra":"modern_reference","source":"OpenStreetMap contributors","license":"ODbL-1.0"},"geometry":{"type":"LineString","coordinates":[[118.55305,24.677197],[118.550557,24.676504],[118.546704,24.676124],[118.535677,24.677482],[118.53208,24.677526],[118.529614,24.677266],[118.520363,24.675173]]}},{"type":"Feature","properties":{"id":"osm-way-913386130","layer":"roads","category":"road-primary","name":"嘉禾路","referenceEra":"modern_reference","source":"OpenStreetMap contributors","license":"ODbL-1.0"},"geometry":{"type":"LineString","coordinates":[[118.121578,24.501682],[118.120771,24.505352],[118.120138,24.506694],[118.115706,24.511156],[118.113978,24.514249],[118.113061,24.519995],[118.111685,24.522225]]}},{"type":"Feature","properties":{"id":"osm-way-1431104423","layer":"roads","category":"road-primary","name":"东升路","referenceEra":"modern_reference","source":"OpenStreetMap contributors","license":"ODbL-1.0"},"geometry":{"type":"LineString","coordinates":[[118.456846,24.679943],[118.456705,24.679306],[118.45714,24.679023],[118.465919,24.676017],[118.466938,24.675272],[118.467453,24.674432],[118.469526,24.667888]]}},{"type":"Feature","properties":{"id":"osm-way-72230911","layer":"roads","category":"road-primary","name":"鹭江道","referenceEra":"modern_reference","source":"OpenStreetMap contributors","license":"ODbL-1.0"},"geometry":{"type":"LineString","coordinates":[[118.068247,24.463155],[118.067329,24.460081],[118.069095,24.456379],[118.07075,24.454497],[118.0741,24.45197],[118.07477,24.451216]]}},{"type":"Feature","properties":{"id":"osm-way-173905087","layer":"roads","category":"road-primary","name":null,"referenceEra":"modern_reference","source":"OpenStreetMap contributors","license":"ODbL-1.0"},"geometry":{"type":"LineString","coordinates":[[118.089622,24.635819],[118.102647,24.640886],[118.105977,24.642442],[118.108619,24.644149],[118.109341,24.644967],[118.110844,24.648379]]}},{"type":"Feature","properties":{"id":"osm-way-177466823","layer":"roads","category":"road-primary","name":"翔安北路","referenceEra":"modern_reference","source":"OpenStreetMap contributors","license":"ODbL-1.0"},"geometry":{"type":"LineString","coordinates":[[118.226052,24.664174],[118.223379,24.664197],[118.221725,24.663895],[118.21603,24.661662],[118.214585,24.66138],[118.192946,24.661313]]}},{"type":"Feature","properties":{"id":"osm-way-180088963","layer":"roads","category":"road-primary","name":"沈海高速","referenceEra":"modern_reference","source":"OpenStreetMap contributors","license":"ODbL-1.0"},"geometry":{"type":"LineString","coordinates":[[118.024297,24.607918],[118.036985,24.609677],[118.040719,24.61042],[118.042974,24.611138],[118.045608,24.612438],[118.051245,24.615879]]}},{"type":"Feature","properties":{"id":"osm-way-190582411","layer":"roads","category":"road-primary","name":"翔安北路","referenceEra":"modern_reference","source":"OpenStreetMap contributors","license":"ODbL-1.0"},"geometry":{"type":"LineString","coordinates":[[118.192727,24.661186],[118.214592,24.661223],[118.216079,24.661565],[118.221778,24.663806],[118.224212,24.664156],[118.226018,24.664056]]}},{"type":"Feature","properties":{"id":"osm-way-239180825","layer":"roads","category":"road-primary","name":"滨海大道","referenceEra":"modern_reference","source":"OpenStreetMap contributors","license":"ODbL-1.0"},"geometry":{"type":"LineString","coordinates":[[118.430493,24.680822],[118.426763,24.683165],[118.425242,24.683843],[118.419105,24.688143],[118.416688,24.692956],[118.413724,24.7]]}},{"type":"Feature","properties":{"id":"osm-way-239975786","layer":"roads","category":"road-primary","name":"南滨大道","referenceEra":"modern_reference","source":"OpenStreetMap contributors","license":"ODbL-1.0"},"geometry":{"type":"LineString","coordinates":[[118.010113,24.335589],[118.012452,24.337273],[118.014074,24.338961],[118.014685,24.340237],[118.015324,24.343351],[118.015878,24.344723]]}},{"type":"Feature","properties":{"id":"osm-way-239975787","layer":"roads","category":"road-primary","name":"南滨大道","referenceEra":"modern_reference","source":"OpenStreetMap contributors","license":"ODbL-1.0"},"geometry":{"type":"LineString","coordinates":[[118.01004,24.335668],[118.008156,24.33429],[118.007551,24.333301],[118.007275,24.330559],[118.005404,24.328331],[118.003077,24.323262]]}},{"type":"Feature","properties":{"id":"osm-way-302313955","layer":"roads","category":"road-primary","name":"沈海高速","referenceEra":"modern_reference","source":"OpenStreetMap contributors","license":"ODbL-1.0"},"geometry":{"type":"LineString","coordinates":[[118.05113,24.61602],[118.045534,24.612588],[118.042876,24.611297],[118.040685,24.610597],[118.036468,24.609737],[118.024266,24.608092]]}},{"type":"Feature","properties":{"id":"osm-way-330700494","layer":"roads","category":"road-primary","name":"晋长高速","referenceEra":"modern_reference","source":"OpenStreetMap contributors","license":"ODbL-1.0"},"geometry":{"type":"LineString","coordinates":[[118.585652,24.646008],[118.587001,24.64445],[118.591102,24.640945],[118.592464,24.639363],[118.594089,24.636558],[118.596199,24.630577]]}},{"type":"Feature","properties":{"id":"osm-way-330700495","layer":"roads","category":"road-primary","name":"晋长高速","referenceEra":"modern_reference","source":"OpenStreetMap contributors","license":"ODbL-1.0"},"geometry":{"type":"LineString","coordinates":[[118.596304,24.630607],[118.594518,24.635772],[118.59256,24.639434],[118.591217,24.64104],[118.587147,24.644459],[118.585754,24.646073]]}},{"type":"Feature","properties":{"id":"osm-way-330700516","layer":"roads","category":"road-primary","name":null,"referenceEra":"modern_reference","source":"OpenStreetMap contributors","license":"ODbL-1.0"},"geometry":{"type":"LineString","coordinates":[[118.257878,24.69599],[118.26567,24.696702],[118.269086,24.696411],[118.271434,24.695818],[118.280672,24.691845],[118.284343,24.690628]]}},{"type":"Feature","properties":{"id":"osm-way-405694225","layer":"roads","category":"road-primary","name":"安东路","referenceEra":"modern_reference","source":"OpenStreetMap contributors","license":"ODbL-1.0"},"geometry":{"type":"LineString","coordinates":[[118.466558,24.677158],[118.468356,24.681893],[118.468321,24.683342],[118.466794,24.688066],[118.466664,24.693286],[118.466912,24.694719]]}},{"type":"Feature","properties":{"id":"osm-way-465415470","layer":"roads","category":"road-primary","name":"翔安南路","referenceEra":"modern_reference","source":"OpenStreetMap contributors","license":"ODbL-1.0"},"geometry":{"type":"LineString","coordinates":[[118.317295,24.604945],[118.319378,24.603506],[118.322209,24.599998],[118.323575,24.598773],[118.325478,24.597946],[118.327464,24.597583]]}},{"type":"Feature","properties":{"id":"osm-way-472104816","layer":"roads","category":"road-primary","name":"仙岳路","referenceEra":"modern_reference","source":"OpenStreetMap contributors","license":"ODbL-1.0"},"geometry":{"type":"LineString","coordinates":[[118.089848,24.49184],[118.093929,24.491877],[118.109662,24.496219],[118.123419,24.502226],[118.125081,24.502482],[118.130411,24.502088]]}},{"type":"Feature","properties":{"id":"osm-way-472296931","layer":"roads","category":"road-primary","name":null,"referenceEra":"modern_reference","source":"OpenStreetMap contributors","license":"ODbL-1.0"},"geometry":{"type":"LineString","coordinates":[[118.587219,24.664497],[118.587992,24.661175],[118.587928,24.65963],[118.587568,24.658506],[118.586093,24.65631],[118.582279,24.653738]]}},{"type":"Feature","properties":{"id":"osm-way-538510186","layer":"roads","category":"road-primary","name":"海翔大道","referenceEra":"modern_reference","source":"OpenStreetMap contributors","license":"ODbL-1.0"},"geometry":{"type":"LineString","coordinates":[[118.129151,24.656272],[118.120606,24.654818],[118.114201,24.652897],[118.112932,24.652262],[118.111707,24.651172],[118.110186,24.648139]]}},{"type":"Feature","properties":{"id":"osm-way-538551690","layer":"roads","category":"road-primary","name":"沙厦高速","referenceEra":"modern_reference","source":"OpenStreetMap contributors","license":"ODbL-1.0"},"geometry":{"type":"LineString","coordinates":[[118.060706,24.672732],[118.061185,24.670886],[118.061357,24.667805],[118.060841,24.662267],[118.060927,24.660473],[118.062254,24.656156]]}},{"type":"Feature","properties":{"id":"osm-way-556556526","layer":"roads","category":"road-primary","name":"沈海高速","referenceEra":"modern_reference","source":"OpenStreetMap contributors","license":"ODbL-1.0"},"geometry":{"type":"LineString","coordinates":[[118.27964,24.681218],[118.268253,24.681418],[118.262918,24.682273],[118.260115,24.683202],[118.252945,24.686843],[118.249107,24.688495]]}},{"type":"Feature","properties":{"id":"osm-way-579451932","layer":"roads","category":"road-primary","name":"漳武高速","referenceEra":"modern_reference","source":"OpenStreetMap contributors","license":"ODbL-1.0"},"geometry":{"type":"LineString","coordinates":[[117.984045,24.35523],[117.987153,24.355597],[117.994569,24.355033],[118.000245,24.3553],[118.003281,24.355028],[118.006379,24.354291]]}},{"type":"Feature","properties":{"id":"osm-way-590137410","layer":"roads","category":"road-primary","name":"翔安南路","referenceEra":"modern_reference","source":"OpenStreetMap contributors","license":"ODbL-1.0"},"geometry":{"type":"LineString","coordinates":[[118.384776,24.614317],[118.386908,24.614743],[118.390319,24.614907],[118.39857,24.615995],[118.407359,24.620651],[118.413325,24.625001]]}},{"type":"Feature","properties":{"id":"osm-way-606025657","layer":"roads","category":"road-primary","name":null,"referenceEra":"modern_reference","source":"OpenStreetMap contributors","license":"ODbL-1.0"},"geometry":{"type":"LineString","coordinates":[[117.973006,24.489998],[117.976119,24.490281],[117.987244,24.492436],[117.98911,24.492454],[117.997114,24.491212],[118.003128,24.490941]]}},{"type":"Feature","properties":{"id":"osm-way-606025659","layer":"roads","category":"road-primary","name":null,"referenceEra":"modern_reference","source":"OpenStreetMap contributors","license":"ODbL-1.0"},"geometry":{"type":"LineString","coordinates":[[118.003118,24.491037],[117.997139,24.491369],[117.989294,24.492545],[117.986992,24.492591],[117.977057,24.490525],[117.97295,24.490142]]}},{"type":"Feature","properties":{"id":"osm-way-622478597","layer":"roads","category":"road-primary","name":null,"referenceEra":"modern_reference","source":"OpenStreetMap contributors","license":"ODbL-1.0"},"geometry":{"type":"LineString","coordinates":[[118.582386,24.653641],[118.586184,24.656203],[118.5873,24.657524],[118.587745,24.658484],[118.588137,24.661171],[118.587132,24.665705]]}},{"type":"Feature","properties":{"id":"osm-way-627497868","layer":"roads","category":"road-primary","name":"杏前路","referenceEra":"modern_reference","source":"OpenStreetMap contributors","license":"ODbL-1.0"},"geometry":{"type":"LineString","coordinates":[[118.035818,24.57387],[118.0334,24.573962],[118.029683,24.575695],[118.028103,24.577127],[118.026218,24.579825],[118.02481,24.581187]]}},{"type":"Feature","properties":{"id":"osm-way-662485078","layer":"roads","category":"road-primary","name":null,"referenceEra":"modern_reference","source":"OpenStreetMap contributors","license":"ODbL-1.0"},"geometry":{"type":"LineString","coordinates":[[118.020072,24.558534],[118.017446,24.56108],[118.01585,24.563762],[118.015365,24.565458],[118.015412,24.574696],[118.015961,24.577569]]}},{"type":"Feature","properties":{"id":"osm-way-663009519","layer":"roads","category":"road-primary","name":null,"referenceEra":"modern_reference","source":"OpenStreetMap contributors","license":"ODbL-1.0"},"geometry":{"type":"LineString","coordinates":[[118.284384,24.690737],[118.280738,24.691979],[118.27035,24.696267],[118.267423,24.696809],[118.265662,24.696846],[118.258098,24.696147]]}},{"type":"Feature","properties":{"id":"osm-way-663529599","layer":"roads","category":"road-primary","name":"沿海大通道","referenceEra":"modern_reference","source":"OpenStreetMap contributors","license":"ODbL-1.0"},"geometry":{"type":"LineString","coordinates":[[118.539692,24.602783],[118.543807,24.597423],[118.545721,24.595514],[118.548298,24.59393],[118.563235,24.586684],[118.56822,24.582968]]}},{"type":"Feature","properties":{"id":"osm-way-764624127","layer":"roads","category":"road-primary","name":null,"referenceEra":"modern_reference","source":"OpenStreetMap contributors","license":"ODbL-1.0"},"geometry":{"type":"LineString","coordinates":[[117.95,24.543109],[117.95492,24.53589],[117.956235,24.533116],[117.95639,24.53122],[117.955423,24.524894],[117.955542,24.52085]]}},{"type":"Feature","properties":{"id":"osm-way-771261536","layer":"roads","category":"road-primary","name":"沙美路","referenceEra":"modern_reference","source":"OpenStreetMap contributors","license":"ODbL-1.0"},"geometry":{"type":"LineString","coordinates":[[118.32287,24.6193],[118.321472,24.619026],[118.317931,24.617559],[118.316322,24.616328],[118.315646,24.614638],[118.31513,24.605686]]}},{"type":"Feature","properties":{"id":"osm-way-773639109","layer":"roads","category":"road-primary","name":null,"referenceEra":"modern_reference","source":"OpenStreetMap contributors","license":"ODbL-1.0"},"geometry":{"type":"LineString","coordinates":[[117.95641,24.521359],[117.956332,24.52751],[117.956734,24.530768],[117.956344,24.53311],[117.95515,24.53578],[117.95,24.54329]]}},{"type":"Feature","properties":{"id":"osm-way-773639127","layer":"roads","category":"road-primary","name":"海新路","referenceEra":"modern_reference","source":"OpenStreetMap contributors","license":"ODbL-1.0"},"geometry":{"type":"LineString","coordinates":[[117.987901,24.496168],[117.986848,24.499024],[117.982258,24.503285],[117.98093,24.505326],[117.980579,24.506867],[117.981263,24.512932]]}},{"type":"Feature","properties":{"id":"osm-way-837680189","layer":"roads","category":"road-primary","name":"漳武高速","referenceEra":"modern_reference","source":"OpenStreetMap contributors","license":"ODbL-1.0"},"geometry":{"type":"LineString","coordinates":[[118.00642,24.3544],[118.003276,24.355146],[118.001146,24.355371],[117.994569,24.355165],[117.988524,24.355683],[117.983995,24.355494]]}},{"type":"Feature","properties":{"id":"osm-way-837685743","layer":"roads","category":"road-primary","name":"蔡尖尾山隧道","referenceEra":"modern_reference","source":"OpenStreetMap contributors","license":"ODbL-1.0"},"geometry":{"type":"LineString","coordinates":[[118.036425,24.518544],[118.033789,24.518076],[118.021681,24.514562],[118.017437,24.513883],[118.002971,24.51306],[117.994965,24.513267]]}},{"type":"Feature","properties":{"id":"osm-way-837702219","layer":"roads","category":"road-primary","name":"滨海大道","referenceEra":"modern_reference","source":"OpenStreetMap contributors","license":"ODbL-1.0"},"geometry":{"type":"LineString","coordinates":[[118.413564,24.7],[118.415852,24.694392],[118.418993,24.688111],[118.425197,24.683757],[118.426973,24.682921],[118.430457,24.680731]]}},{"type":"Feature","properties":{"id":"osm-way-837705757","layer":"roads","category":"road-primary","name":"安东路","referenceEra":"modern_reference","source":"OpenStreetMap contributors","license":"ODbL-1.0"},"geometry":{"type":"LineString","coordinates":[[118.466764,24.694701],[118.466523,24.693266],[118.46666,24.688048],[118.468187,24.683323],[118.468221,24.681913],[118.466429,24.677187]]}},{"type":"Feature","properties":{"id":"osm-way-840775800","layer":"roads","category":"road-primary","name":"海新路","referenceEra":"modern_reference","source":"OpenStreetMap contributors","license":"ODbL-1.0"},"geometry":{"type":"LineString","coordinates":[[117.981104,24.512951],[117.98041,24.50694],[117.980809,24.505289],[117.981627,24.503818],[117.986005,24.499253],[117.987405,24.496833]]}},{"type":"Feature","properties":{"id":"osm-way-840775807","layer":"roads","category":"road-primary","name":"莲前西路","referenceEra":"modern_reference","source":"OpenStreetMap contributors","license":"ODbL-1.0"},"geometry":{"type":"LineString","coordinates":[[118.138338,24.480514],[118.136551,24.48057],[118.12901,24.478966],[118.121597,24.479499],[118.118058,24.479225],[118.116064,24.479511]]}},{"type":"Feature","properties":{"id":"osm-way-895649850","layer":"roads","category":"road-primary","name":null,"referenceEra":"modern_reference","source":"OpenStreetMap contributors","license":"ODbL-1.0"},"geometry":{"type":"LineString","coordinates":[[118.071028,24.649494],[118.065198,24.653805],[118.063658,24.655414],[118.063465,24.655356],[118.06464,24.653902],[118.07078,24.649359]]}},{"type":"Feature","properties":{"id":"osm-way-991779134","layer":"roads","category":"road-primary","name":null,"referenceEra":"modern_reference","source":"OpenStreetMap contributors","license":"ODbL-1.0"},"geometry":{"type":"LineString","coordinates":[[118.268639,24.593898],[118.270578,24.591876],[118.272395,24.589068],[118.274163,24.587056],[118.279002,24.582524],[118.282714,24.579902]]}},{"type":"Feature","properties":{"id":"osm-way-1084917325","layer":"roads","category":"road-primary","name":null,"referenceEra":"modern_reference","source":"OpenStreetMap contributors","license":"ODbL-1.0"},"geometry":{"type":"LineString","coordinates":[[117.960351,24.554891],[117.96339,24.556744],[117.965873,24.559422],[117.967427,24.560624],[117.969842,24.561575],[117.972038,24.56177]]}},{"type":"Feature","properties":{"id":"osm-way-1348514581","layer":"roads","category":"road-primary","name":"漳武高速","referenceEra":"modern_reference","source":"OpenStreetMap contributors","license":"ODbL-1.0"},"geometry":{"type":"LineString","coordinates":[[118.00656,24.354246],[118.009778,24.353513],[118.015351,24.353367],[118.017407,24.352991],[118.019318,24.35184],[118.021453,24.348724]]}},{"type":"Feature","properties":{"id":"osm-way-1348514583","layer":"roads","category":"road-primary","name":"漳武高速","referenceEra":"modern_reference","source":"OpenStreetMap contributors","license":"ODbL-1.0"},"geometry":{"type":"LineString","coordinates":[[118.021575,24.348772],[118.0194,24.351915],[118.017494,24.353101],[118.015346,24.353513],[118.009756,24.35365],[118.006595,24.354352]]}},{"type":"Feature","properties":{"id":"osm-way-1420858210","layer":"roads","category":"road-primary","name":null,"referenceEra":"modern_reference","source":"OpenStreetMap contributors","license":"ODbL-1.0"},"geometry":{"type":"LineString","coordinates":[[117.987016,24.315537],[117.983849,24.312881],[117.97787,24.310109],[117.973017,24.308887],[117.970644,24.307981],[117.963871,24.30383]]}},{"type":"Feature","properties":{"id":"osm-way-1443648358","layer":"roads","category":"road-primary","name":"翔安西路","referenceEra":"modern_reference","source":"OpenStreetMap contributors","license":"ODbL-1.0"},"geometry":{"type":"LineString","coordinates":[[118.216389,24.633247],[118.215797,24.630266],[118.214436,24.627735],[118.213949,24.626303],[118.21362,24.624639],[118.213353,24.62028]]}},{"type":"Feature","properties":{"id":"osm-way-1445680836","layer":"roads","category":"road-primary","name":null,"referenceEra":"modern_reference","source":"OpenStreetMap contributors","license":"ODbL-1.0"},"geometry":{"type":"LineString","coordinates":[[118.286187,24.578754],[118.281926,24.580476],[118.278149,24.583445],[118.273397,24.58807],[118.270152,24.592772],[118.268791,24.594066]]}},{"type":"Feature","properties":{"id":"osm-way-1467507558","layer":"roads","category":"road-primary","name":"环岛东路","referenceEra":"modern_reference","source":"OpenStreetMap contributors","license":"ODbL-1.0"},"geometry":{"type":"LineString","coordinates":[[118.191766,24.496387],[118.193239,24.489785],[118.19309,24.487785],[118.192701,24.486406],[118.187776,24.476535],[118.18268,24.469228]]}},{"type":"Feature","properties":{"id":"osm-way-66216735","layer":"roads","category":"road-primary","name":"翔安隧道","referenceEra":"modern_reference","source":"OpenStreetMap contributors","license":"ODbL-1.0"},"geometry":{"type":"LineString","coordinates":[[118.217943,24.560702],[118.216784,24.558198],[118.213533,24.553323],[118.21151,24.550756],[118.180685,24.517855]]}},{"type":"Feature","properties":{"id":"osm-way-66218553","layer":"roads","category":"road-primary","name":"延平大道","referenceEra":"modern_reference","source":"OpenStreetMap contributors","license":"ODbL-1.0"},"geometry":{"type":"LineString","coordinates":[[118.39815,24.681553],[118.403351,24.674786],[118.409846,24.668087],[118.411339,24.664645],[118.413599,24.661716]]}},{"type":"Feature","properties":{"id":"osm-way-66218554","layer":"roads","category":"road-primary","name":"翔安隧道","referenceEra":"modern_reference","source":"OpenStreetMap contributors","license":"ODbL-1.0"},"geometry":{"type":"LineString","coordinates":[[118.181166,24.517575],[118.182165,24.518917],[118.212553,24.551271],[118.217277,24.557757],[118.21857,24.560462]]}},{"type":"Feature","properties":{"id":"osm-way-68757214","layer":"roads","category":"road-primary","name":null,"referenceEra":"modern_reference","source":"OpenStreetMap contributors","license":"ODbL-1.0"},"geometry":{"type":"LineString","coordinates":[[117.956273,24.528607],[117.956646,24.531309],[117.956019,24.534574],[117.955225,24.536076],[117.95,24.543635]]}},{"type":"Feature","properties":{"id":"osm-way-127162218","layer":"roads","category":"road-primary","name":"成功大道","referenceEra":"modern_reference","source":"OpenStreetMap contributors","license":"ODbL-1.0"},"geometry":{"type":"LineString","coordinates":[[118.112904,24.538093],[118.112928,24.536712],[118.112191,24.53447],[118.112447,24.533543],[118.113075,24.533006]]}},{"type":"Feature","properties":{"id":"osm-way-127162394","layer":"roads","category":"road-primary","name":"长岸路","referenceEra":"modern_reference","source":"OpenStreetMap contributors","license":"ODbL-1.0"},"geometry":{"type":"LineString","coordinates":[[118.089642,24.516306],[118.087417,24.508525],[118.086501,24.507339],[118.082768,24.504168],[118.081433,24.501675]]}},{"type":"Feature","properties":{"id":"osm-way-127429751","layer":"roads","category":"road-primary","name":"枋钟路","referenceEra":"modern_reference","source":"OpenStreetMap contributors","license":"ODbL-1.0"},"geometry":{"type":"LineString","coordinates":[[118.130531,24.532971],[118.135041,24.536326],[118.146832,24.540456],[118.148839,24.541574],[118.150589,24.543022]]}},{"type":"Feature","properties":{"id":"osm-way-127429883","layer":"roads","category":"road-primary","name":"机场下穿隧道","referenceEra":"modern_reference","source":"OpenStreetMap contributors","license":"ODbL-1.0"},"geometry":{"type":"LineString","coordinates":[[118.145246,24.551258],[118.144374,24.553506],[118.143229,24.555179],[118.141156,24.556954],[118.13922,24.558152]]}},{"type":"Feature","properties":{"id":"osm-way-127429887","layer":"roads","category":"road-primary","name":"机场下穿隧道","referenceEra":"modern_reference","source":"OpenStreetMap contributors","license":"ODbL-1.0"},"geometry":{"type":"LineString","coordinates":[[118.139018,24.558021],[118.141035,24.556748],[118.143107,24.554972],[118.144328,24.553057],[118.144998,24.551188]]}},{"type":"Feature","properties":{"id":"osm-way-128671326","layer":"roads","category":"road-primary","name":null,"referenceEra":"modern_reference","source":"OpenStreetMap contributors","license":"ODbL-1.0"},"geometry":{"type":"LineString","coordinates":[[118.145379,24.459892],[118.144305,24.464595],[118.144001,24.467336],[118.14422,24.470444],[118.145012,24.473385]]}},{"type":"Feature","properties":{"id":"osm-way-128671327","layer":"roads","category":"road-primary","name":null,"referenceEra":"modern_reference","source":"OpenStreetMap contributors","license":"ODbL-1.0"},"geometry":{"type":"LineString","coordinates":[[118.144776,24.473476],[118.143981,24.470418],[118.14377,24.467336],[118.144036,24.464586],[118.145037,24.459818]]}},{"type":"Feature","properties":{"id":"osm-way-128826900","layer":"roads","category":"road-primary","name":"环岛干道","referenceEra":"modern_reference","source":"OpenStreetMap contributors","license":"ODbL-1.0"},"geometry":{"type":"LineString","coordinates":[[118.177532,24.475033],[118.176218,24.471556],[118.175472,24.47015],[118.174271,24.468664],[118.1739,24.46742]]}},{"type":"Feature","properties":{"id":"osm-way-128827166","layer":"roads","category":"road-primary","name":"环岛干道","referenceEra":"modern_reference","source":"OpenStreetMap contributors","license":"ODbL-1.0"},"geometry":{"type":"LineString","coordinates":[[118.183255,24.488353],[118.183809,24.493891],[118.183103,24.49716],[118.183077,24.498683],[118.184924,24.505697]]}},{"type":"Feature","properties":{"id":"osm-way-129281099","layer":"roads","category":"road-primary","name":"吕岭路","referenceEra":"modern_reference","source":"OpenStreetMap contributors","license":"ODbL-1.0"},"geometry":{"type":"LineString","coordinates":[[118.126769,24.494401],[118.129681,24.494983],[118.132474,24.495052],[118.134037,24.494993],[118.136068,24.494169]]}},{"type":"Feature","properties":{"id":"osm-way-173915796","layer":"roads","category":"road-primary","name":"海翔大道","referenceEra":"modern_reference","source":"OpenStreetMap contributors","license":"ODbL-1.0"},"geometry":{"type":"LineString","coordinates":[[118.110844,24.648379],[118.1118,24.650519],[118.113445,24.652264],[118.114965,24.653006],[118.118683,24.654121]]}},{"type":"Feature","properties":{"id":"osm-way-174028279","layer":"roads","category":"road-primary","name":"同安大桥","referenceEra":"modern_reference","source":"OpenStreetMap contributors","license":"ODbL-1.0"},"geometry":{"type":"LineString","coordinates":[[118.168296,24.63981],[118.171016,24.639293],[118.175683,24.639079],[118.17873,24.638562],[118.187736,24.635468]]}},{"type":"Feature","properties":{"id":"osm-way-174028281","layer":"roads","category":"road-primary","name":"同安大桥","referenceEra":"modern_reference","source":"OpenStreetMap contributors","license":"ODbL-1.0"},"geometry":{"type":"LineString","coordinates":[[118.187785,24.635573],[118.179342,24.638542],[118.175994,24.639167],[118.170705,24.639498],[118.168358,24.639923]]}},{"type":"Feature","properties":{"id":"osm-way-174028961","layer":"roads","category":"road-primary","name":"滨海西大道","referenceEra":"modern_reference","source":"OpenStreetMap contributors","license":"ODbL-1.0"},"geometry":{"type":"LineString","coordinates":[[118.15689,24.7],[118.158373,24.695311],[118.16068,24.692002],[118.161053,24.690493],[118.1609,24.688185]]}},{"type":"Feature","properties":{"id":"osm-way-177267830","layer":"roads","category":"road-primary","name":"海翔大道","referenceEra":"modern_reference","source":"OpenStreetMap contributors","license":"ODbL-1.0"},"geometry":{"type":"LineString","coordinates":[[118.214893,24.633623],[118.211698,24.633782],[118.195649,24.633598],[118.1908,24.634525],[118.187785,24.635573]]}},{"type":"Feature","properties":{"id":"osm-way-177475836","layer":"roads","category":"road-primary","name":"海翔大道","referenceEra":"modern_reference","source":"OpenStreetMap contributors","license":"ODbL-1.0"},"geometry":{"type":"LineString","coordinates":[[118.152797,24.646197],[118.14929,24.651878],[118.147733,24.653659],[118.144748,24.655659],[118.140693,24.656832]]}},{"type":"Feature","properties":{"id":"osm-way-177498692","layer":"roads","category":"road-primary","name":"成功大道","referenceEra":"modern_reference","source":"OpenStreetMap contributors","license":"ODbL-1.0"},"geometry":{"type":"LineString","coordinates":[[118.132479,24.511308],[118.132236,24.518808],[118.131889,24.5201],[118.130438,24.521745],[118.124826,24.526407]]}},{"type":"Feature","properties":{"id":"osm-way-177694906","layer":"roads","category":"road-primary","name":"成功大道","referenceEra":"modern_reference","source":"OpenStreetMap contributors","license":"ODbL-1.0"},"geometry":{"type":"LineString","coordinates":[[118.124736,24.526315],[118.131134,24.520896],[118.131819,24.519893],[118.132073,24.518792],[118.132363,24.5113]]}},{"type":"Feature","properties":{"id":"osm-way-177694922","layer":"roads","category":"road-primary","name":"环岛干道","referenceEra":"modern_reference","source":"OpenStreetMap contributors","license":"ODbL-1.0"},"geometry":{"type":"LineString","coordinates":[[118.176261,24.520361],[118.17631,24.522786],[118.176099,24.523881],[118.175462,24.524994],[118.174543,24.525748]]}},{"type":"Feature","properties":{"id":"osm-way-177861894","layer":"roads","category":"road-primary","name":"长岸路","referenceEra":"modern_reference","source":"OpenStreetMap contributors","license":"ODbL-1.0"},"geometry":{"type":"LineString","coordinates":[[118.101763,24.538086],[118.103302,24.540126],[118.104286,24.542095],[118.104813,24.544307],[118.104697,24.54682]]}},{"type":"Feature","properties":{"id":"osm-way-178282128","layer":"roads","category":"road-primary","name":"田集连接线","referenceEra":"modern_reference","source":"OpenStreetMap contributors","license":"ODbL-1.0"},"geometry":{"type":"LineString","coordinates":[[118.089243,24.608235],[118.088825,24.610351],[118.087609,24.613157],[118.08608,24.61532],[118.084368,24.617028]]}},{"type":"Feature","properties":{"id":"osm-way-178282129","layer":"roads","category":"road-primary","name":"长岸路","referenceEra":"modern_reference","source":"OpenStreetMap contributors","license":"ODbL-1.0"},"geometry":{"type":"LineString","coordinates":[[118.081511,24.501657],[118.082834,24.504114],[118.086567,24.507286],[118.087519,24.508522],[118.089587,24.515663]]}},{"type":"Feature","properties":{"id":"osm-way-179613755","layer":"roads","category":"road-primary","name":"田集连接线","referenceEra":"modern_reference","source":"OpenStreetMap contributors","license":"ODbL-1.0"},"geometry":{"type":"LineString","coordinates":[[118.084268,24.616937],[118.08636,24.614722],[118.087615,24.612811],[118.088538,24.610545],[118.088996,24.608375]]}},{"type":"Feature","properties":{"id":"osm-way-180088964","layer":"roads","category":"road-primary","name":"沈海高速","referenceEra":"modern_reference","source":"OpenStreetMap contributors","license":"ODbL-1.0"},"geometry":{"type":"LineString","coordinates":[[117.998694,24.592851],[117.993387,24.588783],[117.989805,24.58672],[117.986219,24.58521],[117.975362,24.581837]]}},{"type":"Feature","properties":{"id":"osm-way-190067081","layer":"roads","category":"road-primary","name":"沈海高速","referenceEra":"modern_reference","source":"OpenStreetMap contributors","license":"ODbL-1.0"},"geometry":{"type":"LineString","coordinates":[[118.284345,24.680892],[118.29046,24.680187],[118.299693,24.678649],[118.304721,24.678689],[118.308249,24.679306]]}},{"type":"Feature","properties":{"id":"osm-way-219404282","layer":"roads","category":"road-primary","name":null,"referenceEra":"modern_reference","source":"OpenStreetMap contributors","license":"ODbL-1.0"},"geometry":{"type":"LineString","coordinates":[[118.213422,24.695407],[118.210109,24.695624],[118.20715,24.696159],[118.204663,24.696874],[118.199815,24.699047]]}},{"type":"Feature","properties":{"id":"osm-way-219404289","layer":"roads","category":"road-primary","name":"沈海高速","referenceEra":"modern_reference","source":"OpenStreetMap contributors","license":"ODbL-1.0"},"geometry":{"type":"LineString","coordinates":[[118.308202,24.679469],[118.304675,24.678859],[118.299703,24.678823],[118.288627,24.680613],[118.284355,24.681039]]}},{"type":"Feature","properties":{"id":"osm-way-219408224","layer":"roads","category":"road-primary","name":"兴东路","referenceEra":"modern_reference","source":"OpenStreetMap contributors","license":"ODbL-1.0"},"geometry":{"type":"LineString","coordinates":[[118.465982,24.676128],[118.464863,24.674978],[118.455011,24.670121],[118.449259,24.665065],[118.448416,24.663766]]}},{"type":"Feature","properties":{"id":"osm-way-229505546","layer":"roads","category":"road-primary","name":"福厦高速","referenceEra":"modern_reference","source":"OpenStreetMap contributors","license":"ODbL-1.0"},"geometry":{"type":"LineString","coordinates":[[118.49209,24.667114],[118.499019,24.672333],[118.502442,24.674453],[118.506256,24.67551],[118.509583,24.675593]]}},{"type":"Feature","properties":{"id":"osm-way-239975794","layer":"roads","category":"road-primary","name":null,"referenceEra":"modern_reference","source":"OpenStreetMap contributors","license":"ODbL-1.0"},"geometry":{"type":"LineString","coordinates":[[118.003172,24.321695],[118.004335,24.322043],[118.00707,24.322315],[118.008077,24.321937],[118.009619,24.320696]]}},{"type":"Feature","properties":{"id":"osm-way-240398998","layer":"roads","category":"road-primary","name":"同安大道","referenceEra":"modern_reference","source":"OpenStreetMap contributors","license":"ODbL-1.0"},"geometry":{"type":"LineString","coordinates":[[118.10136,24.67676],[118.100237,24.687032],[118.0978,24.696011],[118.09782,24.698015],[118.09823,24.7]]}},{"type":"Feature","properties":{"id":"osm-way-297398447","layer":"roads","category":"road-primary","name":"滨海西大道","referenceEra":"modern_reference","source":"OpenStreetMap contributors","license":"ODbL-1.0"},"geometry":{"type":"LineString","coordinates":[[118.164094,24.674797],[118.162652,24.678255],[118.161902,24.682659],[118.160651,24.68536],[118.160794,24.68696]]}},{"type":"Feature","properties":{"id":"osm-way-330755220","layer":"roads","category":"road-primary","name":"晋长高速","referenceEra":"modern_reference","source":"OpenStreetMap contributors","license":"ODbL-1.0"},"geometry":{"type":"LineString","coordinates":[[118.585313,24.676217],[118.58623,24.678303],[118.586676,24.680571],[118.586614,24.682375],[118.586102,24.684443]]}},{"type":"Feature","properties":{"id":"osm-way-330755221","layer":"roads","category":"road-primary","name":"晋长高速","referenceEra":"modern_reference","source":"OpenStreetMap contributors","license":"ODbL-1.0"},"geometry":{"type":"LineString","coordinates":[[118.586012,24.684369],[118.586505,24.682382],[118.586568,24.680562],[118.586133,24.678336],[118.585206,24.676255]]}},{"type":"Feature","properties":{"id":"osm-way-346692341","layer":"roads","category":"road-primary","name":"长岸路","referenceEra":"modern_reference","source":"OpenStreetMap contributors","license":"ODbL-1.0"},"geometry":{"type":"LineString","coordinates":[[118.103923,24.548728],[118.104383,24.546622],[118.104241,24.543572],[118.10334,24.540776],[118.10165,24.53817]]}},{"type":"Feature","properties":{"id":"osm-way-405167169","layer":"roads","category":"road-primary","name":"集美大桥","referenceEra":"modern_reference","source":"OpenStreetMap contributors","license":"ODbL-1.0"},"geometry":{"type":"LineString","coordinates":[[118.110027,24.583876],[118.120711,24.576991],[118.123328,24.574953],[118.1265,24.571712],[118.136585,24.559845]]}},{"type":"Feature","properties":{"id":"osm-way-405167172","layer":"roads","category":"road-primary","name":"集美大桥","referenceEra":"modern_reference","source":"OpenStreetMap contributors","license":"ODbL-1.0"},"geometry":{"type":"LineString","coordinates":[[118.136856,24.559913],[118.125894,24.572697],[118.123467,24.575097],[118.120913,24.577091],[118.109951,24.58417]]}},{"type":"Feature","properties":{"id":"osm-way-405694209","layer":"roads","category":"road-primary","name":"兴东路","referenceEra":"modern_reference","source":"OpenStreetMap contributors","license":"ODbL-1.0"},"geometry":{"type":"LineString","coordinates":[[118.448534,24.663709],[118.449361,24.664986],[118.455079,24.670042],[118.464928,24.674896],[118.46606,24.67596]]}},{"type":"Feature","properties":{"id":"osm-way-406442268","layer":"roads","category":"road-primary","name":"莲前西路","referenceEra":"modern_reference","source":"OpenStreetMap contributors","license":"ODbL-1.0"},"geometry":{"type":"LineString","coordinates":[[118.123907,24.479096],[118.128921,24.478791],[118.130409,24.478947],[118.136026,24.480347],[118.138368,24.480321]]}},{"type":"Feature","properties":{"id":"osm-way-422434562","layer":"roads","category":"road-primary","name":"吕岭路","referenceEra":"modern_reference","source":"OpenStreetMap contributors","license":"ODbL-1.0"},"geometry":{"type":"LineString","coordinates":[[118.169155,24.487124],[118.158151,24.488614],[118.151156,24.488927],[118.149451,24.489404],[118.148742,24.489898]]}},{"type":"Feature","properties":{"id":"osm-way-441793405","layer":"roads","category":"road-primary","name":"湖滨中路","referenceEra":"modern_reference","source":"OpenStreetMap contributors","license":"ODbL-1.0"},"geometry":{"type":"LineString","coordinates":[[118.086367,24.493049],[118.086549,24.49278],[118.087479,24.49262],[118.088346,24.491104],[118.088683,24.489712]]}},{"type":"Feature","properties":{"id":"osm-way-465570233","layer":"roads","category":"road-primary","name":"沙美路","referenceEra":"modern_reference","source":"OpenStreetMap contributors","license":"ODbL-1.0"},"geometry":{"type":"LineString","coordinates":[[118.315269,24.605646],[118.315836,24.614615],[118.316415,24.616274],[118.317813,24.617393],[118.32287,24.6193]]}},{"type":"Feature","properties":{"id":"osm-way-472075004","layer":"roads","category":"road-primary","name":"吕岭路","referenceEra":"modern_reference","source":"OpenStreetMap contributors","license":"ODbL-1.0"},"geometry":{"type":"LineString","coordinates":[[118.136099,24.494222],[118.13405,24.495052],[118.132477,24.495111],[118.129669,24.495041],[118.126742,24.494456]]}},{"type":"Feature","properties":{"id":"osm-way-472296944","layer":"roads","category":"road-primary","name":"贤林大道","referenceEra":"modern_reference","source":"OpenStreetMap contributors","license":"ODbL-1.0"},"geometry":{"type":"LineString","coordinates":[[118.588328,24.540827],[118.585701,24.5384],[118.580575,24.532745],[118.573626,24.528458],[118.570884,24.526022]]}},{"type":"Feature","properties":{"id":"osm-way-472348389","layer":"roads","category":"road-primary","name":null,"referenceEra":"modern_reference","source":"OpenStreetMap contributors","license":"ODbL-1.0"},"geometry":{"type":"LineString","coordinates":[[118.154852,24.687428],[118.151753,24.686524],[118.149558,24.68627],[118.147048,24.686337],[118.143227,24.686958]]}},{"type":"Feature","properties":{"id":"osm-way-472348409","layer":"roads","category":"road-primary","name":"滨海西大道","referenceEra":"modern_reference","source":"OpenStreetMap contributors","license":"ODbL-1.0"},"geometry":{"type":"LineString","coordinates":[[118.160538,24.686978],[118.160474,24.685265],[118.161809,24.68242],[118.162314,24.678318],[118.163935,24.67474]]}},{"type":"Feature","properties":{"id":"osm-way-472348432","layer":"roads","category":"road-primary","name":"滨海西大道","referenceEra":"modern_reference","source":"OpenStreetMap contributors","license":"ODbL-1.0"},"geometry":{"type":"LineString","coordinates":[[118.112366,24.586772],[118.116028,24.589567],[118.120889,24.595135],[118.121688,24.596845],[118.121533,24.600253]]}},{"type":"Feature","properties":{"id":"osm-way-474172399","layer":"roads","category":"road-primary","name":"翔安南路","referenceEra":"modern_reference","source":"OpenStreetMap contributors","license":"ODbL-1.0"},"geometry":{"type":"LineString","coordinates":[[118.408093,24.621303],[118.398513,24.616126],[118.390304,24.615047],[118.386886,24.614883],[118.384815,24.614443]]}},{"type":"Feature","properties":{"id":"osm-way-511774383","layer":"roads","category":"road-primary","name":"成功大道","referenceEra":"modern_reference","source":"OpenStreetMap contributors","license":"ODbL-1.0"},"geometry":{"type":"LineString","coordinates":[[118.113124,24.533122],[118.112474,24.533879],[118.11258,24.534957],[118.113175,24.53509],[118.113465,24.534479]]}},{"type":"Feature","properties":{"id":"osm-way-521561655","layer":"roads","category":"road-primary","name":"嘉禾路","referenceEra":"modern_reference","source":"OpenStreetMap contributors","license":"ODbL-1.0"},"geometry":{"type":"LineString","coordinates":[[118.113725,24.514464],[118.115642,24.51098],[118.119289,24.507514],[118.120334,24.506163],[118.121401,24.501603]]}},{"type":"Feature","properties":{"id":"osm-way-538442009","layer":"roads","category":"road-primary","name":null,"referenceEra":"modern_reference","source":"OpenStreetMap contributors","license":"ODbL-1.0"},"geometry":{"type":"LineString","coordinates":[[118.241917,24.7],[118.249031,24.696688],[118.25161,24.69579],[118.254525,24.695598],[118.257878,24.69599]]}},{"type":"Feature","properties":{"id":"osm-way-538510099","layer":"roads","category":"road-primary","name":"海翔大道","referenceEra":"modern_reference","source":"OpenStreetMap contributors","license":"ODbL-1.0"},"geometry":{"type":"LineString","coordinates":[[118.140686,24.656739],[118.144731,24.655493],[118.147917,24.653288],[118.149344,24.651552],[118.15268,24.646128]]}},{"type":"Feature","properties":{"id":"osm-way-241185421","layer":"roads","category":"road-secondary","name":null,"referenceEra":"modern_reference","source":"OpenStreetMap contributors","license":"ODbL-1.0"},"geometry":{"type":"LineString","coordinates":[[118.073507,24.3],[118.073109,24.301223],[118.072195,24.302764],[118.071617,24.302951],[118.070646,24.302823],[118.069414,24.303186],[118.068325,24.302565],[118.068111,24.302168],[118.067569,24.302349],[118.066796,24.303644],[118.065956,24.304156],[118.064786,24.306032],[118.064072,24.306693],[118.063819,24.307968],[118.064205,24.309334],[118.063944,24.310015],[118.063269,24.310287],[118.063178,24.311524],[118.063391,24.312243],[118.062766,24.312157],[118.062042,24.312935],[118.061468,24.313124],[118.061198,24.313857],[118.059297,24.314816],[118.056617,24.317043],[118.055708,24.318281],[118.055656,24.318861],[118.051744,24.3227],[118.04985,24.323601],[118.049673,24.324368],[118.04727,24.326143],[118.044893,24.327155],[118.042721,24.328563],[118.042104,24.328391],[118.041889,24.328748],[118.041106,24.328998],[118.040779,24.32934],[118.04065,24.330322],[118.039969,24.330464],[118.038864,24.330146],[118.037383,24.330743],[118.036337,24.330454],[118.035404,24.330738],[118.034556,24.330532],[118.032606,24.330719]]}},{"type":"Feature","properties":{"id":"osm-way-276983346","layer":"roads","category":"road-secondary","name":null,"referenceEra":"modern_reference","source":"OpenStreetMap contributors","license":"ODbL-1.0"},"geometry":{"type":"LineString","coordinates":[[118.140893,24.476841],[118.141026,24.476445],[118.141896,24.476277],[118.14266,24.475304],[118.141284,24.475368],[118.140621,24.474284],[118.139945,24.474054],[118.139882,24.473149],[118.13646,24.472576],[118.134105,24.47056],[118.134218,24.470309],[118.135056,24.470446],[118.135441,24.470182],[118.135524,24.468591],[118.134852,24.467387],[118.135962,24.466814],[118.1364,24.464052],[118.137121,24.46356],[118.138649,24.463781],[118.139182,24.46411],[118.139818,24.463897],[118.139896,24.463627],[118.138507,24.461138],[118.138211,24.459536],[118.137503,24.458691],[118.13674,24.458645],[118.136087,24.45766],[118.134993,24.457241],[118.135324,24.455887],[118.134617,24.454666],[118.133376,24.454209],[118.132308,24.453233],[118.131676,24.452009],[118.130351,24.451197]]}},{"type":"Feature","properties":{"id":"osm-way-200371901","layer":"roads","category":"road-secondary","name":"环岛路","referenceEra":"modern_reference","source":"OpenStreetMap contributors","license":"ODbL-1.0"},"geometry":{"type":"LineString","coordinates":[[118.379651,24.562562],[118.380156,24.562045],[118.379523,24.561635],[118.378428,24.561508],[118.377656,24.560552],[118.377184,24.55944],[118.382741,24.555888],[118.383589,24.555936],[118.384265,24.556453],[118.385338,24.556756],[118.386099,24.556736],[118.387537,24.557429],[118.388374,24.557215],[118.388996,24.557566],[118.389468,24.557449],[118.390262,24.558113],[118.390949,24.559537],[118.392515,24.560259],[118.39258,24.560533],[118.392086,24.560942],[118.390284,24.561333],[118.390155,24.560318],[118.389464,24.559664],[118.387794,24.559654],[118.385047,24.560722],[118.384586,24.560179],[118.383856,24.560341],[118.383644,24.561418],[118.383079,24.56176],[118.381271,24.561625],[118.380426,24.562133],[118.380156,24.562045]]}},{"type":"Feature","properties":{"id":"osm-way-1084506544","layer":"roads","category":"road-secondary","name":null,"referenceEra":"modern_reference","source":"OpenStreetMap contributors","license":"ODbL-1.0"},"geometry":{"type":"LineString","coordinates":[[118.040625,24.3],[118.040012,24.30075],[118.040398,24.301112],[118.041283,24.301112],[118.04125,24.301912],[118.043839,24.301939],[118.044437,24.302278],[118.044703,24.30406],[118.044349,24.304618],[118.045542,24.304994],[118.045904,24.305919],[118.04483,24.306958],[118.044804,24.307271],[118.045508,24.308958],[118.046769,24.310086],[118.046611,24.311551],[118.046789,24.312476],[118.047647,24.314251],[118.046729,24.315356],[118.046621,24.316048],[118.046113,24.316831],[118.046326,24.317335],[118.04692,24.317631],[118.04712,24.318018],[118.047148,24.318473],[118.046604,24.319461],[118.048377,24.32009],[118.049209,24.321375],[118.051636,24.3216],[118.051847,24.322287],[118.05154,24.322822]]}},{"type":"Feature","properties":{"id":"osm-way-729832939","layer":"roads","category":"road-secondary","name":"店观路","referenceEra":"modern_reference","source":"OpenStreetMap contributors","license":"ODbL-1.0"},"geometry":{"type":"LineString","coordinates":[[118.027018,24.380142],[118.02696,24.379395],[118.026033,24.378433],[118.02579,24.377799],[118.026438,24.376092],[118.026433,24.375021],[118.026698,24.374606],[118.027464,24.374231],[118.027598,24.372926],[118.02844,24.371171],[118.028525,24.3705],[118.028497,24.369848],[118.027749,24.368908],[118.027704,24.367838],[118.026875,24.367193],[118.026843,24.366173],[118.027172,24.365643],[118.028079,24.365206],[118.028497,24.362947],[118.029819,24.362903],[118.030416,24.362447],[118.031295,24.363007],[118.031563,24.362884],[118.031164,24.361962],[118.030274,24.361296],[118.030372,24.36037],[118.029323,24.359103],[118.029002,24.357018]]}},{"type":"Feature","properties":{"id":"osm-way-105811356","layer":"roads","category":"road-secondary","name":"陽沙路","referenceEra":"modern_reference","source":"OpenStreetMap contributors","license":"ODbL-1.0"},"geometry":{"type":"LineString","coordinates":[[118.437587,24.504138],[118.438114,24.503449],[118.438796,24.503162],[118.439303,24.503005],[118.440116,24.503343],[118.441058,24.503363],[118.44271,24.50225],[118.443139,24.501451],[118.442773,24.500404],[118.443404,24.499831],[118.444068,24.498518],[118.443933,24.496281],[118.44493,24.495226],[118.445238,24.494227],[118.445284,24.49371],[118.444582,24.491366],[118.443639,24.490458],[118.443317,24.489746],[118.442133,24.488796],[118.440802,24.488376],[118.439738,24.486835],[118.43947,24.485891],[118.438279,24.483851],[118.435281,24.482043],[118.432177,24.481373],[118.429061,24.479014],[118.428546,24.477498]]}},{"type":"Feature","properties":{"id":"osm-way-729802727","layer":"roads","category":"road-secondary","name":"虎甲山路","referenceEra":"modern_reference","source":"OpenStreetMap contributors","license":"ODbL-1.0"},"geometry":{"type":"LineString","coordinates":[[118.057668,24.389915],[118.057063,24.390525],[118.056223,24.390868],[118.053615,24.390633],[118.052959,24.39079],[118.052239,24.391202],[118.051141,24.392484],[118.050238,24.392544],[118.049744,24.39194],[118.049821,24.389762],[118.049104,24.389182],[118.048119,24.38899],[118.046407,24.389524],[118.044367,24.388994],[118.042417,24.389703],[118.041436,24.389696],[118.040884,24.389271],[118.04042,24.386947],[118.040028,24.386418],[118.035851,24.385145],[118.033317,24.38139],[118.031165,24.380861],[118.029631,24.381245],[118.028532,24.380097],[118.027018,24.380142]]}},{"type":"Feature","properties":{"id":"osm-way-405694200","layer":"roads","category":"road-secondary","name":null,"referenceEra":"modern_reference","source":"OpenStreetMap contributors","license":"ODbL-1.0"},"geometry":{"type":"LineString","coordinates":[[118.542962,24.694339],[118.538114,24.693308],[118.535925,24.694361],[118.532052,24.694926],[118.527492,24.693639],[118.524928,24.692307],[118.523115,24.689916],[118.513995,24.687735],[118.5123,24.687998],[118.509382,24.687059],[118.507236,24.685139],[118.505584,24.68277],[118.5039,24.681408],[118.497816,24.680781],[118.489265,24.677246],[118.486562,24.675507],[118.483955,24.67113],[118.482764,24.669602],[118.482217,24.669463],[118.478891,24.67006],[118.47697,24.671042],[118.469953,24.667778]]}},{"type":"Feature","properties":{"id":"osm-way-895314396","layer":"roads","category":"road-secondary","name":"八一路","referenceEra":"modern_reference","source":"OpenStreetMap contributors","license":"ODbL-1.0"},"geometry":{"type":"LineString","coordinates":[[118.31281,24.637581],[118.31349,24.634643],[118.313836,24.634169],[118.316542,24.632945],[118.321433,24.628866],[118.322321,24.628672],[118.323509,24.628802],[118.324215,24.630641],[118.325744,24.631489],[118.326281,24.632213],[118.326332,24.632781],[118.325537,24.63524],[118.325951,24.638328],[118.3262,24.6389],[118.327573,24.640146],[118.32799,24.640997],[118.328622,24.643724],[118.328349,24.644905],[118.328389,24.646316],[118.32902,24.647003]]}},{"type":"Feature","properties":{"id":"osm-way-129196375","layer":"roads","category":"road-secondary","name":"文屏路","referenceEra":"modern_reference","source":"OpenStreetMap contributors","license":"ODbL-1.0"},"geometry":{"type":"LineString","coordinates":[[118.107403,24.461684],[118.109276,24.460978],[118.112186,24.459249],[118.112359,24.458709],[118.112001,24.45775],[118.112122,24.45717],[118.11695,24.453769],[118.117459,24.452677],[118.118523,24.452027],[118.119026,24.450157],[118.120093,24.449205],[118.120049,24.448105],[118.120649,24.445736],[118.119779,24.443757],[118.119063,24.443253],[118.118427,24.442202],[118.11689,24.440687],[118.116608,24.439095],[118.116969,24.436714]]}},{"type":"Feature","properties":{"id":"osm-way-155913316","layer":"roads","category":"road-secondary","name":null,"referenceEra":"modern_reference","source":"OpenStreetMap contributors","license":"ODbL-1.0"},"geometry":{"type":"LineString","coordinates":[[118.303238,24.559044],[118.305073,24.5584],[118.307149,24.556921],[118.3124,24.554584],[118.315038,24.55313],[118.315748,24.551569],[118.318784,24.548016],[118.319642,24.547397],[118.320436,24.548426],[118.323081,24.546904],[118.32734,24.545933],[118.329293,24.545874],[118.329883,24.547182],[118.331026,24.548012],[118.330744,24.549894],[118.330994,24.550329],[118.335425,24.550119],[118.335816,24.550368],[118.336149,24.551337]]}},{"type":"Feature","properties":{"id":"osm-way-895314397","layer":"roads","category":"road-secondary","name":null,"referenceEra":"modern_reference","source":"OpenStreetMap contributors","license":"ODbL-1.0"},"geometry":{"type":"LineString","coordinates":[[118.32902,24.647003],[118.328349,24.646376],[118.328269,24.645111],[118.328529,24.643919],[118.327784,24.640843],[118.327253,24.640008],[118.326035,24.638954],[118.325763,24.638366],[118.325368,24.635413],[118.326122,24.632257],[118.325742,24.631807],[118.324122,24.630909],[118.323255,24.628909],[118.322327,24.628706],[118.321441,24.628892],[118.316565,24.632964],[118.31386,24.634189],[118.313526,24.634658],[118.312836,24.637584]]}},{"type":"Feature","properties":{"id":"osm-way-149415595","layer":"roads","category":"road-secondary","name":"南山道","referenceEra":"modern_reference","source":"OpenStreetMap contributors","license":"ODbL-1.0"},"geometry":{"type":"LineString","coordinates":[[117.95,24.641052],[117.950776,24.641092],[117.950334,24.640562],[117.950678,24.640172],[117.950806,24.640669],[117.951815,24.641712],[117.952491,24.641985],[117.953587,24.641989],[117.954027,24.643022],[117.954316,24.642115],[117.95422,24.64155],[117.953296,24.640805],[117.95395,24.640503],[117.954669,24.640581],[117.954724,24.640058],[117.955368,24.639307],[117.956064,24.639031],[117.956479,24.637518]]}},{"type":"Feature","properties":{"id":"osm-way-606397581","layer":"roads","category":"road-secondary","name":"练车场路","referenceEra":"modern_reference","source":"OpenStreetMap contributors","license":"ODbL-1.0"},"geometry":{"type":"LineString","coordinates":[[118.047242,24.632261],[118.047331,24.637623],[118.047594,24.638506],[118.04942,24.641378],[118.052129,24.647193],[118.05447,24.647624],[118.055132,24.646902],[118.056485,24.647089],[118.059123,24.64977],[118.059025,24.650618],[118.058092,24.651035],[118.059189,24.650811],[118.059303,24.649622],[118.058272,24.648],[118.056996,24.646944],[118.057159,24.646795],[118.058321,24.647792],[118.058272,24.648]]}},{"type":"Feature","properties":{"id":"osm-way-106239762","layer":"roads","category":"road-secondary","name":"南環道","referenceEra":"modern_reference","source":"OpenStreetMap contributors","license":"ODbL-1.0"},"geometry":{"type":"LineString","coordinates":[[118.223322,24.413377],[118.220499,24.413379],[118.218043,24.412422],[118.22038,24.411475],[118.22608,24.410204],[118.225044,24.408279],[118.225027,24.407722],[118.226053,24.408167],[118.227254,24.409619],[118.231282,24.413368],[118.234327,24.415157],[118.236911,24.417077],[118.238164,24.417152],[118.242229,24.415115],[118.243169,24.416159],[118.243658,24.417025],[118.243776,24.417841]]}},{"type":"Feature","properties":{"id":"osm-way-196698257","layer":"roads","category":"road-secondary","name":null,"referenceEra":"modern_reference","source":"OpenStreetMap contributors","license":"ODbL-1.0"},"geometry":{"type":"LineString","coordinates":[[118.597384,24.588362],[118.594531,24.588157],[118.593013,24.588486],[118.586366,24.591652],[118.584601,24.591966],[118.582389,24.591236],[118.579686,24.589361],[118.578344,24.588747],[118.576997,24.588539],[118.575538,24.58869],[118.573418,24.589675],[118.569499,24.593553],[118.5653,24.59533],[118.563776,24.596867],[118.560674,24.599232],[118.556799,24.599782],[118.554251,24.600449]]}},{"type":"Feature","properties":{"id":"osm-way-540939408","layer":"roads","category":"road-secondary","name":"玉邬路","referenceEra":"modern_reference","source":"OpenStreetMap contributors","license":"ODbL-1.0"},"geometry":{"type":"LineString","coordinates":[[118.235185,24.587093],[118.235308,24.585654],[118.234802,24.582162],[118.233694,24.579368],[118.232351,24.577213],[118.229654,24.573792],[118.228585,24.573242],[118.226758,24.573124],[118.226692,24.572393],[118.226291,24.571841],[118.225182,24.57141],[118.225221,24.570414],[118.224889,24.569801],[118.222507,24.568306],[118.221242,24.56708],[118.219319,24.564779],[118.218313,24.562989]]}},{"type":"Feature","properties":{"id":"osm-way-933811030","layer":"roads","category":"road-secondary","name":null,"referenceEra":"modern_reference","source":"OpenStreetMap contributors","license":"ODbL-1.0"},"geometry":{"type":"LineString","coordinates":[[118.017015,24.624462],[118.018141,24.623592],[118.018914,24.622382],[118.019201,24.618386],[118.020243,24.616206],[118.02134,24.615146],[118.022958,24.614305],[118.026835,24.613359],[118.027895,24.612023],[118.029571,24.611645],[118.030932,24.611694],[118.034153,24.613034],[118.037521,24.61275],[118.038792,24.613134],[118.039799,24.614055],[118.041001,24.616255],[118.042489,24.617955]]}},{"type":"Feature","properties":{"id":"osm-way-105811315","layer":"roads","category":"road-secondary","name":"光華路一段","referenceEra":"modern_reference","source":"OpenStreetMap contributors","license":"ODbL-1.0"},"geometry":{"type":"LineString","coordinates":[[118.428683,24.50441],[118.429589,24.503148],[118.43242,24.500522],[118.432622,24.499959],[118.432493,24.498975],[118.431977,24.498359],[118.431595,24.497033],[118.428448,24.492075],[118.429129,24.490634],[118.42943,24.489208],[118.429336,24.487223],[118.428701,24.486005],[118.428935,24.485012],[118.428782,24.483563],[118.429829,24.480503],[118.429061,24.479014]]}},{"type":"Feature","properties":{"id":"osm-way-155913324","layer":"roads","category":"road-secondary","name":null,"referenceEra":"modern_reference","source":"OpenStreetMap contributors","license":"ODbL-1.0"},"geometry":{"type":"LineString","coordinates":[[118.337364,24.565436],[118.337509,24.562767],[118.337876,24.5622],[118.339217,24.561215],[118.339989,24.560997],[118.342575,24.561576],[118.344281,24.562522],[118.344233,24.562747],[118.341023,24.564607],[118.339228,24.566098],[118.337364,24.565436],[118.333746,24.566019],[118.331424,24.566729],[118.329357,24.566655],[118.325598,24.568581],[118.321204,24.566408]]}},{"type":"Feature","properties":{"id":"osm-way-196698260","layer":"roads","category":"road-secondary","name":null,"referenceEra":"modern_reference","source":"OpenStreetMap contributors","license":"ODbL-1.0"},"geometry":{"type":"LineString","coordinates":[[118.554238,24.60036],[118.556813,24.599689],[118.56063,24.599148],[118.5637,24.596785],[118.565357,24.595178],[118.569483,24.59343],[118.572735,24.59012],[118.574743,24.588772],[118.576348,24.588419],[118.578353,24.588631],[118.579405,24.589041],[118.583287,24.591514],[118.585061,24.591801],[118.586254,24.591558],[118.592686,24.588456],[118.594844,24.587974]]}},{"type":"Feature","properties":{"id":"osm-way-622478577","layer":"roads","category":"road-secondary","name":null,"referenceEra":"modern_reference","source":"OpenStreetMap contributors","license":"ODbL-1.0"},"geometry":{"type":"LineString","coordinates":[[118.549472,24.614597],[118.554136,24.611698],[118.555051,24.608721],[118.55661,24.606486],[118.558427,24.605252],[118.560608,24.604359],[118.565776,24.602443],[118.567804,24.602043],[118.568523,24.601477],[118.569606,24.600014],[118.570947,24.599829],[118.573662,24.600317],[118.574134,24.600053],[118.574971,24.60017],[118.578339,24.603038],[118.574205,24.606616]]}},{"type":"Feature","properties":{"id":"osm-way-1344991222","layer":"roads","category":"road-secondary","name":"锄山公路","referenceEra":"modern_reference","source":"OpenStreetMap contributors","license":"ODbL-1.0"},"geometry":{"type":"LineString","coordinates":[[118.327925,24.689423],[118.326838,24.690085],[118.326029,24.690093],[118.325671,24.690789],[118.324295,24.692007],[118.323093,24.691488],[118.322592,24.691623],[118.32234,24.694098],[118.321777,24.694364],[118.321431,24.695032],[118.320344,24.695269],[118.320309,24.696169],[118.319965,24.696672],[118.318822,24.697039],[118.319299,24.697617],[118.317588,24.7]]}},{"type":"Feature","properties":{"id":"osm-way-164551394","layer":"roads","category":"road-secondary","name":null,"referenceEra":"modern_reference","source":"OpenStreetMap contributors","license":"ODbL-1.0"},"geometry":{"type":"LineString","coordinates":[[118.118431,24.468062],[118.119332,24.467202],[118.120014,24.466081],[118.120893,24.465363],[118.121338,24.465321],[118.122797,24.4638],[118.123412,24.463468],[118.122907,24.462348],[118.123352,24.461749],[118.124136,24.461498],[118.123688,24.460841],[118.124299,24.459467],[118.124678,24.45756],[118.125525,24.456974],[118.127395,24.456346]]}},{"type":"Feature","properties":{"id":"osm-way-169058044","layer":"roads","category":"road-secondary","name":"翔安大道","referenceEra":"modern_reference","source":"OpenStreetMap contributors","license":"ODbL-1.0"},"geometry":{"type":"LineString","coordinates":[[118.223366,24.565998],[118.223448,24.566494],[118.224498,24.567924],[118.225862,24.569011],[118.227069,24.56945],[118.229195,24.569287],[118.229943,24.570168],[118.229535,24.571139],[118.229558,24.572139],[118.232058,24.575295],[118.23483,24.580149],[118.235912,24.583436],[118.236237,24.585577],[118.23616,24.586678],[118.236405,24.587314]]}},{"type":"Feature","properties":{"id":"osm-way-173713268","layer":"roads","category":"road-secondary","name":null,"referenceEra":"modern_reference","source":"OpenStreetMap contributors","license":"ODbL-1.0"},"geometry":{"type":"LineString","coordinates":[[118.121517,24.599139],[118.121798,24.600875],[118.122668,24.602273],[118.127406,24.604794],[118.128274,24.605648],[118.128677,24.606517],[118.128954,24.609712],[118.130346,24.614092],[118.131792,24.615054],[118.134896,24.61539],[118.135793,24.616087],[118.136735,24.617296],[118.13725,24.619],[118.136873,24.621989],[118.137328,24.622846]]}},{"type":"Feature","properties":{"id":"osm-way-201445429","layer":"roads","category":"road-secondary","name":"西岩公路","referenceEra":"modern_reference","source":"OpenStreetMap contributors","license":"ODbL-1.0"},"geometry":{"type":"LineString","coordinates":[[118.191039,24.604595],[118.192063,24.603582],[118.192876,24.601704],[118.193826,24.601438],[118.196218,24.60138],[118.197784,24.599172],[118.201,24.598275],[118.205072,24.599146],[118.208296,24.599451],[118.213671,24.601067],[118.215136,24.600948],[118.219213,24.602594],[118.22057,24.602628],[118.222702,24.603928],[118.223519,24.604133]]}},{"type":"Feature","properties":{"id":"osm-way-219500334","layer":"roads","category":"road-secondary","name":null,"referenceEra":"modern_reference","source":"OpenStreetMap contributors","license":"ODbL-1.0"},"geometry":{"type":"LineString","coordinates":[[118.499674,24.629648],[118.505497,24.636361],[118.508651,24.63924],[118.510702,24.641874],[118.519893,24.650465],[118.521197,24.652815],[118.522396,24.65589],[118.5229,24.657758],[118.523176,24.660528],[118.524664,24.662962],[118.529717,24.666232],[118.532256,24.666479],[118.535962,24.66782],[118.539622,24.670468],[118.541567,24.67268]]}},{"type":"Feature","properties":{"id":"osm-way-472355092","layer":"roads","category":"road-secondary","name":null,"referenceEra":"modern_reference","source":"OpenStreetMap contributors","license":"ODbL-1.0"},"geometry":{"type":"LineString","coordinates":[[118.49818,24.673633],[118.498766,24.674243],[118.498754,24.67489],[118.495595,24.678049],[118.494778,24.679591],[118.493779,24.682496],[118.492615,24.684462],[118.491176,24.686646],[118.486223,24.692507],[118.484971,24.694779],[118.479303,24.696706],[118.474724,24.697723],[118.471997,24.697806],[118.470582,24.699165],[118.470379,24.7]]}},{"type":"Feature","properties":{"id":"osm-way-589934545","layer":"roads","category":"road-secondary","name":"天水路","referenceEra":"modern_reference","source":"OpenStreetMap contributors","license":"ODbL-1.0"},"geometry":{"type":"LineString","coordinates":[[118.049854,24.642246],[118.045281,24.646574],[118.042919,24.648082],[118.03999,24.649133],[118.035647,24.649433],[118.034482,24.650049],[118.031219,24.655026],[118.031053,24.654927],[118.033975,24.650391],[118.034699,24.649755],[118.036297,24.64922],[118.039867,24.649053],[118.042801,24.647993],[118.045335,24.646336],[118.049801,24.642141]]}},{"type":"Feature","properties":{"id":"osm-way-105811327","layer":"roads","category":"road-secondary","name":"珠水路","referenceEra":"modern_reference","source":"OpenStreetMap contributors","license":"ODbL-1.0"},"geometry":{"type":"LineString","coordinates":[[118.299858,24.4109],[118.30183,24.409314],[118.304954,24.405893],[118.308736,24.401024],[118.309261,24.40002],[118.30915,24.399198],[118.309497,24.397883],[118.313179,24.395885],[118.314565,24.395719],[118.315194,24.396182],[118.31598,24.398064],[118.316922,24.399434],[118.319045,24.401685],[118.319099,24.402561]]}},{"type":"Feature","properties":{"id":"osm-way-260967171","layer":"roads","category":"road-secondary","name":null,"referenceEra":"modern_reference","source":"OpenStreetMap contributors","license":"ODbL-1.0"},"geometry":{"type":"LineString","coordinates":[[118.6,24.652732],[118.599144,24.652007],[118.588442,24.647837],[118.583675,24.644848],[118.582462,24.643152],[118.582177,24.638515],[118.580856,24.635044],[118.57973,24.633093],[118.574349,24.63028],[118.573657,24.626817],[118.572242,24.624704],[118.566164,24.619496],[118.565268,24.61898],[118.563322,24.613696]]}},{"type":"Feature","properties":{"id":"osm-way-541094322","layer":"roads","category":"road-secondary","name":null,"referenceEra":"modern_reference","source":"OpenStreetMap contributors","license":"ODbL-1.0"},"geometry":{"type":"LineString","coordinates":[[118.237918,24.547905],[118.242298,24.54738],[118.244448,24.547362],[118.24651,24.54753],[118.249697,24.548258],[118.258009,24.551532],[118.264851,24.555606],[118.264517,24.555852],[118.260031,24.553011],[118.257593,24.551798],[118.249707,24.548687],[118.247269,24.548054],[118.244357,24.54776],[118.23794,24.548093]]}},{"type":"Feature","properties":{"id":"osm-way-589934473","layer":"roads","category":"road-secondary","name":null,"referenceEra":"modern_reference","source":"OpenStreetMap contributors","license":"ODbL-1.0"},"geometry":{"type":"LineString","coordinates":[[118.084946,24.575411],[118.085564,24.580656],[118.08669,24.585744],[118.086384,24.586573],[118.085465,24.587259],[118.085525,24.587797],[118.086019,24.588516],[118.08619,24.590685],[118.085932,24.592951],[118.085311,24.595019],[118.08385,24.597132],[118.081449,24.598996],[118.076588,24.601741],[118.073417,24.602226]]}},{"type":"Feature","properties":{"id":"osm-way-589934585","layer":"roads","category":"road-secondary","name":null,"referenceEra":"modern_reference","source":"OpenStreetMap contributors","license":"ODbL-1.0"},"geometry":{"type":"LineString","coordinates":[[118.073428,24.60214],[118.076906,24.601529],[118.081416,24.598947],[118.083802,24.597095],[118.085253,24.594989],[118.085871,24.592941],[118.086127,24.590685],[118.085942,24.588534],[118.085481,24.587879],[118.085405,24.587239],[118.086335,24.58656],[118.086627,24.585746],[118.085502,24.580666],[118.084946,24.575411]]}},{"type":"Feature","properties":{"id":"osm-way-106239727","layer":"roads","category":"road-secondary","name":"南環道","referenceEra":"modern_reference","source":"OpenStreetMap contributors","license":"ODbL-1.0"},"geometry":{"type":"LineString","coordinates":[[118.230958,24.442728],[118.230194,24.441779],[118.229464,24.4391],[118.229064,24.432445],[118.229507,24.429939],[118.229462,24.429318],[118.22861,24.428299],[118.228904,24.427214],[118.228683,24.42579],[118.220015,24.422441],[118.221146,24.420426],[118.22155,24.419128],[118.222584,24.417817]]}},{"type":"Feature","properties":{"id":"osm-way-128827189","layer":"roads","category":"road-secondary","name":null,"referenceEra":"modern_reference","source":"OpenStreetMap contributors","license":"ODbL-1.0"},"geometry":{"type":"LineString","coordinates":[[118.181266,24.467646],[118.176634,24.461439],[118.173763,24.458601],[118.16731,24.454291],[118.162313,24.449825],[118.157054,24.446468],[118.153474,24.443485],[118.148611,24.441102],[118.146858,24.443703],[118.146574,24.445068],[118.147502,24.44852],[118.149363,24.450447],[118.150098,24.451961]]}},{"type":"Feature","properties":{"id":"osm-way-299402494","layer":"roads","category":"road-secondary","name":null,"referenceEra":"modern_reference","source":"OpenStreetMap contributors","license":"ODbL-1.0"},"geometry":{"type":"LineString","coordinates":[[118.042618,24.377307],[118.040685,24.377743],[118.039593,24.377641],[118.038674,24.376855],[118.037943,24.375094],[118.038035,24.374653],[118.040014,24.373136],[118.040387,24.372292],[118.039599,24.371055],[118.03772,24.370247],[118.037355,24.368981],[118.038916,24.366329],[118.040045,24.365626]]}},{"type":"Feature","properties":{"id":"osm-way-405694222","layer":"roads","category":"road-secondary","name":null,"referenceEra":"modern_reference","source":"OpenStreetMap contributors","license":"ODbL-1.0"},"geometry":{"type":"LineString","coordinates":[[118.512389,24.67492],[118.512129,24.673962],[118.512676,24.672897],[118.512664,24.66958],[118.512236,24.668458],[118.511581,24.667932],[118.510895,24.666255],[118.509124,24.666577],[118.507698,24.6615],[118.507343,24.659401],[118.507773,24.657285],[118.507708,24.65511],[118.508161,24.65369]]}},{"type":"Feature","properties":{"id":"osm-way-405694679","layer":"roads","category":"road-secondary","name":null,"referenceEra":"modern_reference","source":"OpenStreetMap contributors","license":"ODbL-1.0"},"geometry":{"type":"LineString","coordinates":[[118.546772,24.645347],[118.546406,24.64713],[118.546442,24.648658],[118.543773,24.650611],[118.543634,24.650977],[118.543851,24.651398],[118.542736,24.651823],[118.54186,24.652985],[118.540073,24.654148],[118.539677,24.653677],[118.539474,24.65247],[118.538562,24.650827],[118.537317,24.650222]]}},{"type":"Feature","properties":{"id":"osm-way-662740685","layer":"roads","category":"road-secondary","name":null,"referenceEra":"modern_reference","source":"OpenStreetMap contributors","license":"ODbL-1.0"},"geometry":{"type":"LineString","coordinates":[[118.119605,24.555716],[118.120591,24.549639],[118.121422,24.547415],[118.121328,24.546193],[118.120366,24.544836],[118.117274,24.542741],[118.116955,24.541909],[118.116204,24.541091],[118.115776,24.540082],[118.115635,24.538809],[118.115009,24.53765],[118.114005,24.537049],[118.113411,24.537404]]}},{"type":"Feature","properties":{"id":"osm-way-833756712","layer":"roads","category":"road-secondary","name":null,"referenceEra":"modern_reference","source":"OpenStreetMap contributors","license":"ODbL-1.0"},"geometry":{"type":"LineString","coordinates":[[118.27918,24.640574],[118.27841,24.641671],[118.278882,24.643735],[118.279809,24.645611],[118.279794,24.646411],[118.277108,24.653746],[118.277297,24.655965],[118.278403,24.656275],[118.278191,24.656912],[118.277361,24.656949],[118.277229,24.66387],[118.276581,24.667592],[118.275107,24.669616]]}},{"type":"Feature","properties":{"id":"osm-way-105811221","layer":"roads","category":"road-secondary","name":"埔華路","referenceEra":"modern_reference","source":"OpenStreetMap contributors","license":"ODbL-1.0"},"geometry":{"type":"LineString","coordinates":[[118.462419,24.477645],[118.460532,24.475785],[118.460313,24.475136],[118.459514,24.47438],[118.457887,24.471349],[118.457586,24.470267],[118.457624,24.468396],[118.457024,24.466924],[118.455418,24.464254],[118.45311,24.462275],[118.448476,24.456336],[118.446283,24.454167]]}},{"type":"Feature","properties":{"id":"osm-way-105811263","layer":"roads","category":"road-secondary","name":"大山路","referenceEra":"modern_reference","source":"OpenStreetMap contributors","license":"ODbL-1.0"},"geometry":{"type":"LineString","coordinates":[[118.443263,24.486047],[118.443934,24.485479],[118.443757,24.484508],[118.444666,24.483129],[118.446224,24.482015],[118.447614,24.481654],[118.448984,24.480978],[118.449674,24.480331],[118.451535,24.480436],[118.453563,24.479751],[118.455466,24.479998],[118.456119,24.479654]]}},{"type":"Feature","properties":{"id":"osm-way-106239669","layer":"roads","category":"road-secondary","name":null,"referenceEra":"modern_reference","source":"OpenStreetMap contributors","license":"ODbL-1.0"},"geometry":{"type":"LineString","coordinates":[[118.246823,24.429003],[118.248168,24.430306],[118.249887,24.429281],[118.253919,24.432286],[118.254554,24.432329],[118.255829,24.431694],[118.256602,24.431679],[118.257613,24.43125],[118.258464,24.430166],[118.258075,24.42834],[118.257175,24.42753],[118.256977,24.426792]]}},{"type":"Feature","properties":{"id":"osm-way-128826851","layer":"roads","category":"road-secondary","name":"五缘湾道","referenceEra":"modern_reference","source":"OpenStreetMap contributors","license":"ODbL-1.0"},"geometry":{"type":"LineString","coordinates":[[118.181148,24.535499],[118.180168,24.534302],[118.179946,24.53325],[118.181813,24.527664],[118.181848,24.526283],[118.181369,24.525059],[118.177935,24.519905],[118.175279,24.517701],[118.174411,24.516552],[118.171002,24.514955],[118.169808,24.513908],[118.16769,24.512808]]}},{"type":"Feature","properties":{"id":"osm-way-327356123","layer":"roads","category":"road-secondary","name":"陽沙路","referenceEra":"modern_reference","source":"OpenStreetMap contributors","license":"ODbL-1.0"},"geometry":{"type":"LineString","coordinates":[[118.437587,24.504138],[118.436739,24.50342],[118.434903,24.503539],[118.430805,24.50506],[118.42788,24.504206],[118.42552,24.504427],[118.42296,24.5039],[118.421623,24.503297],[118.417765,24.500757],[118.4158,24.498083],[118.414654,24.495889],[118.411526,24.49382]]}},{"type":"Feature","properties":{"id":"osm-way-354381045","layer":"roads","category":"road-secondary","name":"鸿鼎路","referenceEra":"modern_reference","source":"OpenStreetMap contributors","license":"ODbL-1.0"},"geometry":{"type":"LineString","coordinates":[[118.326332,24.632781],[118.327983,24.630325],[118.329727,24.629154],[118.330663,24.628053],[118.332084,24.62711],[118.334026,24.625172],[118.336344,24.623425],[118.337269,24.620362],[118.336688,24.617178],[118.336065,24.615314],[118.336276,24.61385],[118.335955,24.612912]]}},{"type":"Feature","properties":{"id":"osm-way-405161935","layer":"roads","category":"road-secondary","name":null,"referenceEra":"modern_reference","source":"OpenStreetMap contributors","license":"ODbL-1.0"},"geometry":{"type":"LineString","coordinates":[[118.01361,24.468915],[118.016735,24.478029],[118.021239,24.478455],[118.021831,24.474452],[118.020986,24.474157],[118.021008,24.473487],[118.021183,24.472787],[118.021925,24.472818],[118.022053,24.472594],[118.022573,24.467624],[118.022257,24.467373],[118.019182,24.467218]]}},{"type":"Feature","properties":{"id":"osm-way-405694680","layer":"roads","category":"road-secondary","name":null,"referenceEra":"modern_reference","source":"OpenStreetMap contributors","license":"ODbL-1.0"},"geometry":{"type":"LineString","coordinates":[[118.524184,24.662099],[118.525355,24.661124],[118.526049,24.660132],[118.52971,24.658328],[118.531204,24.657306],[118.5332,24.655127],[118.533612,24.654994],[118.536684,24.652233],[118.537388,24.650641],[118.537454,24.649241],[118.535135,24.648267],[118.534106,24.64727]]}},{"type":"Feature","properties":{"id":"osm-way-405694688","layer":"roads","category":"road-secondary","name":null,"referenceEra":"modern_reference","source":"OpenStreetMap contributors","license":"ODbL-1.0"},"geometry":{"type":"LineString","coordinates":[[118.521019,24.652465],[118.524563,24.651008],[118.524284,24.649143],[118.525722,24.648356],[118.527181,24.645937],[118.527138,24.644806],[118.526602,24.644085],[118.524756,24.642902],[118.523168,24.642531],[118.52216,24.641966],[118.520872,24.642798],[118.518109,24.6487]]}},{"type":"Feature","properties":{"id":"osm-way-465438356","layer":"roads","category":"road-secondary","name":"沙美东路","referenceEra":"modern_reference","source":"OpenStreetMap contributors","license":"ODbL-1.0"},"geometry":{"type":"LineString","coordinates":[[118.323491,24.629216],[118.323546,24.628554],[118.325475,24.627562],[118.326007,24.626476],[118.325749,24.625643],[118.323742,24.623191],[118.322746,24.619547],[118.322958,24.613158],[118.322267,24.612022],[118.319479,24.609429],[118.316935,24.605692],[118.316595,24.605573]]}},{"type":"Feature","properties":{"id":"osm-way-465799490","layer":"roads","category":"road-secondary","name":"翔安南路辅道","referenceEra":"modern_reference","source":"OpenStreetMap contributors","license":"ODbL-1.0"},"geometry":{"type":"LineString","coordinates":[[118.327266,24.597855],[118.32526,24.598335],[118.32415,24.599072],[118.323392,24.600278],[118.322886,24.602172],[118.322049,24.602598],[118.32065,24.602849],[118.318304,24.604705],[118.314645,24.606278],[118.311037,24.606378],[118.294039,24.604132],[118.288834,24.603659]]}},{"type":"Feature","properties":{"id":"osm-way-538471658","layer":"roads","category":"road-secondary","name":"Huan Wan W","referenceEra":"modern_reference","source":"OpenStreetMap contributors","license":"ODbL-1.0"},"geometry":{"type":"LineString","coordinates":[[118.165996,24.65044],[118.167344,24.651719],[118.172949,24.659804],[118.173719,24.661695],[118.172404,24.663309],[118.17176,24.664713],[118.171584,24.665807],[118.171911,24.668038],[118.171653,24.668637],[118.166925,24.675002],[118.165696,24.67555],[118.164148,24.675417]]}},{"type":"Feature","properties":{"id":"osm-way-662493197","layer":"roads","category":"road-secondary","name":null,"referenceEra":"modern_reference","source":"OpenStreetMap contributors","license":"ODbL-1.0"},"geometry":{"type":"LineString","coordinates":[[118.002879,24.599031],[118.009104,24.605412],[118.012099,24.607955],[118.013338,24.608792],[118.016864,24.610327],[118.018976,24.610885],[118.020456,24.610926],[118.023911,24.61021],[118.026168,24.610031],[118.041206,24.611945],[118.047697,24.614854],[118.050376,24.616935]]}},{"type":"Feature","properties":{"id":"osm-way-833926606","layer":"roads","category":"road-secondary","name":null,"referenceEra":"modern_reference","source":"OpenStreetMap contributors","license":"ODbL-1.0"},"geometry":{"type":"LineString","coordinates":[[118.335264,24.589664],[118.334813,24.588469],[118.333504,24.588294],[118.330232,24.588811],[118.329513,24.588601],[118.328451,24.588748],[118.327582,24.588469],[118.326922,24.588688],[118.325641,24.588593],[118.324642,24.588728],[118.323677,24.589499],[118.322793,24.589619]]}},{"type":"Feature","properties":{"id":"osm-way-52330062","layer":"roads","category":"road-secondary","name":"昆仑山路","referenceEra":"modern_reference","source":"OpenStreetMap contributors","license":"ODbL-1.0"},"geometry":{"type":"LineString","coordinates":[[118.027503,24.411453],[118.026115,24.39811],[118.02557,24.395703],[118.025996,24.393353],[118.025594,24.387031],[118.026094,24.385632],[118.026256,24.383919],[118.026962,24.382674],[118.025848,24.380004],[118.026276,24.379704],[118.027018,24.380142]]}},{"type":"Feature","properties":{"id":"osm-way-106239747","layer":"roads","category":"road-secondary","name":"四維路","referenceEra":"modern_reference","source":"OpenStreetMap contributors","license":"ODbL-1.0"},"geometry":{"type":"LineString","coordinates":[[118.446106,24.427248],[118.44785,24.427957],[118.449961,24.431382],[118.453367,24.434881],[118.453921,24.436613],[118.456165,24.438173],[118.455698,24.438933],[118.457608,24.439097],[118.45839,24.43954],[118.459433,24.440425],[118.460268,24.44224]]}},{"type":"Feature","properties":{"id":"osm-way-129196428","layer":"roads","category":"road-secondary","name":"文屏路","referenceEra":"modern_reference","source":"OpenStreetMap contributors","license":"ODbL-1.0"},"geometry":{"type":"LineString","coordinates":[[118.118967,24.450377],[118.11917,24.451607],[118.118911,24.452103],[118.117996,24.45268],[118.117024,24.45383],[118.112187,24.457211],[118.112078,24.457737],[118.112436,24.458706],[118.112248,24.459291],[118.109307,24.461042],[118.107447,24.461741]]}},{"type":"Feature","properties":{"id":"osm-way-148925856","layer":"roads","category":"road-secondary","name":"同辉路","referenceEra":"modern_reference","source":"OpenStreetMap contributors","license":"ODbL-1.0"},"geometry":{"type":"LineString","coordinates":[[118.114762,24.7],[118.11542,24.695061],[118.115123,24.693522],[118.114244,24.691171],[118.113587,24.687832],[118.113916,24.684837],[118.117273,24.678974],[118.118581,24.677911],[118.122193,24.675881],[118.123095,24.675065],[118.123725,24.673789]]}},{"type":"Feature","properties":{"id":"osm-way-189921331","layer":"roads","category":"road-secondary","name":null,"referenceEra":"modern_reference","source":"OpenStreetMap contributors","license":"ODbL-1.0"},"geometry":{"type":"LineString","coordinates":[[118.195062,24.656204],[118.189183,24.657102],[118.188371,24.657602],[118.187127,24.658917],[118.185224,24.660158],[118.18442,24.661056],[118.182904,24.663825],[118.182681,24.666549],[118.182266,24.667982],[118.179825,24.671318],[118.177696,24.680749]]}},{"type":"Feature","properties":{"id":"osm-way-190234332","layer":"roads","category":"road-secondary","name":"翔安大道","referenceEra":"modern_reference","source":"OpenStreetMap contributors","license":"ODbL-1.0"},"geometry":{"type":"LineString","coordinates":[[118.230421,24.68221],[118.230035,24.680041],[118.227037,24.669872],[118.225747,24.660843],[118.225691,24.6563],[118.226675,24.65058],[118.230738,24.63944],[118.232492,24.633121],[118.234414,24.624631],[118.23416,24.60742],[118.235222,24.588148]]}},{"type":"Feature","properties":{"id":"osm-way-192099794","layer":"roads","category":"road-secondary","name":"环岛东路辅路","referenceEra":"modern_reference","source":"OpenStreetMap contributors","license":"ODbL-1.0"},"geometry":{"type":"LineString","coordinates":[[118.182136,24.517861],[118.182973,24.51928],[118.183974,24.522213],[118.185624,24.524739],[118.186353,24.524824],[118.186738,24.523757],[118.18708,24.519793],[118.187637,24.51857],[118.190056,24.515035],[118.190463,24.510955],[118.191261,24.508591]]}},{"type":"Feature","properties":{"id":"osm-way-274818845","layer":"roads","category":"road-secondary","name":null,"referenceEra":"modern_reference","source":"OpenStreetMap contributors","license":"ODbL-1.0"},"geometry":{"type":"LineString","coordinates":[[118.050308,24.617032],[118.047574,24.614928],[118.04065,24.611991],[118.02647,24.610171],[118.024862,24.610239],[118.020566,24.611142],[118.01901,24.611039],[118.016834,24.610436],[118.012321,24.60829],[118.008792,24.605318],[118.002754,24.599214]]}},{"type":"Feature","properties":{"id":"osm-way-450073393","layer":"roads","category":"road-secondary","name":null,"referenceEra":"modern_reference","source":"OpenStreetMap contributors","license":"ODbL-1.0"},"geometry":{"type":"LineString","coordinates":[[118.029837,24.629976],[118.02933,24.629739],[118.026556,24.629579],[118.014736,24.626561],[118.012255,24.625651],[118.010701,24.62472],[118.010399,24.621113],[118.011536,24.6189],[118.011387,24.618456],[118.009975,24.617393],[118.009571,24.616726]]}},{"type":"Feature","properties":{"id":"osm-way-472355134","layer":"roads","category":"road-secondary","name":null,"referenceEra":"modern_reference","source":"OpenStreetMap contributors","license":"ODbL-1.0"},"geometry":{"type":"LineString","coordinates":[[118.177591,24.680731],[118.179764,24.671292],[118.1822,24.667951],[118.18261,24.666538],[118.182844,24.663801],[118.184361,24.661023],[118.184783,24.660442],[118.186203,24.659559],[118.189142,24.657059],[118.192592,24.656331],[118.195058,24.656136]]}},{"type":"Feature","properties":{"id":"osm-way-472355141","layer":"roads","category":"road-secondary","name":null,"referenceEra":"modern_reference","source":"OpenStreetMap contributors","license":"ODbL-1.0"},"geometry":{"type":"LineString","coordinates":[[118.122438,24.604014],[118.121553,24.603337],[118.120482,24.601896],[118.119965,24.600406],[118.119858,24.598204],[118.119324,24.596804],[118.11454,24.59129],[118.112809,24.589924],[118.110439,24.586931],[118.10939,24.586575],[118.107205,24.58795]]}},{"type":"Feature","properties":{"id":"osm-way-490515651","layer":"roads","category":"road-secondary","name":null,"referenceEra":"modern_reference","source":"OpenStreetMap contributors","license":"ODbL-1.0"},"geometry":{"type":"LineString","coordinates":[[118.247016,24.44544],[118.247308,24.443531],[118.248483,24.441799],[118.24743,24.441604],[118.245596,24.439137],[118.244483,24.438964],[118.242229,24.438074],[118.239604,24.436538],[118.239257,24.436178],[118.239137,24.4352],[118.239641,24.434704]]}},{"type":"Feature","properties":{"id":"osm-way-538551668","layer":"roads","category":"road-secondary","name":"大埔路","referenceEra":"modern_reference","source":"OpenStreetMap contributors","license":"ODbL-1.0"},"geometry":{"type":"LineString","coordinates":[[118.053402,24.693044],[118.056861,24.692541],[118.059249,24.692953],[118.060342,24.692466],[118.061059,24.692479],[118.064615,24.694376],[118.0652,24.694451],[118.066599,24.694061],[118.069137,24.692559],[118.071725,24.690859],[118.072941,24.689754]]}},{"type":"Feature","properties":{"id":"osm-way-540957863","layer":"roads","category":"road-secondary","name":"434县道","referenceEra":"modern_reference","source":"OpenStreetMap contributors","license":"ODbL-1.0"},"geometry":{"type":"LineString","coordinates":[[118.237694,24.580635],[118.237012,24.579197],[118.236831,24.57808],[118.236827,24.571759],[118.237779,24.564796],[118.234789,24.557531],[118.234918,24.549109],[118.234687,24.547004],[118.234358,24.545709],[118.232723,24.542371],[118.232104,24.54047]]}},{"type":"Feature","properties":{"id":"osm-way-622478578","layer":"roads","category":"road-secondary","name":null,"referenceEra":"modern_reference","source":"OpenStreetMap contributors","license":"ODbL-1.0"},"geometry":{"type":"LineString","coordinates":[[118.558061,24.593497],[118.561072,24.595251],[118.562616,24.595684],[118.563427,24.596346],[118.565821,24.599103],[118.567044,24.601503],[118.567538,24.603405],[118.566047,24.608097],[118.566422,24.6096],[118.566369,24.610429],[118.563322,24.613696]]}},{"type":"Feature","properties":{"id":"osm-way-652190812","layer":"roads","category":"road-secondary","name":"环岛东路辅路","referenceEra":"modern_reference","source":"OpenStreetMap contributors","license":"ODbL-1.0"},"geometry":{"type":"LineString","coordinates":[[118.191655,24.507782],[118.19282,24.5054],[118.19316,24.503607],[118.193046,24.50184],[118.19165,24.496831],[118.191841,24.494694],[118.193034,24.490273],[118.192982,24.487854],[118.191733,24.4847],[118.187944,24.477163],[118.183932,24.471244]]}},{"type":"Feature","properties":{"id":"osm-way-807962796","layer":"roads","category":"road-secondary","name":null,"referenceEra":"modern_reference","source":"OpenStreetMap contributors","license":"ODbL-1.0"},"geometry":{"type":"LineString","coordinates":[[118.071127,24.317832],[118.069871,24.315974],[118.069599,24.314965],[118.070089,24.312966],[118.071031,24.311615],[118.070918,24.310367],[118.070328,24.30937],[118.070059,24.307321],[118.0702,24.306185],[118.07067,24.304453],[118.071617,24.302951]]}},{"type":"Feature","properties":{"id":"osm-way-828294785","layer":"roads","category":"road-secondary","name":null,"referenceEra":"modern_reference","source":"OpenStreetMap contributors","license":"ODbL-1.0"},"geometry":{"type":"LineString","coordinates":[[118.020242,24.616399],[118.021754,24.614962],[118.022999,24.614396],[118.026851,24.613462],[118.027732,24.612218],[118.029285,24.611739],[118.030874,24.611773],[118.034166,24.613108],[118.036059,24.613091],[118.037158,24.612807],[118.0385,24.613075]]}},{"type":"Feature","properties":{"id":"osm-way-933811056","layer":"roads","category":"road-secondary","name":null,"referenceEra":"modern_reference","source":"OpenStreetMap contributors","license":"ODbL-1.0"},"geometry":{"type":"LineString","coordinates":[[118.041969,24.624368],[118.040958,24.624399],[118.040049,24.625159],[118.039383,24.625259],[118.036961,24.624525],[118.032427,24.623994],[118.026597,24.622176],[118.02274,24.618911],[118.0195,24.617889],[118.015192,24.615842],[118.010557,24.611705]]}},{"type":"Feature","properties":{"id":"osm-way-945063435","layer":"roads","category":"road-secondary","name":null,"referenceEra":"modern_reference","source":"OpenStreetMap contributors","license":"ODbL-1.0"},"geometry":{"type":"LineString","coordinates":[[118.593364,24.637921],[118.590921,24.636291],[118.589644,24.632916],[118.587061,24.628121],[118.586107,24.624861],[118.585378,24.623325],[118.578195,24.614885],[118.57709,24.61329],[118.575661,24.610656],[118.572221,24.600919],[118.570882,24.599133]]}},{"type":"Feature","properties":{"id":"osm-way-953216986","layer":"roads","category":"road-secondary","name":"八一路","referenceEra":"modern_reference","source":"OpenStreetMap contributors","license":"ODbL-1.0"},"geometry":{"type":"LineString","coordinates":[[118.32902,24.647003],[118.329341,24.647563],[118.328981,24.649714],[118.322643,24.659099],[118.321937,24.661337],[118.321046,24.662627],[118.320541,24.665346],[118.320243,24.669036],[118.318665,24.671406],[118.317695,24.674684],[118.31607,24.677957]]}},{"type":"Feature","properties":{"id":"osm-way-1346803092","layer":"roads","category":"road-secondary","name":null,"referenceEra":"modern_reference","source":"OpenStreetMap contributors","license":"ODbL-1.0"},"geometry":{"type":"LineString","coordinates":[[118.016649,24.327141],[118.00893,24.332745],[118.007066,24.333843],[118.004454,24.334799],[118.001351,24.337324],[117.996903,24.33964],[117.996087,24.340433],[117.993993,24.343762],[117.992611,24.344933],[117.987411,24.34655],[117.98026,24.347927]]}},{"type":"Feature","properties":{"id":"osm-way-1346803101","layer":"roads","category":"road-secondary","name":null,"referenceEra":"modern_reference","source":"OpenStreetMap contributors","license":"ODbL-1.0"},"geometry":{"type":"LineString","coordinates":[[117.980243,24.347799],[117.98738,24.346425],[117.992532,24.34483],[117.9939,24.343693],[117.995986,24.340373],[117.996817,24.339554],[118.001304,24.337216],[118.004404,24.334707],[118.00704,24.333746],[118.008876,24.332657],[118.016563,24.326998]]}},{"type":"Feature","properties":{"id":"osm-way-1503792503","layer":"roads","category":"road-secondary","name":null,"referenceEra":"modern_reference","source":"OpenStreetMap contributors","license":"ODbL-1.0"},"geometry":{"type":"LineString","coordinates":[[118.344075,24.567973],[118.346659,24.568225],[118.349442,24.567761],[118.35176,24.566769],[118.360733,24.565035],[118.362892,24.564115],[118.363824,24.563975],[118.365062,24.564273],[118.372253,24.568324],[118.373385,24.56836],[118.375298,24.567826]]}},{"type":"Feature","properties":{"id":"osm-way-1503792505","layer":"roads","category":"road-secondary","name":null,"referenceEra":"modern_reference","source":"OpenStreetMap contributors","license":"ODbL-1.0"},"geometry":{"type":"LineString","coordinates":[[118.375334,24.56788],[118.373397,24.568422],[118.37223,24.56839],[118.365029,24.564328],[118.363823,24.564038],[118.362915,24.564175],[118.36075,24.565096],[118.351778,24.56683],[118.349459,24.567822],[118.346664,24.568288],[118.344073,24.568046]]}},{"type":"Feature","properties":{"id":"osm-way-129196482","layer":"roads","category":"road-secondary","name":"龙虎山路","referenceEra":"modern_reference","source":"OpenStreetMap contributors","license":"ODbL-1.0"},"geometry":{"type":"LineString","coordinates":[[118.117043,24.436721],[118.116963,24.439167],[118.117218,24.44083],[118.119055,24.44314],[118.119802,24.443669],[118.120104,24.444751],[118.120711,24.445715],[118.120111,24.44801],[118.120061,24.449408],[118.118967,24.450377]]}},{"type":"Feature","properties":{"id":"osm-way-148548579","layer":"roads","category":"road-secondary","name":"鳌园路","referenceEra":"modern_reference","source":"OpenStreetMap contributors","license":"ODbL-1.0"},"geometry":{"type":"LineString","coordinates":[[118.101298,24.570005],[118.100613,24.570021],[118.100075,24.569681],[118.099909,24.569311],[118.100411,24.568329],[118.099626,24.567353],[118.098296,24.567265],[118.094841,24.568279],[118.094666,24.568851],[118.094964,24.570939]]}},{"type":"Feature","properties":{"id":"osm-way-260967173","layer":"roads","category":"road-secondary","name":null,"referenceEra":"modern_reference","source":"OpenStreetMap contributors","license":"ODbL-1.0"},"geometry":{"type":"LineString","coordinates":[[118.541237,24.633353],[118.545766,24.63148],[118.547598,24.630168],[118.54881,24.628895],[118.550076,24.626601],[118.551814,24.621499],[118.552566,24.620137],[118.554668,24.617643],[118.558403,24.615182],[118.563257,24.613528]]}},{"type":"Feature","properties":{"id":"osm-way-260967180","layer":"roads","category":"road-secondary","name":null,"referenceEra":"modern_reference","source":"OpenStreetMap contributors","license":"ODbL-1.0"},"geometry":{"type":"LineString","coordinates":[[118.563322,24.613696],[118.557629,24.615654],[118.554453,24.618092],[118.5522,24.621077],[118.551495,24.622581],[118.550206,24.626682],[118.548775,24.629148],[118.547646,24.630331],[118.546097,24.631421],[118.541281,24.633495]]}},{"type":"Feature","properties":{"id":"osm-way-384803012","layer":"roads","category":"road-secondary","name":null,"referenceEra":"modern_reference","source":"OpenStreetMap contributors","license":"ODbL-1.0"},"geometry":{"type":"LineString","coordinates":[[118.370235,24.694099],[118.36973,24.691243],[118.369721,24.687663],[118.371166,24.685754],[118.372152,24.681851],[118.378728,24.680112],[118.38186,24.680964],[118.38343,24.681984],[118.383733,24.684047],[118.384384,24.68605]]}},{"type":"Feature","properties":{"id":"osm-way-465434188","layer":"roads","category":"road-secondary","name":"翔安南路辅道","referenceEra":"modern_reference","source":"OpenStreetMap contributors","license":"ODbL-1.0"},"geometry":{"type":"LineString","coordinates":[[118.308865,24.60578],[118.313675,24.605916],[118.316588,24.605149],[118.318756,24.603808],[118.320101,24.602509],[118.321649,24.599898],[118.322795,24.597292],[118.323564,24.597169],[118.324948,24.597808],[118.327279,24.597472]]}},{"type":"Feature","properties":{"id":"osm-way-472104815","layer":"roads","category":"road-secondary","name":"五缘湾路","referenceEra":"modern_reference","source":"OpenStreetMap contributors","license":"ODbL-1.0"},"geometry":{"type":"LineString","coordinates":[[118.167635,24.512885],[118.165024,24.511784],[118.162657,24.511623],[118.16036,24.512341],[118.158429,24.514004],[118.157738,24.515573],[118.157544,24.516858],[118.158203,24.518773],[118.159888,24.520266],[118.163415,24.521108]]}},{"type":"Feature","properties":{"id":"osm-way-472104819","layer":"roads","category":"road-secondary","name":null,"referenceEra":"modern_reference","source":"OpenStreetMap contributors","license":"ODbL-1.0"},"geometry":{"type":"LineString","coordinates":[[118.166814,24.527183],[118.166856,24.52592],[118.166369,24.524072],[118.165051,24.522244],[118.163376,24.52119],[118.15986,24.520357],[118.158157,24.518848],[118.157498,24.516873],[118.157687,24.515619],[118.158369,24.513986]]}},{"type":"Feature","properties":{"id":"osm-way-472296945","layer":"roads","category":"road-secondary","name":null,"referenceEra":"modern_reference","source":"OpenStreetMap contributors","license":"ODbL-1.0"},"geometry":{"type":"LineString","coordinates":[[118.471679,24.63294],[118.470136,24.631715],[118.466373,24.631682],[118.461212,24.631148],[118.456575,24.631172],[118.454819,24.630742],[118.45373,24.631066],[118.447365,24.631745],[118.445095,24.630902],[118.442617,24.628757]]}},{"type":"Feature","properties":{"id":"osm-way-540939390","layer":"roads","category":"road-secondary","name":null,"referenceEra":"modern_reference","source":"OpenStreetMap contributors","license":"ODbL-1.0"},"geometry":{"type":"LineString","coordinates":[[118.25938,24.589675],[118.25929,24.589447],[118.257534,24.588727],[118.249526,24.586714],[118.247546,24.586829],[118.24509,24.587379],[118.24236,24.587067],[118.241413,24.58655],[118.240503,24.585555],[118.237694,24.580635]]}},{"type":"Feature","properties":{"id":"osm-way-540977704","layer":"roads","category":"road-secondary","name":"434县道","referenceEra":"modern_reference","source":"OpenStreetMap contributors","license":"ODbL-1.0"},"geometry":{"type":"LineString","coordinates":[[118.232104,24.54047],[118.234364,24.545215],[118.234825,24.547036],[118.235054,24.55042],[118.234871,24.557382],[118.237911,24.564819],[118.236987,24.571657],[118.236911,24.577423],[118.237113,24.579158],[118.237775,24.580532]]}},{"type":"Feature","properties":{"id":"osm-way-663009522","layer":"roads","category":"road-secondary","name":"莲塘路","referenceEra":"modern_reference","source":"OpenStreetMap contributors","license":"ODbL-1.0"},"geometry":{"type":"LineString","coordinates":[[118.290298,24.672574],[118.2903,24.672919],[118.289113,24.674866],[118.286526,24.678622],[118.284263,24.680597],[118.284247,24.681154],[118.284826,24.682657],[118.285419,24.683417],[118.286437,24.683693],[118.286727,24.684062]]}},{"type":"Feature","properties":{"id":"osm-way-730240590","layer":"roads","category":"road-secondary","name":"三都路","referenceEra":"modern_reference","source":"OpenStreetMap contributors","license":"ODbL-1.0"},"geometry":{"type":"LineString","coordinates":[[117.969129,24.47414],[117.972361,24.482044],[117.972589,24.483445],[117.972568,24.485243],[117.972243,24.486649],[117.970859,24.488907],[117.972306,24.485982],[117.97241,24.48318],[117.971902,24.481219],[117.969016,24.474185]]}},{"type":"Feature","properties":{"id":"osm-way-1313323773","layer":"roads","category":"road-secondary","name":"沙美东路","referenceEra":"modern_reference","source":"OpenStreetMap contributors","license":"ODbL-1.0"},"geometry":{"type":"LineString","coordinates":[[118.317015,24.605383],[118.319526,24.609369],[118.322279,24.611888],[118.323028,24.613069],[118.323183,24.614434],[118.322824,24.618944],[118.323638,24.622563],[118.326191,24.626215],[118.325732,24.627532],[118.323509,24.628802]]}},{"type":"Feature","properties":{"id":"osm-way-1377007744","layer":"roads","category":"road-secondary","name":null,"referenceEra":"modern_reference","source":"OpenStreetMap contributors","license":"ODbL-1.0"},"geometry":{"type":"LineString","coordinates":[[118.136323,24.62219],[118.136652,24.62215],[118.137085,24.618797],[118.136676,24.617604],[118.135604,24.616052],[118.135065,24.615598],[118.133944,24.615247],[118.131831,24.615183],[118.130666,24.614756],[118.130348,24.615227]]}},{"type":"Feature","properties":{"id":"osm-way-1498729200","layer":"roads","category":"road-secondary","name":null,"referenceEra":"modern_reference","source":"OpenStreetMap contributors","license":"ODbL-1.0"},"geometry":{"type":"LineString","coordinates":[[118.177177,24.539122],[118.182854,24.533844],[118.183971,24.532493],[118.184893,24.530752],[118.186007,24.52673],[118.185919,24.525798],[118.185336,24.52479],[118.183569,24.522118],[118.181141,24.519555],[118.180743,24.518699]]}},{"type":"Feature","properties":{"id":"osm-way-105811203","layer":"roads","category":"road-secondary","name":"環島南路三段","referenceEra":"modern_reference","source":"OpenStreetMap contributors","license":"ODbL-1.0"},"geometry":{"type":"LineString","coordinates":[[118.391854,24.44049],[118.390173,24.439675],[118.389927,24.438915],[118.388148,24.436279],[118.387735,24.436037],[118.378783,24.437773],[118.375981,24.437666],[118.375638,24.438001],[118.376266,24.444142]]}},{"type":"Feature","properties":{"id":"osm-way-105811324","layer":"roads","category":"road-secondary","name":"金山路","referenceEra":"modern_reference","source":"OpenStreetMap contributors","license":"ODbL-1.0"},"geometry":{"type":"LineString","coordinates":[[118.324053,24.403354],[118.326045,24.404113],[118.326291,24.404566],[118.327537,24.405027],[118.329631,24.406488],[118.3309,24.408453],[118.331199,24.409419],[118.33086,24.410424],[118.330852,24.411518]]}},{"type":"Feature","properties":{"id":"osm-way-106239657","layer":"roads","category":"road-secondary","name":null,"referenceEra":"modern_reference","source":"OpenStreetMap contributors","license":"ODbL-1.0"},"geometry":{"type":"LineString","coordinates":[[118.256,24.42664],[118.259903,24.425097],[118.261011,24.423203],[118.261743,24.422922],[118.262202,24.423487],[118.261779,24.425102],[118.261894,24.4264],[118.261449,24.42673],[118.261296,24.427366]]}},{"type":"Feature","properties":{"id":"osm-way-106239903","layer":"roads","category":"road-secondary","name":"北環道","referenceEra":"modern_reference","source":"OpenStreetMap contributors","license":"ODbL-1.0"},"geometry":{"type":"LineString","coordinates":[[118.261414,24.427306],[118.263303,24.429443],[118.263424,24.431401],[118.262419,24.433672],[118.265464,24.436887],[118.265942,24.438169],[118.266234,24.441997],[118.264555,24.442339],[118.263989,24.442779]]}},{"type":"Feature","properties":{"id":"osm-way-106239924","layer":"roads","category":"road-secondary","name":"西海路三段","referenceEra":"modern_reference","source":"OpenStreetMap contributors","license":"ODbL-1.0"},"geometry":{"type":"LineString","coordinates":[[118.307993,24.416868],[118.309534,24.417954],[118.310804,24.419408],[118.310627,24.421253],[118.311246,24.422008],[118.313999,24.423342],[118.314812,24.423975],[118.315602,24.425691],[118.315485,24.430266]]}},{"type":"Feature","properties":{"id":"osm-way-127478034","layer":"roads","category":"road-secondary","name":"火炬东路","referenceEra":"modern_reference","source":"OpenStreetMap contributors","license":"ODbL-1.0"},"geometry":{"type":"LineString","coordinates":[[118.131907,24.518411],[118.129528,24.517669],[118.12854,24.517867],[118.128201,24.518337],[118.127869,24.52041],[118.127434,24.521191],[118.125573,24.523827],[118.124473,24.524749],[118.125008,24.525789]]}},{"type":"Feature","properties":{"id":"osm-way-128827139","layer":"roads","category":"road-secondary","name":"金尚路","referenceEra":"modern_reference","source":"OpenStreetMap contributors","license":"ODbL-1.0"},"geometry":{"type":"LineString","coordinates":[[118.129542,24.533835],[118.135348,24.527283],[118.141444,24.522564],[118.142507,24.521047],[118.143259,24.518991],[118.144346,24.512116],[118.14369,24.501598],[118.140813,24.492605],[118.14023,24.488452]]}},{"type":"Feature","properties":{"id":"osm-way-177299324","layer":"roads","category":"road-secondary","name":null,"referenceEra":"modern_reference","source":"OpenStreetMap contributors","license":"ODbL-1.0"},"geometry":{"type":"LineString","coordinates":[[118.144494,24.664356],[118.144952,24.662952],[118.146136,24.662032],[118.147025,24.660415],[118.147204,24.659684],[118.147036,24.657909],[118.147324,24.657181],[118.149721,24.654651],[118.153202,24.649858]]}},{"type":"Feature","properties":{"id":"osm-way-189818865","layer":"roads","category":"road-secondary","name":"民安大道","referenceEra":"modern_reference","source":"OpenStreetMap contributors","license":"ODbL-1.0"},"geometry":{"type":"LineString","coordinates":[[118.227106,24.684815],[118.225518,24.683892],[118.222579,24.681345],[118.215366,24.678598],[118.210664,24.678203],[118.196387,24.679151],[118.193439,24.678544],[118.187804,24.676436],[118.184766,24.675902]]}},{"type":"Feature","properties":{"id":"osm-way-190007490","layer":"roads","category":"road-secondary","name":"民安大道","referenceEra":"modern_reference","source":"OpenStreetMap contributors","license":"ODbL-1.0"},"geometry":{"type":"LineString","coordinates":[[118.187467,24.676195],[118.194193,24.67863],[118.19665,24.679034],[118.210581,24.678096],[118.21485,24.678339],[118.222441,24.681089],[118.223664,24.681895],[118.225862,24.684013],[118.227129,24.684713]]}},{"type":"Feature","properties":{"id":"osm-way-190007493","layer":"roads","category":"road-secondary","name":"舫山西路","referenceEra":"modern_reference","source":"OpenStreetMap contributors","license":"ODbL-1.0"},"geometry":{"type":"LineString","coordinates":[[118.191021,24.668754],[118.195296,24.668689],[118.200491,24.667691],[118.211467,24.667895],[118.213285,24.668298],[118.21862,24.670801],[118.219966,24.671203],[118.225585,24.671895],[118.227393,24.671776]]}},{"type":"Feature","properties":{"id":"osm-way-190007503","layer":"roads","category":"road-secondary","name":"舫山西路","referenceEra":"modern_reference","source":"OpenStreetMap contributors","license":"ODbL-1.0"},"geometry":{"type":"LineString","coordinates":[[118.227407,24.671893],[118.225111,24.671985],[118.219966,24.671313],[118.218258,24.670755],[118.213223,24.668412],[118.211447,24.667996],[118.200429,24.667832],[118.195287,24.668834],[118.191178,24.668861]]}},{"type":"Feature","properties":{"id":"osm-way-190293266","layer":"roads","category":"road-secondary","name":"巷南路","referenceEra":"modern_reference","source":"OpenStreetMap contributors","license":"ODbL-1.0"},"geometry":{"type":"LineString","coordinates":[[118.247726,24.667903],[118.248637,24.664475],[118.245702,24.658201],[118.246237,24.649596],[118.245732,24.645749],[118.245489,24.641108],[118.244766,24.63893],[118.24224,24.634505],[118.241704,24.633133]]}},{"type":"Feature","properties":{"id":"osm-way-239785720","layer":"roads","category":"road-secondary","name":"環島西路二段","referenceEra":"modern_reference","source":"OpenStreetMap contributors","license":"ODbL-1.0"},"geometry":{"type":"LineString","coordinates":[[118.321072,24.439897],[118.318226,24.448362],[118.315974,24.453697],[118.313621,24.460483],[118.315898,24.462872],[118.315958,24.466567],[118.315305,24.471672],[118.315373,24.473316],[118.316191,24.474387]]}},{"type":"Feature","properties":{"id":"osm-way-241185417","layer":"roads","category":"road-secondary","name":"瓦格宁根路","referenceEra":"modern_reference","source":"OpenStreetMap contributors","license":"ODbL-1.0"},"geometry":{"type":"LineString","coordinates":[[118.037665,24.354525],[118.03694,24.355862],[118.036828,24.357079],[118.0372,24.358705],[118.037909,24.359282],[118.03803,24.359839],[118.036557,24.361657],[118.036099,24.363633],[118.035387,24.364642]]}},{"type":"Feature","properties":{"id":"osm-way-282228652","layer":"roads","category":"road-secondary","name":"環島南路四段","referenceEra":"modern_reference","source":"OpenStreetMap contributors","license":"ODbL-1.0"},"geometry":{"type":"LineString","coordinates":[[118.409907,24.43592],[118.408807,24.436392],[118.408141,24.437083],[118.405961,24.438467],[118.402064,24.437706],[118.397804,24.439285],[118.395671,24.438821],[118.39347,24.439496],[118.391854,24.44049]]}},{"type":"Feature","properties":{"id":"osm-way-282228654","layer":"roads","category":"road-secondary","name":"士校路","referenceEra":"modern_reference","source":"OpenStreetMap contributors","license":"ODbL-1.0"},"geometry":{"type":"LineString","coordinates":[[118.42456,24.442626],[118.427974,24.44604],[118.427585,24.446699],[118.428527,24.447674],[118.430149,24.450154],[118.430775,24.450602],[118.431096,24.450612],[118.432113,24.449818],[118.446283,24.454167]]}},{"type":"Feature","properties":{"id":"osm-way-299133015","layer":"roads","category":"road-secondary","name":null,"referenceEra":"modern_reference","source":"OpenStreetMap contributors","license":"ODbL-1.0"},"geometry":{"type":"LineString","coordinates":[[118.222979,24.67678],[118.220771,24.676348],[118.216673,24.674359],[118.213545,24.67345],[118.202532,24.67324],[118.195015,24.67498],[118.193566,24.675102],[118.185598,24.673701],[118.179312,24.673101]]}},{"type":"Feature","properties":{"id":"osm-way-354381042","layer":"roads","category":"road-secondary","name":null,"referenceEra":"modern_reference","source":"OpenStreetMap contributors","license":"ODbL-1.0"},"geometry":{"type":"LineString","coordinates":[[118.356138,24.607731],[118.355677,24.608449],[118.352684,24.611171],[118.350911,24.612302],[118.349206,24.612736],[118.345905,24.612952],[118.343402,24.614075],[118.33984,24.615109],[118.337493,24.615195]]}},{"type":"Feature","properties":{"id":"osm-way-398537048","layer":"roads","category":"road-secondary","name":null,"referenceEra":"modern_reference","source":"OpenStreetMap contributors","license":"ODbL-1.0"},"geometry":{"type":"LineString","coordinates":[[118.152473,24.498303],[118.153025,24.49806],[118.154259,24.49846],[118.154473,24.498782],[118.154355,24.499866],[118.155128,24.500608],[118.15722,24.501194],[118.157434,24.501579],[118.157275,24.502097]]}},{"type":"Feature","properties":{"id":"osm-way-405553534","layer":"roads","category":"road-secondary","name":null,"referenceEra":"modern_reference","source":"OpenStreetMap contributors","license":"ODbL-1.0"},"geometry":{"type":"LineString","coordinates":[[118.42567,24.631243],[118.424904,24.627453],[118.423133,24.62448],[118.422916,24.623272],[118.421579,24.622341],[118.420883,24.620795],[118.420931,24.619056],[118.42069,24.618525],[118.421537,24.618187]]}},{"type":"Feature","properties":{"id":"osm-way-405694217","layer":"roads","category":"road-secondary","name":null,"referenceEra":"modern_reference","source":"OpenStreetMap contributors","license":"ODbL-1.0"},"geometry":{"type":"LineString","coordinates":[[118.485001,24.672888],[118.484279,24.673291],[118.48296,24.674786],[118.481693,24.67577],[118.479066,24.676467],[118.476439,24.674145],[118.475178,24.672007],[118.475082,24.671142],[118.475436,24.670486]]}},{"type":"Feature","properties":{"id":"osm-way-405694685","layer":"roads","category":"road-secondary","name":null,"referenceEra":"modern_reference","source":"OpenStreetMap contributors","license":"ODbL-1.0"},"geometry":{"type":"LineString","coordinates":[[118.546659,24.659332],[118.547621,24.660366],[118.548991,24.660985],[118.550808,24.66293],[118.55134,24.663977],[118.550379,24.66495],[118.548697,24.666081],[118.547215,24.666665],[118.546365,24.66854]]}},{"type":"Feature","properties":{"id":"osm-way-465799489","layer":"roads","category":"road-secondary","name":"新莲路","referenceEra":"modern_reference","source":"OpenStreetMap contributors","license":"ODbL-1.0"},"geometry":{"type":"LineString","coordinates":[[118.290047,24.603731],[118.2867,24.605021],[118.27905,24.610805],[118.272307,24.614229],[118.267168,24.61764],[118.263887,24.618818],[118.262831,24.618755],[118.261368,24.617962],[118.260768,24.618038]]}},{"type":"Feature","properties":{"id":"osm-way-472355094","layer":"roads","category":"road-secondary","name":null,"referenceEra":"modern_reference","source":"OpenStreetMap contributors","license":"ODbL-1.0"},"geometry":{"type":"LineString","coordinates":[[118.179322,24.673056],[118.18646,24.673748],[118.194002,24.674974],[118.201884,24.673182],[118.213131,24.673325],[118.215169,24.673695],[118.221301,24.676433],[118.22256,24.676723],[118.222914,24.676583]]}},{"type":"Feature","properties":{"id":"osm-way-472355122","layer":"roads","category":"road-secondary","name":null,"referenceEra":"modern_reference","source":"OpenStreetMap contributors","license":"ODbL-1.0"},"geometry":{"type":"LineString","coordinates":[[118.518083,24.654627],[118.517858,24.655053],[118.513995,24.657068],[118.50936,24.661904],[118.507591,24.662819],[118.501412,24.667231],[118.499104,24.670321],[118.497194,24.672178],[118.49818,24.673633]]}},{"type":"Feature","properties":{"id":"osm-way-496325041","layer":"roads","category":"road-secondary","name":"高崎北三路","referenceEra":"modern_reference","source":"OpenStreetMap contributors","license":"ODbL-1.0"},"geometry":{"type":"LineString","coordinates":[[118.121096,24.545495],[118.118624,24.545691],[118.117775,24.545493],[118.116632,24.544663],[118.111621,24.544553],[118.111154,24.546539],[118.111244,24.54705],[118.111659,24.547619],[118.112732,24.548156]]}},{"type":"Feature","properties":{"id":"osm-way-510211488","layer":"roads","category":"road-secondary","name":"翔安大道","referenceEra":"modern_reference","source":"OpenStreetMap contributors","license":"ODbL-1.0"},"geometry":{"type":"LineString","coordinates":[[118.234211,24.628753],[118.233559,24.632243],[118.232186,24.637304],[118.227351,24.651452],[118.226551,24.656378],[118.22659,24.660872],[118.227911,24.670784],[118.2304,24.678817],[118.231091,24.682437]]}},{"type":"Feature","properties":{"id":"osm-way-511700208","layer":"roads","category":"road-secondary","name":null,"referenceEra":"modern_reference","source":"OpenStreetMap contributors","license":"ODbL-1.0"},"geometry":{"type":"LineString","coordinates":[[118.227939,24.550346],[118.227841,24.550648],[118.229274,24.553455],[118.229453,24.554643],[118.228228,24.561107],[118.228284,24.562446],[118.228686,24.563534],[118.229511,24.564695],[118.23188,24.566769]]}},{"type":"Feature","properties":{"id":"osm-way-538456089","layer":"roads","category":"road-secondary","name":"同辉路","referenceEra":"modern_reference","source":"OpenStreetMap contributors","license":"ODbL-1.0"},"geometry":{"type":"LineString","coordinates":[[118.12232,24.67594],[118.117727,24.678652],[118.116807,24.679807],[118.113987,24.684857],[118.113661,24.687825],[118.114324,24.691173],[118.115194,24.693503],[118.115494,24.695058],[118.114875,24.7]]}},{"type":"Feature","properties":{"id":"osm-way-538573278","layer":"roads","category":"road-secondary","name":"新垵北路","referenceEra":"modern_reference","source":"OpenStreetMap contributors","license":"ODbL-1.0"},"geometry":{"type":"LineString","coordinates":[[117.999982,24.543691],[118.002994,24.542858],[118.007285,24.542495],[118.007984,24.542263],[118.008422,24.541812],[118.008634,24.540284],[118.00801,24.537394],[118.006929,24.535955],[118.005193,24.535162]]}},{"type":"Feature","properties":{"id":"osm-way-564054965","layer":"roads","category":"road-secondary","name":"孙坂南路","referenceEra":"modern_reference","source":"OpenStreetMap contributors","license":"ODbL-1.0"},"geometry":{"type":"LineString","coordinates":[[118.095037,24.59511],[118.093195,24.60469],[118.092755,24.6053],[118.0864,24.610216],[118.08416,24.613285],[118.083131,24.615923],[118.082583,24.616685],[118.075093,24.621183],[118.070835,24.621881]]}},{"type":"Feature","properties":{"id":"osm-way-589934574","layer":"roads","category":"road-secondary","name":"孙坂南路","referenceEra":"modern_reference","source":"OpenStreetMap contributors","license":"ODbL-1.0"},"geometry":{"type":"LineString","coordinates":[[118.070729,24.621791],[118.07503,24.621112],[118.082087,24.617028],[118.083129,24.615693],[118.084097,24.613215],[118.086113,24.610423],[118.092716,24.605251],[118.093411,24.604],[118.09536,24.593198]]}},{"type":"Feature","properties":{"id":"osm-way-611566719","layer":"roads","category":"road-secondary","name":null,"referenceEra":"modern_reference","source":"OpenStreetMap contributors","license":"ODbL-1.0"},"geometry":{"type":"LineString","coordinates":[[118.014069,24.491559],[118.014759,24.491283],[118.015188,24.490064],[118.015334,24.487755],[118.015109,24.485941],[118.01318,24.479702],[118.012214,24.475585],[118.011398,24.473633],[118.0083,24.468927]]}},{"type":"Feature","properties":{"id":"osm-way-628165109","layer":"roads","category":"road-secondary","name":null,"referenceEra":"modern_reference","source":"OpenStreetMap contributors","license":"ODbL-1.0"},"geometry":{"type":"LineString","coordinates":[[117.970631,24.411581],[117.970734,24.408153],[117.969642,24.408298],[117.963446,24.410433],[117.960954,24.410358],[117.960025,24.41009],[117.957055,24.407598],[117.957048,24.404083],[117.957252,24.403123]]}},{"type":"Feature","properties":{"id":"osm-way-764624137","layer":"roads","category":"road-secondary","name":null,"referenceEra":"modern_reference","source":"OpenStreetMap contributors","license":"ODbL-1.0"},"geometry":{"type":"LineString","coordinates":[[117.981022,24.557259],[117.978246,24.557379],[117.97558,24.556864],[117.974632,24.55693],[117.971765,24.557839],[117.968901,24.557824],[117.967577,24.557226],[117.965542,24.555409],[117.964628,24.554163]]}},{"type":"Feature","properties":{"id":"osm-way-997350859","layer":"roads","category":"road-secondary","name":null,"referenceEra":"modern_reference","source":"OpenStreetMap contributors","license":"ODbL-1.0"},"geometry":{"type":"LineString","coordinates":[[118.065707,24.374715],[118.066583,24.374742],[118.069953,24.373638],[118.071878,24.373756],[118.072786,24.37406],[118.073914,24.374703],[118.075147,24.376085],[118.075567,24.376913],[118.075815,24.378418]]}},{"type":"Feature","properties":{"id":"osm-way-1084917306","layer":"roads","category":"road-secondary","name":null,"referenceEra":"modern_reference","source":"OpenStreetMap contributors","license":"ODbL-1.0"},"geometry":{"type":"LineString","coordinates":[[117.964705,24.554083],[117.965173,24.554837],[117.967678,24.557155],[117.968805,24.557706],[117.971674,24.55775],[117.974029,24.556945],[117.975682,24.556711],[117.978272,24.557284],[117.981021,24.557149]]}},{"type":"Feature","properties":{"id":"osm-way-1084946771","layer":"roads","category":"road-secondary","name":null,"referenceEra":"modern_reference","source":"OpenStreetMap contributors","license":"ODbL-1.0"},"geometry":{"type":"LineString","coordinates":[[117.989758,24.64562],[117.994543,24.648114],[118.001522,24.650399],[118.00667,24.653644],[118.009513,24.654892],[118.012785,24.65555],[118.020744,24.655954],[118.023045,24.656363],[118.024089,24.656864]]}},{"type":"Feature","properties":{"id":"osm-way-1180226214","layer":"roads","category":"road-secondary","name":null,"referenceEra":"modern_reference","source":"OpenStreetMap contributors","license":"ODbL-1.0"},"geometry":{"type":"LineString","coordinates":[[118.28887,24.602392],[118.289281,24.602923],[118.289191,24.603358],[118.288597,24.603718],[118.288105,24.603617],[118.287779,24.603246],[118.287785,24.602771],[118.288122,24.602408],[118.28887,24.602392]]}},{"type":"Feature","properties":{"id":"osm-way-1332602654","layer":"roads","category":"road-secondary","name":null,"referenceEra":"modern_reference","source":"OpenStreetMap contributors","license":"ODbL-1.0"},"geometry":{"type":"LineString","coordinates":[[118.337553,24.615074],[118.339817,24.615006],[118.343283,24.614016],[118.346236,24.612777],[118.349199,24.612637],[118.350875,24.612237],[118.352624,24.611103],[118.355497,24.608458],[118.356065,24.607636]]}},{"type":"Feature","properties":{"id":"osm-way-105811189","layer":"roads","category":"road-secondary","name":"金山路","referenceEra":"modern_reference","source":"OpenStreetMap contributors","license":"ODbL-1.0"},"geometry":{"type":"LineString","coordinates":[[118.321445,24.429336],[118.323267,24.428598],[118.325383,24.425504],[118.325361,24.423662],[118.32557,24.423019],[118.325286,24.421876],[118.326502,24.419956],[118.329244,24.413864]]}},{"type":"Feature","properties":{"id":"osm-way-106281039","layer":"roads","category":"road-secondary","name":"大同路","referenceEra":"modern_reference","source":"OpenStreetMap contributors","license":"ODbL-1.0"},"geometry":{"type":"LineString","coordinates":[[118.068853,24.457498],[118.070948,24.458675],[118.07294,24.459119],[118.073735,24.459553],[118.075863,24.459909],[118.076504,24.460347],[118.078104,24.460684],[118.078828,24.460194]]}},{"type":"Feature","properties":{"id":"osm-way-128680367","layer":"roads","category":"road-secondary","name":"金山路","referenceEra":"modern_reference","source":"OpenStreetMap contributors","license":"ODbL-1.0"},"geometry":{"type":"LineString","coordinates":[[118.165331,24.516118],[118.16769,24.512808],[118.171336,24.506878],[118.172059,24.504411],[118.171853,24.501907],[118.17005,24.496229],[118.170311,24.492436],[118.16968,24.48957]]}},{"type":"Feature","properties":{"id":"osm-way-177299298","layer":"roads","category":"road-secondary","name":null,"referenceEra":"modern_reference","source":"OpenStreetMap contributors","license":"ODbL-1.0"},"geometry":{"type":"LineString","coordinates":[[118.129746,24.613618],[118.128712,24.609883],[118.128482,24.607015],[118.128067,24.605941],[118.127473,24.605255],[118.122465,24.602468],[118.121321,24.600532],[118.121251,24.599193]]}},{"type":"Feature","properties":{"id":"osm-way-203572716","layer":"roads","category":"road-secondary","name":"文兴西路","referenceEra":"modern_reference","source":"OpenStreetMap contributors","license":"ODbL-1.0"},"geometry":{"type":"LineString","coordinates":[[118.147692,24.474715],[118.152017,24.474283],[118.154712,24.472853],[118.155332,24.472912],[118.157106,24.474031],[118.159596,24.473993],[118.161671,24.473476],[118.164316,24.472368]]}},{"type":"Feature","properties":{"id":"osm-way-219408188","layer":"roads","category":"road-secondary","name":null,"referenceEra":"modern_reference","source":"OpenStreetMap contributors","license":"ODbL-1.0"},"geometry":{"type":"LineString","coordinates":[[118.516891,24.678005],[118.512135,24.682332],[118.503641,24.688819],[118.502226,24.689645],[118.495391,24.692231],[118.493507,24.693305],[118.491126,24.695623],[118.488716,24.7]]}},{"type":"Feature","properties":{"id":"osm-way-221463787","layer":"roads","category":"road-secondary","name":"上塘路","referenceEra":"modern_reference","source":"OpenStreetMap contributors","license":"ODbL-1.0"},"geometry":{"type":"LineString","coordinates":[[118.301277,24.655803],[118.300567,24.657438],[118.296447,24.660337],[118.29119,24.663393],[118.287133,24.664321],[118.283739,24.666977],[118.275785,24.66968],[118.270684,24.668884]]}},{"type":"Feature","properties":{"id":"osm-way-260967176","layer":"roads","category":"road-secondary","name":null,"referenceEra":"modern_reference","source":"OpenStreetMap contributors","license":"ODbL-1.0"},"geometry":{"type":"LineString","coordinates":[[118.6,24.609474],[118.595244,24.611304],[118.585438,24.617331],[118.582305,24.620237],[118.580118,24.623792],[118.576211,24.628172],[118.57413,24.632487],[118.568377,24.63593]]}},{"type":"Feature","properties":{"id":"osm-way-276983353","layer":"roads","category":"road-secondary","name":null,"referenceEra":"modern_reference","source":"OpenStreetMap contributors","license":"ODbL-1.0"},"geometry":{"type":"LineString","coordinates":[[118.127395,24.456346],[118.127694,24.455658],[118.128722,24.454803],[118.128892,24.454331],[118.128523,24.453656],[118.129422,24.45336],[118.130207,24.452734],[118.130351,24.451197]]}},{"type":"Feature","properties":{"id":"osm-way-279720887","layer":"roads","category":"road-secondary","name":"前埔南路","referenceEra":"modern_reference","source":"OpenStreetMap contributors","license":"ODbL-1.0"},"geometry":{"type":"LineString","coordinates":[[118.165582,24.475206],[118.163748,24.471612],[118.163334,24.470169],[118.163631,24.463514],[118.163945,24.462521],[118.164593,24.461663],[118.167926,24.459252],[118.168068,24.458657]]}},{"type":"Feature","properties":{"id":"osm-way-281236600","layer":"roads","category":"road-secondary","name":"文兴西路","referenceEra":"modern_reference","source":"OpenStreetMap contributors","license":"ODbL-1.0"},"geometry":{"type":"LineString","coordinates":[[118.164349,24.47243],[118.161692,24.473543],[118.159594,24.474064],[118.15737,24.47416],[118.155308,24.472978],[118.154716,24.472904],[118.15204,24.474363],[118.147688,24.474806]]}},{"type":"Feature","properties":{"id":"osm-way-282841720","layer":"roads","category":"road-secondary","name":"蘭洋路","referenceEra":"modern_reference","source":"OpenStreetMap contributors","license":"ODbL-1.0"},"geometry":{"type":"LineString","coordinates":[[118.385348,24.463044],[118.384626,24.464831],[118.38745,24.470501],[118.387493,24.471757],[118.38796,24.473052],[118.387627,24.474122],[118.387762,24.474953],[118.388728,24.477555]]}},{"type":"Feature","properties":{"id":"osm-way-295862116","layer":"roads","category":"road-secondary","name":null,"referenceEra":"modern_reference","source":"OpenStreetMap contributors","license":"ODbL-1.0"},"geometry":{"type":"LineString","coordinates":[[118.067244,24.646614],[118.063996,24.645688],[118.061513,24.644627],[118.058905,24.643355],[118.056841,24.641815],[118.047932,24.632593],[118.046256,24.629816],[118.046052,24.628414]]}},{"type":"Feature","properties":{"id":"osm-way-318359989","layer":"roads","category":"road-secondary","name":"環島西路一段","referenceEra":"modern_reference","source":"OpenStreetMap contributors","license":"ODbL-1.0"},"geometry":{"type":"LineString","coordinates":[[118.318215,24.404416],[118.317136,24.40628],[118.316304,24.411117],[118.317148,24.412402],[118.317066,24.413571],[118.318528,24.417497],[118.318241,24.418428],[118.316945,24.419405]]}},{"type":"Feature","properties":{"id":"osm-way-330700514","layer":"roads","category":"road-secondary","name":"池王宫路","referenceEra":"modern_reference","source":"OpenStreetMap contributors","license":"ODbL-1.0"},"geometry":{"type":"LineString","coordinates":[[118.251005,24.692548],[118.248295,24.687421],[118.248166,24.685471],[118.249026,24.680897],[118.247824,24.678382],[118.24778,24.676074],[118.245441,24.673714],[118.24344,24.671137]]}},{"type":"Feature","properties":{"id":"osm-way-405553552","layer":"roads","category":"road-secondary","name":"锦东大道","referenceEra":"modern_reference","source":"OpenStreetMap contributors","license":"ODbL-1.0"},"geometry":{"type":"LineString","coordinates":[[118.573848,24.549332],[118.575025,24.548928],[118.575614,24.549469],[118.575996,24.549502],[118.577658,24.548358],[118.580587,24.547314],[118.58204,24.547623],[118.587354,24.550388]]}},{"type":"Feature","properties":{"id":"osm-way-405694218","layer":"roads","category":"road-secondary","name":null,"referenceEra":"modern_reference","source":"OpenStreetMap contributors","license":"ODbL-1.0"},"geometry":{"type":"LineString","coordinates":[[118.488541,24.7],[118.490982,24.695549],[118.493402,24.693207],[118.495322,24.692113],[118.501746,24.689674],[118.503264,24.688843],[118.512029,24.682225],[118.516831,24.677915]]}},{"type":"Feature","properties":{"id":"osm-way-405694689","layer":"roads","category":"road-secondary","name":null,"referenceEra":"modern_reference","source":"OpenStreetMap contributors","license":"ODbL-1.0"},"geometry":{"type":"LineString","coordinates":[[118.582863,24.676485],[118.582966,24.675511],[118.576984,24.675108],[118.573683,24.673781],[118.570912,24.678508],[118.567323,24.683075],[118.565376,24.684164],[118.564201,24.68439]]}},{"type":"Feature","properties":{"id":"osm-way-438588388","layer":"roads","category":"road-secondary","name":"金尚路","referenceEra":"modern_reference","source":"OpenStreetMap contributors","license":"ODbL-1.0"},"geometry":{"type":"LineString","coordinates":[[118.141578,24.494455],[118.143855,24.501615],[118.14449,24.512133],[118.14313,24.520045],[118.142044,24.522077],[118.141118,24.52312],[118.13514,24.527666],[118.129749,24.533993]]}},{"type":"Feature","properties":{"id":"osm-way-465799491","layer":"roads","category":"road-secondary","name":"翔安南路","referenceEra":"modern_reference","source":"OpenStreetMap contributors","license":"ODbL-1.0"},"geometry":{"type":"LineString","coordinates":[[118.27334,24.597063],[118.267281,24.594377],[118.26512,24.593762],[118.262379,24.593393],[118.252556,24.593578],[118.251209,24.593411],[118.247909,24.592602],[118.240057,24.589535]]}},{"type":"Feature","properties":{"id":"osm-way-472084987","layer":"roads","category":"road-secondary","name":null,"referenceEra":"modern_reference","source":"OpenStreetMap contributors","license":"ODbL-1.0"},"geometry":{"type":"LineString","coordinates":[[118.064741,24.510174],[118.063854,24.51189],[118.062804,24.512247],[118.06111,24.513923],[118.05687,24.512993],[118.054634,24.513306],[118.05376,24.512273],[118.051886,24.511241]]}},{"type":"Feature","properties":{"id":"osm-way-472328768","layer":"roads","category":"road-secondary","name":null,"referenceEra":"modern_reference","source":"OpenStreetMap contributors","license":"ODbL-1.0"},"geometry":{"type":"LineString","coordinates":[[118.264207,24.68838],[118.261943,24.6861],[118.261738,24.684883],[118.261825,24.68453],[118.26412,24.683236],[118.267887,24.683087],[118.268482,24.684973],[118.26845,24.686787]]}},{"type":"Feature","properties":{"id":"osm-way-538471649","layer":"roads","category":"road-secondary","name":"滨海西大道","referenceEra":"modern_reference","source":"OpenStreetMap contributors","license":"ODbL-1.0"},"geometry":{"type":"LineString","coordinates":[[118.16447,24.653212],[118.165753,24.654202],[118.16735,24.656284],[118.168259,24.658594],[118.168485,24.660637],[118.1684,24.661825],[118.167508,24.664906],[118.164094,24.674797]]}},{"type":"Feature","properties":{"id":"osm-way-538573312","layer":"roads","category":"road-secondary","name":null,"referenceEra":"modern_reference","source":"OpenStreetMap contributors","license":"ODbL-1.0"},"geometry":{"type":"LineString","coordinates":[[118.0093,24.534388],[118.008981,24.537145],[118.00942,24.538193],[118.010568,24.539082],[118.012555,24.539497],[118.01479,24.539337],[118.023095,24.535965],[118.027811,24.535903]]}},{"type":"Feature","properties":{"id":"osm-way-540939392","layer":"roads","category":"road-secondary","name":"翔安大道","referenceEra":"modern_reference","source":"OpenStreetMap contributors","license":"ODbL-1.0"},"geometry":{"type":"LineString","coordinates":[[118.235692,24.588305],[118.234954,24.587747],[118.235026,24.587282],[118.235616,24.586912],[118.236271,24.587132],[118.236472,24.587542],[118.236347,24.587993],[118.235692,24.588305]]}},{"type":"Feature","properties":{"id":"osm-way-540939423","layer":"roads","category":"road-secondary","name":null,"referenceEra":"modern_reference","source":"OpenStreetMap contributors","license":"ODbL-1.0"},"geometry":{"type":"LineString","coordinates":[[118.237775,24.580532],[118.240578,24.585433],[118.241462,24.586443],[118.242443,24.586947],[118.244739,24.587215],[118.248381,24.586526],[118.249627,24.586594],[118.2597,24.589255]]}},{"type":"Feature","properties":{"id":"osm-way-540977681","layer":"roads","category":"road-secondary","name":null,"referenceEra":"modern_reference","source":"OpenStreetMap contributors","license":"ODbL-1.0"},"geometry":{"type":"LineString","coordinates":[[118.227206,24.569014],[118.229056,24.568803],[118.229989,24.567931],[118.230123,24.567343],[118.229918,24.566808],[118.22831,24.565269],[118.226419,24.562296],[118.225752,24.560239]]}},{"type":"Feature","properties":{"id":"osm-way-606338367","layer":"roads","category":"road-secondary","name":"角蒿路","referenceEra":"modern_reference","source":"OpenStreetMap contributors","license":"ODbL-1.0"},"geometry":{"type":"LineString","coordinates":[[117.963843,24.482267],[117.985413,24.474703],[117.989367,24.473533],[117.996615,24.472078],[118.002251,24.469968],[118.00629,24.468062],[118.006511,24.467323],[118.005321,24.465383]]}},{"type":"Feature","properties":{"id":"osm-way-662502155","layer":"roads","category":"road-secondary","name":null,"referenceEra":"modern_reference","source":"OpenStreetMap contributors","license":"ODbL-1.0"},"geometry":{"type":"LineString","coordinates":[[118.133825,24.653895],[118.135986,24.641925],[118.136097,24.63953],[118.135655,24.636726],[118.134482,24.633602],[118.132566,24.630695],[118.130284,24.628467],[118.12591,24.62512]]}},{"type":"Feature","properties":{"id":"osm-way-685935136","layer":"roads","category":"road-secondary","name":null,"referenceEra":"modern_reference","source":"OpenStreetMap contributors","license":"ODbL-1.0"},"geometry":{"type":"LineString","coordinates":[[118.574346,24.641944],[118.56663,24.646133],[118.566007,24.646952],[118.565079,24.649879],[118.564221,24.65095],[118.560523,24.652157],[118.558014,24.655153],[118.553366,24.656536]]}},{"type":"Feature","properties":{"id":"osm-way-685935140","layer":"roads","category":"road-secondary","name":null,"referenceEra":"modern_reference","source":"OpenStreetMap contributors","license":"ODbL-1.0"},"geometry":{"type":"LineString","coordinates":[[118.553366,24.656536],[118.557935,24.655042],[118.56044,24.652049],[118.564137,24.65084],[118.564931,24.649835],[118.565848,24.64689],[118.566508,24.646023],[118.574234,24.641821]]}},{"type":"Feature","properties":{"id":"osm-way-764884464","layer":"roads","category":"road-secondary","name":null,"referenceEra":"modern_reference","source":"OpenStreetMap contributors","license":"ODbL-1.0"},"geometry":{"type":"LineString","coordinates":[[118.035592,24.4777],[118.031963,24.480901],[118.031857,24.481691],[118.032269,24.482428],[118.035765,24.485916],[118.036992,24.484916],[118.037739,24.483777],[118.039612,24.482201]]}},{"type":"Feature","properties":{"id":"osm-way-933817779","layer":"roads","category":"road-secondary","name":null,"referenceEra":"modern_reference","source":"OpenStreetMap contributors","license":"ODbL-1.0"},"geometry":{"type":"LineString","coordinates":[[118.522759,24.681424],[118.522017,24.681251],[118.521506,24.680696],[118.519873,24.680191],[118.516068,24.677252],[118.514667,24.677131],[118.512577,24.67634],[118.512519,24.675909]]}},{"type":"Feature","properties":{"id":"osm-way-1084917297","layer":"roads","category":"road-secondary","name":"新垵北路","referenceEra":"modern_reference","source":"OpenStreetMap contributors","license":"ODbL-1.0"},"geometry":{"type":"LineString","coordinates":[[118.005193,24.535162],[118.006988,24.535909],[118.008116,24.537379],[118.008793,24.540434],[118.008536,24.541898],[118.007321,24.54262],[118.003035,24.542983],[117.999997,24.543793]]}},{"type":"Feature","properties":{"id":"osm-way-1196986791","layer":"roads","category":"road-secondary","name":"金山路","referenceEra":"modern_reference","source":"OpenStreetMap contributors","license":"ODbL-1.0"},"geometry":{"type":"LineString","coordinates":[[118.319099,24.402561],[118.320039,24.402445],[118.320107,24.403022],[118.320708,24.403363],[118.32144,24.403409],[118.321997,24.403057],[118.322762,24.403337],[118.32399,24.403339]]}},{"type":"Feature","properties":{"id":"osm-way-1227714178","layer":"roads","category":"road-secondary","name":null,"referenceEra":"modern_reference","source":"OpenStreetMap contributors","license":"ODbL-1.0"},"geometry":{"type":"LineString","coordinates":[[117.983902,24.572366],[117.984095,24.5697],[117.984878,24.56905],[117.987584,24.569609],[117.990402,24.569547],[117.992128,24.56912],[117.995406,24.567573],[117.99649,24.569907]]}},{"type":"Feature","properties":{"id":"osm-way-1346097273","layer":"roads","category":"road-secondary","name":"东坪山路","referenceEra":"modern_reference","source":"OpenStreetMap contributors","license":"ODbL-1.0"},"geometry":{"type":"LineString","coordinates":[[118.114366,24.471235],[118.117814,24.468329],[118.1187,24.468041],[118.119569,24.468193],[118.119154,24.468965],[118.118064,24.469483],[118.116096,24.471487],[118.116021,24.473385]]}},{"type":"Feature","properties":{"id":"osm-way-1443391936","layer":"roads","category":"road-secondary","name":null,"referenceEra":"modern_reference","source":"OpenStreetMap contributors","license":"ODbL-1.0"},"geometry":{"type":"LineString","coordinates":[[118.024089,24.656864],[118.020418,24.656283],[118.012103,24.65574],[118.008775,24.65497],[118.006907,24.654146],[118.001476,24.650668],[117.994303,24.648359],[117.992412,24.647457]]}},{"type":"Feature","properties":{"id":"osm-way-1462849769","layer":"roads","category":"road-secondary","name":null,"referenceEra":"modern_reference","source":"OpenStreetMap contributors","license":"ODbL-1.0"},"geometry":{"type":"LineString","coordinates":[[118.215168,24.556813],[118.216219,24.558247],[118.219095,24.564131],[118.220951,24.566475],[118.222248,24.567753],[118.222711,24.567923],[118.222953,24.567556],[118.222198,24.566555]]}},{"type":"Feature","properties":{"id":"osm-way-68757217","layer":"roads","category":"road-secondary","name":null,"referenceEra":"modern_reference","source":"OpenStreetMap contributors","license":"ODbL-1.0"},"geometry":{"type":"LineString","coordinates":[[118.017166,24.526057],[118.00827,24.521476],[118.00448,24.519836],[118.000198,24.517448],[117.995659,24.516457],[117.980969,24.51705],[117.967321,24.519091]]}},{"type":"Feature","properties":{"id":"osm-way-105811282","layer":"roads","category":"road-secondary","name":"環島南路二段","referenceEra":"modern_reference","source":"OpenStreetMap contributors","license":"ODbL-1.0"},"geometry":{"type":"LineString","coordinates":[[118.346286,24.43014],[118.35155,24.428873],[118.354232,24.431255],[118.358567,24.430203],[118.358953,24.430418],[118.359425,24.431341],[118.360584,24.432199]]}},{"type":"Feature","properties":{"id":"osm-way-105811292","layer":"roads","category":"road-secondary","name":"前港路","referenceEra":"modern_reference","source":"OpenStreetMap contributors","license":"ODbL-1.0"},"geometry":{"type":"LineString","coordinates":[[118.4113,24.42976],[118.411897,24.43038],[118.412629,24.430522],[118.412948,24.431117],[118.412937,24.432696],[118.413882,24.432861],[118.415008,24.434683]]}},{"type":"Feature","properties":{"id":"osm-way-105811299","layer":"roads","category":"road-secondary","name":"南山路","referenceEra":"modern_reference","source":"OpenStreetMap contributors","license":"ODbL-1.0"},"geometry":{"type":"LineString","coordinates":[[118.310134,24.484394],[118.311989,24.482386],[118.313043,24.481717],[118.31386,24.480411],[118.313805,24.479852],[118.31261,24.478884],[118.313021,24.478276]]}},{"type":"Feature","properties":{"id":"osm-way-105811318","layer":"roads","category":"road-secondary","name":"西園路","referenceEra":"modern_reference","source":"OpenStreetMap contributors","license":"ODbL-1.0"},"geometry":{"type":"LineString","coordinates":[[118.412702,24.511756],[118.408045,24.511284],[118.404677,24.511777],[118.402445,24.511369],[118.399334,24.51034],[118.398218,24.510361],[118.395621,24.508923]]}},{"type":"Feature","properties":{"id":"osm-way-105811361","layer":"roads","category":"road-secondary","name":"西峰路","referenceEra":"modern_reference","source":"OpenStreetMap contributors","license":"ODbL-1.0"},"geometry":{"type":"LineString","coordinates":[[118.442225,24.430144],[118.443014,24.429361],[118.445728,24.427816],[118.445787,24.427411],[118.446258,24.427025],[118.458086,24.427875],[118.45822,24.428113]]}},{"type":"Feature","properties":{"id":"osm-way-106239648","layer":"roads","category":"road-secondary","name":null,"referenceEra":"modern_reference","source":"OpenStreetMap contributors","license":"ODbL-1.0"},"geometry":{"type":"LineString","coordinates":[[118.247913,24.430159],[118.24743,24.431449],[118.248066,24.433675],[118.248483,24.4341],[118.249218,24.434327],[118.250617,24.43435],[118.253263,24.43706]]}},{"type":"Feature","properties":{"id":"osm-way-106239660","layer":"roads","category":"road-secondary","name":null,"referenceEra":"modern_reference","source":"OpenStreetMap contributors","license":"ODbL-1.0"},"geometry":{"type":"LineString","coordinates":[[118.231507,24.445156],[118.232043,24.444908],[118.232027,24.44359],[118.232447,24.442569],[118.232464,24.442034],[118.231982,24.441731],[118.231778,24.441208]]}},{"type":"Feature","properties":{"id":"osm-way-106239732","layer":"roads","category":"road-secondary","name":null,"referenceEra":"modern_reference","source":"OpenStreetMap contributors","license":"ODbL-1.0"},"geometry":{"type":"LineString","coordinates":[[118.227505,24.416478],[118.227693,24.417043],[118.230339,24.420149],[118.231217,24.422285],[118.23132,24.425796],[118.231727,24.426873],[118.232581,24.427762]]}},{"type":"Feature","properties":{"id":"osm-way-106239805","layer":"roads","category":"road-secondary","name":null,"referenceEra":"modern_reference","source":"OpenStreetMap contributors","license":"ODbL-1.0"},"geometry":{"type":"LineString","coordinates":[[118.25044,24.439946],[118.250541,24.440412],[118.251221,24.440979],[118.251378,24.441775],[118.252657,24.443053],[118.253013,24.443897],[118.25405,24.445128]]}},{"type":"Feature","properties":{"id":"osm-way-106239953","layer":"roads","category":"road-secondary","name":null,"referenceEra":"modern_reference","source":"OpenStreetMap contributors","license":"ODbL-1.0"},"geometry":{"type":"LineString","coordinates":[[118.233265,24.439521],[118.235522,24.44132],[118.238388,24.442477],[118.2413,24.439734],[118.242627,24.438712],[118.243156,24.43872],[118.243425,24.438469]]}},{"type":"Feature","properties":{"id":"osm-way-106239977","layer":"roads","category":"road-secondary","name":null,"referenceEra":"modern_reference","source":"OpenStreetMap contributors","license":"ODbL-1.0"},"geometry":{"type":"LineString","coordinates":[[118.254709,24.433797],[118.254138,24.434682],[118.254573,24.435771],[118.254305,24.436229],[118.251219,24.438512],[118.250096,24.440535],[118.248483,24.441799]]}},{"type":"Feature","properties":{"id":"osm-way-115700297","layer":"roads","category":"road-secondary","name":null,"referenceEra":"modern_reference","source":"OpenStreetMap contributors","license":"ODbL-1.0"},"geometry":{"type":"LineString","coordinates":[[117.995941,24.639412],[117.997036,24.637352],[117.998141,24.63638],[117.998967,24.634906],[118.000795,24.634102],[118.003667,24.632348],[118.006569,24.631098]]}},{"type":"Feature","properties":{"id":"osm-way-127162433","layer":"roads","category":"road-secondary","name":"前埔南路","referenceEra":"modern_reference","source":"OpenStreetMap contributors","license":"ODbL-1.0"},"geometry":{"type":"LineString","coordinates":[[118.166518,24.460312],[118.16469,24.461654],[118.164032,24.462621],[118.163706,24.463709],[118.16345,24.469793],[118.163685,24.471012],[118.164606,24.472933]]}},{"type":"Feature","properties":{"id":"osm-way-127429758","layer":"roads","category":"road-secondary","name":null,"referenceEra":"modern_reference","source":"OpenStreetMap contributors","license":"ODbL-1.0"},"geometry":{"type":"LineString","coordinates":[[118.109598,24.606413],[118.103894,24.597722],[118.100097,24.593006],[118.099199,24.591468],[118.098607,24.591564],[118.095607,24.593193],[118.095037,24.59511]]}},{"type":"Feature","properties":{"id":"osm-way-127429765","layer":"roads","category":"road-secondary","name":null,"referenceEra":"modern_reference","source":"OpenStreetMap contributors","license":"ODbL-1.0"},"geometry":{"type":"LineString","coordinates":[[118.148752,24.545792],[118.146533,24.54846],[118.145504,24.551348],[118.144937,24.551318],[118.144736,24.550923],[118.146004,24.548411],[118.148382,24.54554]]}},{"type":"Feature","properties":{"id":"osm-way-138749562","layer":"roads","category":"road-secondary","name":"鸿江路","referenceEra":"modern_reference","source":"OpenStreetMap contributors","license":"ODbL-1.0"},"geometry":{"type":"LineString","coordinates":[[118.007359,24.31901],[118.006345,24.318455],[118.005144,24.318547],[118.002887,24.315924],[118.000943,24.315088],[117.998326,24.315274],[117.995586,24.316417]]}},{"type":"Feature","properties":{"id":"osm-way-148548571","layer":"roads","category":"road-secondary","name":"石鼓路","referenceEra":"modern_reference","source":"OpenStreetMap contributors","license":"ODbL-1.0"},"geometry":{"type":"LineString","coordinates":[[118.095442,24.584125],[118.095303,24.579754],[118.094239,24.576954],[118.093329,24.571108],[118.092883,24.56985],[118.092363,24.56946],[118.091504,24.568019]]}},{"type":"Feature","properties":{"id":"osm-way-149330715","layer":"roads","category":"road-secondary","name":"马銮路","referenceEra":"modern_reference","source":"OpenStreetMap contributors","license":"ODbL-1.0"},"geometry":{"type":"LineString","coordinates":[[118.024157,24.567854],[118.02388,24.567489],[118.023713,24.564077],[118.025071,24.562503],[118.026644,24.55928],[118.026702,24.557331],[118.026126,24.554045]]}},{"type":"Feature","properties":{"id":"osm-way-150720164","layer":"roads","category":"road-secondary","name":null,"referenceEra":"modern_reference","source":"OpenStreetMap contributors","license":"ODbL-1.0"},"geometry":{"type":"LineString","coordinates":[[118.157728,24.488633],[118.158029,24.489802],[118.158741,24.490917],[118.161139,24.492402],[118.162172,24.493446],[118.162696,24.494455],[118.163182,24.496553]]}},{"type":"Feature","properties":{"id":"osm-way-155913330","layer":"roads","category":"road-secondary","name":null,"referenceEra":"modern_reference","source":"OpenStreetMap contributors","license":"ODbL-1.0"},"geometry":{"type":"LineString","coordinates":[[118.329787,24.56663],[118.329508,24.566201],[118.329631,24.56059],[118.330473,24.557424],[118.32999,24.551359],[118.330332,24.550722],[118.331283,24.550422]]}},{"type":"Feature","properties":{"id":"osm-way-161038685","layer":"roads","category":"road-secondary","name":null,"referenceEra":"modern_reference","source":"OpenStreetMap contributors","license":"ODbL-1.0"},"geometry":{"type":"LineString","coordinates":[[117.981808,24.613214],[117.978417,24.613648],[117.975896,24.614829],[117.971717,24.617389],[117.969249,24.617243],[117.96491,24.617589],[117.962095,24.618517]]}},{"type":"Feature","properties":{"id":"osm-way-174634789","layer":"roads","category":"road-secondary","name":"伯玉路五段","referenceEra":"modern_reference","source":"OpenStreetMap contributors","license":"ODbL-1.0"},"geometry":{"type":"LineString","coordinates":[[118.385239,24.447391],[118.386698,24.447842],[118.387363,24.447112],[118.388135,24.447305],[118.389401,24.449258],[118.389938,24.451125],[118.395789,24.453573]]}},{"type":"Feature","properties":{"id":"osm-way-177299332","layer":"roads","category":"road-secondary","name":null,"referenceEra":"modern_reference","source":"OpenStreetMap contributors","license":"ODbL-1.0"},"geometry":{"type":"LineString","coordinates":[[118.158879,24.649891],[118.154613,24.647373],[118.152333,24.647611],[118.151782,24.648035],[118.148833,24.652736],[118.147109,24.654317],[118.145813,24.655004]]}},{"type":"Feature","properties":{"id":"osm-way-190268810","layer":"roads","category":"road-secondary","name":"翔安大道","referenceEra":"modern_reference","source":"OpenStreetMap contributors","license":"ODbL-1.0"},"geometry":{"type":"LineString","coordinates":[[118.236168,24.588165],[118.236178,24.591051],[118.23575,24.594123],[118.23492,24.606742],[118.235169,24.623166],[118.235049,24.624902],[118.234211,24.628753]]}},{"type":"Feature","properties":{"id":"osm-way-200758998","layer":"roads","category":"road-secondary","name":"翔安西路","referenceEra":"modern_reference","source":"OpenStreetMap contributors","license":"ODbL-1.0"},"geometry":{"type":"LineString","coordinates":[[118.21653,24.639723],[118.2169,24.647763],[118.21419,24.659562],[118.214747,24.676848],[118.216182,24.682419],[118.216082,24.684642],[118.215678,24.686057]]}},{"type":"Feature","properties":{"id":"osm-way-203914245","layer":"roads","category":"road-secondary","name":"理工路","referenceEra":"modern_reference","source":"OpenStreetMap contributors","license":"ODbL-1.0"},"geometry":{"type":"LineString","coordinates":[[118.099144,24.597107],[118.097029,24.609728],[118.089719,24.615305],[118.086634,24.616475],[118.085396,24.617228],[118.077517,24.624769],[118.076777,24.625862]]}},{"type":"Feature","properties":{"id":"osm-way-203914262","layer":"roads","category":"road-secondary","name":"天凤路","referenceEra":"modern_reference","source":"OpenStreetMap contributors","license":"ODbL-1.0"},"geometry":{"type":"LineString","coordinates":[[118.116527,24.590541],[118.115911,24.590239],[118.115482,24.590315],[118.107455,24.595626],[118.102609,24.598416],[118.101417,24.59969],[118.098517,24.616715]]}},{"type":"Feature","properties":{"id":"osm-way-226953852","layer":"roads","category":"road-secondary","name":"北環道","referenceEra":"modern_reference","source":"OpenStreetMap contributors","license":"ODbL-1.0"},"geometry":{"type":"LineString","coordinates":[[118.245115,24.448583],[118.242247,24.448217],[118.238763,24.449146],[118.236711,24.448867],[118.235621,24.449241],[118.233862,24.448708],[118.23177,24.446653]]}},{"type":"Feature","properties":{"id":"osm-way-229974007","layer":"roads","category":"road-secondary","name":null,"referenceEra":"modern_reference","source":"OpenStreetMap contributors","license":"ODbL-1.0"},"geometry":{"type":"LineString","coordinates":[[117.998834,24.624304],[118.000186,24.622753],[118.001146,24.619231],[118.00301,24.615713],[118.007989,24.609782],[118.009051,24.605547],[118.009511,24.604687]]}},{"type":"Feature","properties":{"id":"osm-way-241122720","layer":"roads","category":"road-secondary","name":"成功大道","referenceEra":"modern_reference","source":"OpenStreetMap contributors","license":"ODbL-1.0"},"geometry":{"type":"LineString","coordinates":[[118.003646,24.402044],[118.003533,24.403907],[118.004272,24.404881],[118.014994,24.41086],[118.019223,24.412146],[118.043941,24.409939],[118.052779,24.408411]]}},{"type":"Feature","properties":{"id":"osm-way-258733706","layer":"roads","category":"road-secondary","name":"中埔路","referenceEra":"modern_reference","source":"OpenStreetMap contributors","license":"ODbL-1.0"},"geometry":{"type":"LineString","coordinates":[[118.111433,24.540548],[118.111213,24.540143],[118.110817,24.5401],[118.108843,24.542524],[118.10842,24.544105],[118.107112,24.546917],[118.107675,24.547256]]}},{"type":"Feature","properties":{"id":"osm-way-279720886","layer":"roads","category":"road-secondary","name":"枋湖北二路","referenceEra":"modern_reference","source":"OpenStreetMap contributors","license":"ODbL-1.0"},"geometry":{"type":"LineString","coordinates":[[118.156715,24.527163],[118.144714,24.524035],[118.143699,24.523453],[118.141886,24.52177],[118.13978,24.520887],[118.138628,24.520593],[118.135693,24.520728]]}},{"type":"Feature","properties":{"id":"osm-way-281467948","layer":"roads","category":"road-secondary","name":"安東路","referenceEra":"modern_reference","source":"OpenStreetMap contributors","license":"ODbL-1.0"},"geometry":{"type":"LineString","coordinates":[[118.430089,24.476871],[118.432091,24.477973],[118.433582,24.478266],[118.434859,24.479486],[118.436961,24.478803],[118.438109,24.479467],[118.439118,24.48056]]}},{"type":"Feature","properties":{"id":"osm-way-318367294","layer":"roads","category":"road-secondary","name":"西海路一段","referenceEra":"modern_reference","source":"OpenStreetMap contributors","license":"ODbL-1.0"},"geometry":{"type":"LineString","coordinates":[[118.286454,24.413903],[118.286581,24.413504],[118.290435,24.412522],[118.293898,24.41222],[118.295494,24.412391],[118.297993,24.411967],[118.299858,24.4109]]}},{"type":"Feature","properties":{"id":"osm-way-326732175","layer":"roads","category":"road-secondary","name":null,"referenceEra":"modern_reference","source":"OpenStreetMap contributors","license":"ODbL-1.0"},"geometry":{"type":"LineString","coordinates":[[118.15372,24.546419],[118.153445,24.546438],[118.150069,24.550005],[118.146773,24.552871],[118.14178,24.558616],[118.140265,24.559382],[118.137327,24.559828]]}},{"type":"Feature","properties":{"id":"osm-way-330700515","layer":"roads","category":"road-secondary","name":null,"referenceEra":"modern_reference","source":"OpenStreetMap contributors","license":"ODbL-1.0"},"geometry":{"type":"LineString","coordinates":[[118.399929,24.631434],[118.403266,24.631631],[118.404691,24.631191],[118.4091,24.631498],[118.410742,24.629461],[118.413277,24.628934],[118.413575,24.628679]]}},{"type":"Feature","properties":{"id":"osm-way-343230942","layer":"roads","category":"road-secondary","name":"德明路","referenceEra":"modern_reference","source":"OpenStreetMap contributors","license":"ODbL-1.0"},"geometry":{"type":"LineString","coordinates":[[118.404772,24.497662],[118.405026,24.498389],[118.405777,24.49907],[118.405795,24.499505],[118.404754,24.500519],[118.402992,24.501602],[118.402291,24.501421]]}},{"type":"Feature","properties":{"id":"osm-way-376481646","layer":"roads","category":"road-secondary","name":"四維路","referenceEra":"modern_reference","source":"OpenStreetMap contributors","license":"ODbL-1.0"},"geometry":{"type":"LineString","coordinates":[[118.460359,24.442376],[118.460668,24.442774],[118.461321,24.442988],[118.464291,24.446218],[118.466539,24.447705],[118.468311,24.44767],[118.470372,24.448217]]}},{"type":"Feature","properties":{"id":"osm-way-376486107","layer":"roads","category":"road-secondary","name":"民生路","referenceEra":"modern_reference","source":"OpenStreetMap contributors","license":"ODbL-1.0"},"geometry":{"type":"LineString","coordinates":[[118.318378,24.437145],[118.317262,24.439914],[118.317546,24.440105],[118.316853,24.440709],[118.317016,24.441055],[118.31615,24.442412],[118.319372,24.444914]]}},{"type":"Feature","properties":{"id":"osm-way-376486256","layer":"roads","category":"road-secondary","name":"林湖路","referenceEra":"modern_reference","source":"OpenStreetMap contributors","license":"ODbL-1.0"},"geometry":{"type":"LineString","coordinates":[[118.3286,24.425854],[118.328921,24.425035],[118.330059,24.42473],[118.331651,24.423549],[118.333526,24.421412],[118.334734,24.420625],[118.336,24.420257]]}},{"type":"Feature","properties":{"id":"osm-way-405161932","layer":"roads","category":"road-secondary","name":"海景路","referenceEra":"modern_reference","source":"OpenStreetMap contributors","license":"ODbL-1.0"},"geometry":{"type":"LineString","coordinates":[[117.982979,24.457594],[118.000108,24.453936],[118.001324,24.458549],[118.001846,24.459196],[118.002359,24.460757],[118.003513,24.462621],[118.0068,24.466818]]}},{"type":"Feature","properties":{"id":"osm-way-405166217","layer":"roads","category":"road-secondary","name":"海景路","referenceEra":"modern_reference","source":"OpenStreetMap contributors","license":"ODbL-1.0"},"geometry":{"type":"LineString","coordinates":[[118.006956,24.467243],[118.004677,24.464715],[118.00272,24.46199],[118.001737,24.459298],[118.001,24.458036],[118.000032,24.454027],[117.982979,24.457594]]}},{"type":"Feature","properties":{"id":"osm-way-406441762","layer":"roads","category":"road-secondary","name":"枋湖东路","referenceEra":"modern_reference","source":"OpenStreetMap contributors","license":"ODbL-1.0"},"geometry":{"type":"LineString","coordinates":[[118.148126,24.517885],[118.149306,24.51308],[118.151073,24.51024],[118.151496,24.508668],[118.151435,24.507463],[118.150154,24.504129],[118.14988,24.502314]]}},{"type":"Feature","properties":{"id":"osm-way-472104826","layer":"roads","category":"road-secondary","name":null,"referenceEra":"modern_reference","source":"OpenStreetMap contributors","license":"ODbL-1.0"},"geometry":{"type":"LineString","coordinates":[[118.164813,24.532168],[118.162915,24.534872],[118.162886,24.535488],[118.167422,24.542598],[118.167819,24.542731],[118.170081,24.541818],[118.170399,24.542567]]}},{"type":"Feature","properties":{"id":"osm-way-472328751","layer":"roads","category":"road-secondary","name":"翔安西路","referenceEra":"modern_reference","source":"OpenStreetMap contributors","license":"ODbL-1.0"},"geometry":{"type":"LineString","coordinates":[[118.215678,24.686057],[118.216042,24.682432],[118.214645,24.677082],[118.214003,24.660816],[118.214145,24.658964],[118.216736,24.647882],[118.216363,24.639578]]}},{"type":"Feature","properties":{"id":"osm-way-521133558","layer":"roads","category":"road-secondary","name":null,"referenceEra":"modern_reference","source":"OpenStreetMap contributors","license":"ODbL-1.0"},"geometry":{"type":"LineString","coordinates":[[118.231799,24.566813],[118.229441,24.564722],[118.228152,24.562475],[118.228093,24.561112],[118.229353,24.554333],[118.229038,24.553113],[118.227497,24.550506]]}},{"type":"Feature","properties":{"id":"osm-way-538456108","layer":"roads","category":"road-secondary","name":null,"referenceEra":"modern_reference","source":"OpenStreetMap contributors","license":"ODbL-1.0"},"geometry":{"type":"LineString","coordinates":[[118.105479,24.662042],[118.103907,24.660663],[118.103118,24.659132],[118.101612,24.657948],[118.101134,24.657144],[118.099867,24.656698],[118.098411,24.65518]]}},{"type":"Feature","properties":{"id":"osm-way-538471635","layer":"roads","category":"road-secondary","name":null,"referenceEra":"modern_reference","source":"OpenStreetMap contributors","license":"ODbL-1.0"},"geometry":{"type":"LineString","coordinates":[[118.18011,24.655955],[118.17923,24.659527],[118.178758,24.660157],[118.178109,24.660452],[118.176513,24.660489],[118.175996,24.659764],[118.175258,24.659663]]}},{"type":"Feature","properties":{"id":"osm-way-538471669","layer":"roads","category":"road-secondary","name":null,"referenceEra":"modern_reference","source":"OpenStreetMap contributors","license":"ODbL-1.0"},"geometry":{"type":"LineString","coordinates":[[118.163825,24.638307],[118.164385,24.639211],[118.165028,24.641409],[118.166446,24.643859],[118.168228,24.648507],[118.170667,24.650857],[118.17519,24.657707]]}},{"type":"Feature","properties":{"id":"osm-way-540939387","layer":"roads","category":"road-secondary","name":"翔安南路","referenceEra":"modern_reference","source":"OpenStreetMap contributors","license":"ODbL-1.0"},"geometry":{"type":"LineString","coordinates":[[118.240292,24.589015],[118.248802,24.592413],[118.250528,24.592796],[118.253302,24.592984],[118.264336,24.593086],[118.266908,24.593706],[118.273566,24.596589]]}},{"type":"Feature","properties":{"id":"osm-way-548159144","layer":"roads","category":"road-secondary","name":null,"referenceEra":"modern_reference","source":"OpenStreetMap contributors","license":"ODbL-1.0"},"geometry":{"type":"LineString","coordinates":[[118.563322,24.613696],[118.560805,24.608953],[118.559185,24.607801],[118.557211,24.606992],[118.556219,24.606163],[118.554251,24.600449],[118.554146,24.599179]]}},{"type":"Feature","properties":{"id":"osm-way-548159174","layer":"roads","category":"road-secondary","name":null,"referenceEra":"modern_reference","source":"OpenStreetMap contributors","license":"ODbL-1.0"},"geometry":{"type":"LineString","coordinates":[[118.535067,24.625835],[118.538715,24.625504],[118.541729,24.624685],[118.543789,24.624568],[118.546418,24.623846],[118.547348,24.624482],[118.551376,24.622568]]}},{"type":"Feature","properties":{"id":"osm-way-589934502","layer":"roads","category":"road-secondary","name":null,"referenceEra":"modern_reference","source":"OpenStreetMap contributors","license":"ODbL-1.0"},"geometry":{"type":"LineString","coordinates":[[118.049731,24.600165],[118.051372,24.597454],[118.051479,24.595039],[118.052411,24.593611],[118.053365,24.592963],[118.054533,24.592679],[118.058113,24.592853]]}},{"type":"Feature","properties":{"id":"osm-way-589934527","layer":"roads","category":"road-secondary","name":null,"referenceEra":"modern_reference","source":"OpenStreetMap contributors","license":"ODbL-1.0"},"geometry":{"type":"LineString","coordinates":[[118.058075,24.592916],[118.054549,24.592768],[118.053407,24.593055],[118.052386,24.593759],[118.05158,24.59506],[118.051472,24.59748],[118.04982,24.600211]]}},{"type":"Feature","properties":{"id":"osm-way-606397574","layer":"roads","category":"road-secondary","name":null,"referenceEra":"modern_reference","source":"OpenStreetMap contributors","license":"ODbL-1.0"},"geometry":{"type":"LineString","coordinates":[[118.046283,24.628528],[118.046604,24.630296],[118.048053,24.632533],[118.056672,24.641518],[118.05956,24.64358],[118.064479,24.645699],[118.067299,24.646477]]}},{"type":"Feature","properties":{"id":"osm-way-611566713","layer":"roads","category":"road-secondary","name":"建港路","referenceEra":"modern_reference","source":"OpenStreetMap contributors","license":"ODbL-1.0"},"geometry":{"type":"LineString","coordinates":[[118.01186,24.453611],[118.02361,24.452662],[118.025541,24.452745],[118.029611,24.453644],[118.035642,24.454338],[118.037137,24.454822],[118.038869,24.455929]]}},{"type":"Feature","properties":{"id":"osm-way-611566720","layer":"roads","category":"road-secondary","name":null,"referenceEra":"modern_reference","source":"OpenStreetMap contributors","license":"ODbL-1.0"},"geometry":{"type":"LineString","coordinates":[[118.008547,24.46903],[118.010991,24.472207],[118.012633,24.475912],[118.015658,24.48664],[118.015763,24.489271],[118.015106,24.491853],[118.01545,24.492242]]}},{"type":"Feature","properties":{"id":"osm-way-651879256","layer":"roads","category":"road-secondary","name":"站东二路","referenceEra":"modern_reference","source":"OpenStreetMap contributors","license":"ODbL-1.0"},"geometry":{"type":"LineString","coordinates":[[118.115845,24.473465],[118.114632,24.472323],[118.114065,24.470985],[118.113389,24.470147],[118.11109,24.468414],[118.109344,24.467937],[118.10843,24.467164]]}},{"type":"Feature","properties":{"id":"osm-way-662502146","layer":"roads","category":"road-secondary","name":null,"referenceEra":"modern_reference","source":"OpenStreetMap contributors","license":"ODbL-1.0"},"geometry":{"type":"LineString","coordinates":[[118.12447,24.623262],[118.132501,24.629987],[118.13454,24.632818],[118.136111,24.636626],[118.136534,24.639486],[118.136418,24.642128],[118.134215,24.654252]]}},{"type":"Feature","properties":{"id":"osm-way-702327034","layer":"roads","category":"road-secondary","name":null,"referenceEra":"modern_reference","source":"OpenStreetMap contributors","license":"ODbL-1.0"},"geometry":{"type":"LineString","coordinates":[[118.105389,24.46924],[118.105634,24.468622],[118.106561,24.467986],[118.108208,24.467772],[118.110496,24.468046],[118.113361,24.469948],[118.114514,24.471863]]}},{"type":"Feature","properties":{"id":"osm-way-828294788","layer":"roads","category":"road-secondary","name":null,"referenceEra":"modern_reference","source":"OpenStreetMap contributors","license":"ODbL-1.0"},"geometry":{"type":"LineString","coordinates":[[118.037556,24.619806],[118.037537,24.619467],[118.038115,24.619121],[118.038943,24.619681],[118.039053,24.620018],[118.038606,24.620458],[118.037556,24.619806]]}},{"type":"Feature","properties":{"id":"osm-way-933811055","layer":"roads","category":"road-secondary","name":null,"referenceEra":"modern_reference","source":"OpenStreetMap contributors","license":"ODbL-1.0"},"geometry":{"type":"LineString","coordinates":[[118.023841,24.61954],[118.026718,24.622092],[118.032444,24.623923],[118.037303,24.624488],[118.0394,24.62509],[118.040972,24.624312],[118.042027,24.62418]]}},{"type":"Feature","properties":{"id":"osm-way-933811115","layer":"roads","category":"road-secondary","name":null,"referenceEra":"modern_reference","source":"OpenStreetMap contributors","license":"ODbL-1.0"},"geometry":{"type":"LineString","coordinates":[[118.11928,24.668301],[118.120253,24.668501],[118.121348,24.669488],[118.123984,24.668852],[118.127968,24.67041],[118.127991,24.671043],[118.129653,24.670896]]}},{"type":"Feature","properties":{"id":"osm-way-967938403","layer":"roads","category":"road-secondary","name":"八一路","referenceEra":"modern_reference","source":"OpenStreetMap contributors","license":"ODbL-1.0"},"geometry":{"type":"LineString","coordinates":[[118.301906,24.654524],[118.302834,24.653727],[118.30768,24.651312],[118.308612,24.650256],[118.30923,24.647963],[118.310849,24.646257],[118.311633,24.644921]]}},{"type":"Feature","properties":{"id":"osm-way-1014375475","layer":"roads","category":"road-secondary","name":null,"referenceEra":"modern_reference","source":"OpenStreetMap contributors","license":"ODbL-1.0"},"geometry":{"type":"LineString","coordinates":[[118.397816,24.643163],[118.398063,24.639685],[118.399696,24.634171],[118.399762,24.631346],[118.398881,24.627772],[118.395983,24.622385],[118.395871,24.621605]]}},{"type":"Feature","properties":{"id":"osm-way-1014375476","layer":"roads","category":"road-secondary","name":null,"referenceEra":"modern_reference","source":"OpenStreetMap contributors","license":"ODbL-1.0"},"geometry":{"type":"LineString","coordinates":[[118.396142,24.621655],[118.396732,24.62344],[118.399162,24.628018],[118.399929,24.631434],[118.399713,24.634883],[118.398013,24.641078],[118.398049,24.643271]]}},{"type":"Feature","properties":{"id":"osm-way-1064259896","layer":"roads","category":"road-secondary","name":null,"referenceEra":"modern_reference","source":"OpenStreetMap contributors","license":"ODbL-1.0"},"geometry":{"type":"LineString","coordinates":[[118.252959,24.615086],[118.25287,24.61202],[118.253752,24.609947],[118.253924,24.60999],[118.253043,24.611913],[118.253144,24.615145],[118.252959,24.615086]]}},{"type":"Feature","properties":{"id":"osm-way-1088429564","layer":"roads","category":"road-secondary","name":null,"referenceEra":"modern_reference","source":"OpenStreetMap contributors","license":"ODbL-1.0"},"geometry":{"type":"LineString","coordinates":[[118.100336,24.66348],[118.105533,24.665871],[118.107068,24.666906],[118.108169,24.668263],[118.108971,24.670413],[118.109534,24.671249],[118.111522,24.672237]]}},{"type":"Feature","properties":{"id":"osm-way-1114966458","layer":"roads","category":"road-secondary","name":null,"referenceEra":"modern_reference","source":"OpenStreetMap contributors","license":"ODbL-1.0"},"geometry":{"type":"LineString","coordinates":[[118.374155,24.632188],[118.365776,24.632823],[118.3611,24.634599],[118.355126,24.635856],[118.35026,24.638399],[118.348763,24.639534],[118.344406,24.641721]]}},{"type":"Feature","properties":{"id":"osm-way-1189629483","layer":"roads","category":"road-secondary","name":null,"referenceEra":"modern_reference","source":"OpenStreetMap contributors","license":"ODbL-1.0"},"geometry":{"type":"LineString","coordinates":[[118.355364,24.56061],[118.355389,24.559513],[118.354917,24.55885],[118.337647,24.548936],[118.336778,24.545886],[118.336306,24.545778],[118.335972,24.546014]]}},{"type":"Feature","properties":{"id":"osm-way-1190651565","layer":"roads","category":"road-secondary","name":null,"referenceEra":"modern_reference","source":"OpenStreetMap contributors","license":"ODbL-1.0"},"geometry":{"type":"LineString","coordinates":[[118.296965,24.58338],[118.296112,24.58644],[118.295715,24.591619],[118.294609,24.595515],[118.291491,24.600799],[118.290793,24.6016],[118.289192,24.602686]]}},{"type":"Feature","properties":{"id":"osm-way-1190651566","layer":"roads","category":"road-secondary","name":null,"referenceEra":"modern_reference","source":"OpenStreetMap contributors","license":"ODbL-1.0"},"geometry":{"type":"LineString","coordinates":[[118.28887,24.602392],[118.292013,24.599401],[118.294357,24.595432],[118.295209,24.592774],[118.295549,24.590557],[118.295741,24.585752],[118.29647,24.583424]]}},{"type":"Feature","properties":{"id":"osm-way-1196995999","layer":"roads","category":"road-secondary","name":null,"referenceEra":"modern_reference","source":"OpenStreetMap contributors","license":"ODbL-1.0"},"geometry":{"type":"LineString","coordinates":[[118.028358,24.534902],[118.028028,24.532262],[118.02747,24.531532],[118.026559,24.531033],[118.014379,24.531392],[118.012551,24.530936],[118.00996,24.52954]]}},{"type":"Feature","properties":{"id":"osm-way-1207942781","layer":"roads","category":"road-secondary","name":"成功大道","referenceEra":"modern_reference","source":"OpenStreetMap contributors","license":"ODbL-1.0"},"geometry":{"type":"LineString","coordinates":[[118.052813,24.408561],[118.043822,24.410053],[118.019342,24.412285],[118.014553,24.410764],[118.004159,24.40493],[118.003419,24.403834],[118.003594,24.402032]]}},{"type":"Feature","properties":{"id":"osm-way-1209941373","layer":"roads","category":"road-secondary","name":null,"referenceEra":"modern_reference","source":"OpenStreetMap contributors","license":"ODbL-1.0"},"geometry":{"type":"LineString","coordinates":[[118.508318,24.653406],[118.510036,24.649887],[118.509951,24.648626],[118.507869,24.644124],[118.508009,24.643353],[118.509153,24.641669],[118.509951,24.641034]]}},{"type":"Feature","properties":{"id":"osm-way-1332605369","layer":"roads","category":"road-secondary","name":null,"referenceEra":"modern_reference","source":"OpenStreetMap contributors","license":"ODbL-1.0"},"geometry":{"type":"LineString","coordinates":[[118.347012,24.623448],[118.34572,24.623313],[118.344768,24.623751],[118.343512,24.623844],[118.342573,24.623475],[118.341508,24.622375],[118.340776,24.622133]]}},{"type":"Feature","properties":{"id":"osm-way-1462849763","layer":"roads","category":"road-secondary","name":"翔安大道","referenceEra":"modern_reference","source":"OpenStreetMap contributors","license":"ODbL-1.0"},"geometry":{"type":"LineString","coordinates":[[118.216319,24.555294],[118.220648,24.562731],[118.22157,24.563342],[118.222713,24.563581],[118.22377,24.564515],[118.223832,24.564919],[118.223366,24.565998]]}},{"type":"Feature","properties":{"id":"osm-way-1468596092","layer":"roads","category":"road-secondary","name":null,"referenceEra":"modern_reference","source":"OpenStreetMap contributors","license":"ODbL-1.0"},"geometry":{"type":"LineString","coordinates":[[118.238598,24.59781],[118.238901,24.595215],[118.24074,24.593954],[118.241209,24.593187],[118.241158,24.592376],[118.239861,24.590119],[118.239954,24.589496]]}},{"type":"Feature","properties":{"id":"osm-way-1468596093","layer":"roads","category":"road-secondary","name":null,"referenceEra":"modern_reference","source":"OpenStreetMap contributors","license":"ODbL-1.0"},"geometry":{"type":"LineString","coordinates":[[118.240057,24.589535],[118.240015,24.590204],[118.241217,24.592322],[118.241277,24.593198],[118.24068,24.594117],[118.23894,24.595366],[118.238734,24.598071]]}},{"type":"Feature","properties":{"id":"osm-way-105811228","layer":"roads","category":"road-secondary","name":null,"referenceEra":"modern_reference","source":"OpenStreetMap contributors","license":"ODbL-1.0"},"geometry":{"type":"LineString","coordinates":[[118.430454,24.507219],[118.429689,24.507346],[118.429106,24.506974],[118.426871,24.506386],[118.426063,24.505523],[118.42552,24.504427]]}},{"type":"Feature","properties":{"id":"osm-way-105811251","layer":"roads","category":"road-secondary","name":"金港路","referenceEra":"modern_reference","source":"OpenStreetMap contributors","license":"ODbL-1.0"},"geometry":{"type":"LineString","coordinates":[[118.42681,24.407069],[118.427187,24.408226],[118.428479,24.408029],[118.431984,24.408568],[118.433288,24.409716],[118.433941,24.410759]]}},{"type":"Feature","properties":{"id":"osm-way-105811274","layer":"roads","category":"road-secondary","name":"桃園路","referenceEra":"modern_reference","source":"OpenStreetMap contributors","license":"ODbL-1.0"},"geometry":{"type":"LineString","coordinates":[[118.324539,24.432386],[118.326343,24.432786],[118.329298,24.432807],[118.330887,24.432353],[118.331999,24.431205],[118.338403,24.429986]]}}]}
